ply
format ascii 1.0
element vertex 7703
property float x
property float y
property float z
property uchar red
property uchar green
property uchar blue
end_header
-29.384766584724346 -451.9608024904448 706.431595669963 0 2 15
0.8970514188597454 -466.6503557909383 721.0154577129817 6 22 41
-41.6038014925092 -446.3586642146876 709.1344288931901 0 35 58
-37.55876200584934 -449.0578814169601 713.0484465129082 0 36 57
-11.61349444528756 -458.17100995792106 716.229390764653 3 30 50
26.458490702723537 -474.0814493239922 727.4670346287005 7 33 51
40.042393964454 -480.0552978723409 732.4953871762968 3 35 55
-44.74761949544034 -444.9054225575813 715.0458207483441 0 38 63
-40.26279543096919 -444.86655064954647 711.6933031781949 1 37 61
-32.46653570860308 -449.99201736186546 718.8204907897548 1 37 61
-21.38701434592441 -453.22260100718506 718.6711311763206 5 39 61
-51.84147570609451 -437.57455532671275 708.6407631738508 0 35 63
-49.85287329584862 -437.0883391088343 706.0665348490396 2 38 64
-36.91730147627686 -435.13456274623167 689.3340119265162 0 5 19
-25.175547726205753 -447.6974695784082 714.5031718152587 5 41 65
-4.856667338154576 -455.05378142023983 717.3365234483065 3 39 63
1.2946525735918801 -458.8379557167887 720.5505304059641 8 40 60
7.019110739726293 -459.0963653849532 718.8192648791891 5 39 61
50.11263836734461 -476.4049438625462 728.1058171956666 8 29 48
78.92387495286148 -488.81487478719276 739.4615741275201 3 35 57
100.0156876559792 -493.1109406137717 733.3424533329443 4 31 51
129.22756605644636 -505.91316140112 743.8951112330016 2 34 54
-55.98887332703338 -434.3681350329319 711.0345335288533 3 39 65
-53.38781101611844 -434.99000495617395 710.6530754463014 1 37 63
-48.88564745388813 -438.36834288306125 716.1504081744463 2 38 64
-44.63952928256498 -438.1421094409214 712.2748715124072 4 40 66
-64.56185961303262 -427.67251616299325 707.7206614178381 2 40 65
-58.94869642077993 -429.96127943750565 708.9455061274997 5 41 67
-55.66026590288983 -428.69666319647257 702.624178458803 3 39 65
-49.45840735780621 -434.11533698719387 712.851528043131 4 40 66
-47.14950190282075 -434.4010622133172 711.6751619959921 3 39 65
-38.62882936068282 -437.3620920112393 712.7465064444859 4 42 67
-34.38857602251422 -437.95346977494245 709.9991846435923 5 41 65
-16.29647216835865 -450.2533902615323 729.5205424293797 2 38 64
0.12610148345686517 -450.58128988628476 714.8262751414902 3 39 63
29.848801208152143 -464.9765374033982 731.5839656692588 2 38 62
-65.35568832077654 -426.7368878832808 712.9168963419909 0 41 65
-63.13268097194932 -426.51081629017847 710.9227410126322 1 39 64
-60.984805568919604 -426.76334975880184 709.5435901773534 3 41 66
-54.64656641134095 -429.95230056685716 712.8043148083402 5 41 67
-42.56495002386005 -434.608500088396 716.0673466057629 1 39 64
-38.21759214571643 -434.64788461960734 712.6627107422986 3 41 66
-35.81314069113245 -435.1730799461326 711.9064311191429 2 40 65
-73.42338112536883 -417.8805295531129 702.7398893718535 0 40 67
-71.3024600975245 -417.68237301884943 700.7085743751863 2 40 65
-61.11721497232098 -423.66480111837546 708.2706752473487 4 42 67
-59.04665755378731 -422.9911904077841 705.4925282161183 7 45 70
-51.293177435308124 -425.1696653377946 704.8259322959904 4 42 67
-47.75432651581731 -426.9485288515922 707.1002994463071 4 42 67
-34.553422327541135 -436.6295232912629 722.5468776304069 4 40 66
-15.2459483623038 -439.4435559748617 714.422414050039 2 39 67
-10.456869696021666 -437.3177370417386 704.649061344804 2 38 64
5.906114575367684 -439.5577800689432 696.9345101410274 1 37 63
38.083444023925374 -455.74371583460476 714.6063613038461 1 37 61
86.83965023210632 -472.39616169985356 720.044142890363 1 38 59
-79.84036172899948 -414.00928214394673 705.5989327458157 7 40 67
-70.9921223748419 -417.8989444934217 708.7990494456302 2 40 65
-69.11607542323677 -417.4171907722994 706.0616546914588 3 41 66
-66.36086059250269 -418.58239559380587 706.6938777686456 5 43 68
-58.903259576541664 -423.9489668911481 714.4161826394725 5 43 68
-56.77448106308907 -422.8693343758795 711.0957779695774 5 41 67
-44.695226730188466 -431.13621696573045 723.6574349764518 5 41 67
-58.56382464840373 -404.76240320080143 659.6867479265459 0 6 22
-32.92135661966541 -432.44423443554336 717.6799375659257 9 45 71
-31.532034029219645 -431.5316673530274 713.8435627390515 4 40 66
-34.68785105281326 -424.6461123533511 697.0103511761625 0 38 63
-13.081359933156483 -438.79538430279314 718.9886586896149 6 39 66
-79.83742362559533 -411.6553442000544 705.5105459438812 5 41 67
-76.63301236493486 -413.73466547145443 708.0451906005338 5 41 67
-74.7525459264455 -412.0566271302717 703.5285827049328 5 41 67
-70.5577632813158 -415.0645250456439 708.4956310114796 5 41 67
-68.9662376695398 -414.66796688371295 705.5641168666676 4 40 66
-67.25361727838902 -414.4673681487366 703.065351217504 5 41 67
-64.21185540270974 -415.37852102118256 703.6533169544158 3 41 66
-51.45441699904701 -426.3162633653727 721.030894179636 5 41 67
-48.607333619269724 -422.25514758600485 710.1546745242189 2 38 64
-45.99941940374484 -423.0479287232868 710.0260065949659 4 40 66
-43.7261071410328 -423.9362446645635 709.6523505745075 3 41 66
-34.40372301347485 -427.3560522114534 712.2833682925911 6 42 68
-29.30202545010749 -431.5730733496403 719.5021188608354 6 42 68
-21.323749305925176 -430.7737801686866 710.6952640143782 3 39 65
-14.692807874543057 -433.52251584107927 713.3768864805857 7 40 67
-9.52223900045795 -434.8956840332135 712.608727929868 3 39 65
2.6754665754310962 -439.5086007192753 715.4137338656891 7 45 70
-86.57895746918585 -407.7512087341094 707.9520378372846 10 43 70
-82.47157606469518 -407.28119611946215 703.5640520715566 10 43 70
-73.83581201024252 -413.66743475311216 714.467395650594 6 42 68
-71.5557096761609 -410.85616708619824 704.5710725421494 5 41 67
-68.85815393552397 -411.7318889524907 704.7403118707487 5 41 67
-63.8558207315841 -415.8267012467903 712.1489023985243 8 44 70
-64.26999728495615 -412.0569416278775 702.0950593695271 6 42 68
-59.587339132481 -415.69143245006063 708.4272642815871 5 41 67
-56.83780029088087 -416.7207815232746 708.8297488862584 5 41 67
-52.118206769646896 -420.49180785876143 715.3090177338082 6 42 68
-48.67869676618145 -421.7894619366 716.8173565585881 5 41 67
-48.19031615670145 -419.7006450276294 710.2690017669297 6 42 68
-46.18991962811826 -419.56206845165804 708.1674557182698 5 41 67
-41.9791331325873 -422.6429637678763 712.9987529724234 10 43 70
-37.87155133888605 -422.0418130522796 708.4650917569008 3 39 65
-19.556162816184088 -429.6760455534583 714.2647579965338 3 39 65
13.080791406328304 -441.06050762120447 719.3086957680332 2 38 64
-94.44297799958794 -402.060396321274 706.349347616287 8 41 68
-93.06530938148954 -401.23457178546056 702.4791312373908 10 40 70
-91.41150542609542 -400.1270551015539 698.5058316088295 7 40 67
-84.46334251616548 -404.2931325166792 704.3966405095993 14 47 74
-83.6508681929108 -402.75043987280213 698.848616367178 8 41 68
-80.34256273146697 -403.90130836064526 700.1700372273643 6 42 68
-72.93853107621689 -408.6326046536517 707.2540876193765 8 44 70
-70.38467288911977 -409.6625905352093 707.4899831104595 6 42 68
-70.64616021888129 -406.35456973091215 698.2077974361675 8 44 70
-64.58571566677907 -411.54043109800364 708.4420055079191 10 46 72
-62.2651554441187 -411.7045773436844 707.134377970936 8 44 70
-61.231421438872665 -410.4561266404705 702.354259032504 5 41 67
-58.29008028514906 -411.22185686120736 702.624884091998 5 41 67
-50.81625898623227 -415.84294203694736 709.2898749632674 8 41 68
-45.308815640048955 -421.4082426449039 719.1268176408389 4 37 64
-46.92484136268686 -415.16444594528195 704.4149498958844 3 39 65
-39.39584759131303 -419.61600974258374 710.7394272260314 6 42 68
-37.70415823107459 -419.16255033564323 707.8594171416152 2 38 64
-28.128358140470336 -423.4006229519782 711.8846417490925 3 41 66
-0.8322364105195246 -434.3399198584375 719.1911496892135 0 40 67
5.892917031633369 -437.8812225158508 722.8010657011963 0 41 65
76.76869159632803 -459.9519223510269 726.5878779431698 0 35 61
-101.91494461123519 -403.53801820435865 724.8374567519186 10 45 74
-97.4627333129682 -397.5204608888981 703.5778207140647 10 43 70
-90.73017200818111 -401.3740360380791 708.8369284938459 8 44 70
-88.81747252507698 -400.48916372713205 705.4678626709591 10 43 70
-86.33881940201519 -401.4986421352334 705.6513307147193 13 46 73
-84.19616231023412 -401.41546881909926 703.7871728675464 13 46 73
-77.74074882458538 -404.28429675160766 707.0901504756612 6 42 68
-75.84267255900969 -404.3159846835617 705.1181296602516 8 44 70
-73.07500982632446 -405.2244888140072 705.4365949927408 8 44 70
-68.26218061820573 -409.2233210958444 712.6099924078951 8 41 68
-66.18432199016301 -408.90503799061634 710.3084515830387 13 49 75
-63.87620044087919 -409.2117564890943 709.18831752363 11 47 73
-58.33599398645602 -410.6255239700132 709.152551126356 10 43 70
-54.028787847754465 -411.0931813260433 706.3510157560254 5 41 67
-46.21505457737624 -415.93170510745637 713.6643674413365 5 41 67
-40.29369851509604 -418.0681499694335 714.9536550459372 5 43 68
-33.93692832702554 -420.80902534662926 717.5170680647582 5 41 67
-28.00106200823989 -420.5022044994825 711.2296687386503 4 42 67
-23.884474235434027 -423.25008280691355 715.3743216630179 4 42 67
-19.297345550350773 -423.35328999910763 712.3159033372347 4 39 68
-105.63064684365825 -391.25645607046346 700.4911921705084 8 45 73
-99.8153741457711 -393.9714691214761 703.0676803497267 8 46 71
-97.48010972047857 -394.1612146363327 701.851896561927 9 45 71
-95.6141718854202 -393.49398737812487 698.7743580898756 13 46 73
-91.99347416522828 -395.8117861533398 702.3265239770458 10 43 70
-84.04635879400288 -402.14552924151036 712.7260514798584 10 43 70
-84.19998214432431 -397.8713074307897 701.8529289789125 5 41 67
-76.69658206513137 -402.71159391494473 709.3421601710104 10 43 70
-75.67432127523179 -401.43515408668844 704.4087902958413 8 44 70
-74.32377571201849 -400.23238388016557 699.9901896940713 10 46 72
-70.08020464086644 -402.8444985237701 704.521166773731 14 47 74
-66.94307607806667 -404.7556671357042 706.7189718848938 16 52 78
-62.55357603929918 -404.7659075852614 703.3783856353618 10 43 70
-55.92704184505144 -408.21845050466504 707.5339060936573 10 43 70
-53.47416217775507 -408.8398028390597 707.0257862360237 7 40 67
-38.77321036986578 -417.46149737427254 719.0368818955219 8 44 70
-40.07394018752495 -412.3082800223135 706.2288382978651 6 42 68
-30.654194258970982 -416.7845916780212 710.4955055206028 5 41 67
-19.54937144781864 -421.60840174543677 712.7646083793397 3 41 66
8.443311331048001 -433.50929812861506 726.0473153444638 5 41 67
27.679295984241982 -436.8091598025412 718.0301431164544 1 37 63
-117.94193754833421 -380.9955796754713 690.1354436408664 9 44 73
-106.2756655109825 -390.6683261170095 706.6162507035743 11 46 75
-104.40217618097321 -389.9534962718012 703.4194324186137 8 48 75
-102.15066107796943 -390.4790787623214 702.6432463983738 10 48 73
-100.2450769430016 -390.1641068111122 700.1435105166848 11 47 73
-95.5100347692941 -394.39054658768146 708.0116351181216 8 45 73
-90.64086886269506 -394.87262130026596 705.9278698517544 13 46 73
-84.4958176024808 -397.86296888585366 709.155544067047 8 41 68
-82.50827996278359 -397.46207406888936 706.613791913199 11 46 75
-80.45984526943101 -397.33522949161977 704.5701910592097 10 43 70
-77.74928218496389 -398.2134270435514 704.805018672784 10 43 70
-74.17702922045042 -400.8539560138336 708.6495518760725 8 41 68
-69.35129209092919 -401.01419499341387 706.0101430542887 9 45 71
-62.41015372927531 -404.93615995961085 711.2994170245963 8 44 70
-63.31482430731582 -400.39685553925926 699.471116225349 7 40 67
-52.48531030800623 -407.06013719566585 708.8737566109476 10 43 70
-46.60469660768314 -409.03117411768807 709.9800625027113 10 46 72
-39.49600388256234 -412.82179720801946 714.9763606108405 4 40 66
-37.906116006850276 -411.94194440802397 711.3585419078548 7 40 67
-35.94619853217597 -411.8215474925684 709.225141974408 3 39 65
-29.229373417037568 -415.5214799162929 713.5211407272177 3 39 65
-16.730121046449327 -420.1410025641312 717.087892953984 1 42 66
-5.9710741095227755 -423.2341533101012 716.4889759372568 2 39 67
-113.45270154751313 -382.7382932788273 697.610554204469 8 43 72
-111.641138630885 -382.0602153441213 694.4182556660822 9 46 74
-102.05283120621881 -387.5611482510513 701.7103146586928 7 44 72
-101.1415283764652 -385.4090219338747 695.1644387875234 12 45 72
-99.3379643349514 -384.9431032748389 692.3396850582784 13 46 73
-93.79831130675744 -390.18505426961366 702.7397345837641 14 45 72
-91.63012936858823 -390.5048535461425 701.5321579458167 10 43 70
-89.86512193572015 -389.59395786335733 697.9666716019976 13 46 73
-82.98898841902142 -393.5615744765607 703.5796504834861 10 43 70
-79.37926167204746 -392.53780106198985 697.8013296204731 11 44 71
-72.28326268647992 -394.0166103628579 695.6457287751749 8 44 70
-58.88519920939878 -401.12834656975843 704.7024371329152 7 39 69
-57.28476913068273 -400.41036927663606 701.3113940771428 10 43 70
-54.579808965510686 -401.0835024039901 701.1965685011764 5 41 67
-49.9247538015451 -403.9744483379908 706.4701187679326 12 48 74
-37.89052802908584 -408.7993070326542 710.2016430806823 8 41 68
-35.849888437127994 -408.9461215875882 708.52758646197 7 40 67
-34.258769116149615 -408.48496421237047 705.5121009960691 6 39 66
-29.842750898611992 -411.484918961276 710.4569901006175 11 44 71
-24.68279591503305 -412.48101270424047 709.2913376479617 3 41 66
-13.030880706571823 -416.4849463167099 711.0915073148836 2 39 67
-1.5502329636929109 -419.98753648693884 711.89514257003 4 40 66
12.407623963529298 -424.2264104808505 712.092244277451 4 40 66
17.013878470071383 -427.4516558479385 717.0924478551727 4 40 66
9.587222601436132 -417.29786455611315 692.0257940022351 1 37 63
66.42837533471787 -446.0841880806446 727.0391464257375 4 37 64
70.83037046917335 -444.92976862607895 722.2624853156514 5 41 65
114.1528951954184 -457.2365530476409 720.4443459208265 3 36 61
-117.64915174000544 -382.7916789546496 709.2047312349681 9 45 71
-114.8178176419686 -380.40965946149606 700.099530746487 9 46 74
-109.7957260475937 -384.78573446759384 708.8350340645926 5 42 70
-109.44604774166723 -381.80236028333167 700.1703170062643 7 47 74
-106.71300849853225 -383.3032012386496 701.5435757751605 5 45 72
-86.66349814749631 -403.87858618183293 744.7016489107211 6 48 74
-93.61836454781297 -389.6437718390459 709.8828336797977 7 44 72
-89.37377054985875 -390.44122706222 707.5560778831843 8 43 72
-87.62610226090382 -389.35712140429166 703.6767139041893 12 45 72
-82.26476573325527 -391.149566602523 704.1957588995248 14 45 72
-71.26681993818099 -394.795860732003 705.5386731556437 8 45 73
-65.79049491911874 -399.61878462897494 714.8015750804263 8 45 73
-60.31053449892656 -398.29281942556713 706.4676799706386 5 45 72
-52.82669683072731 -402.67411200103044 712.9860244061974 5 45 72
-41.32220092475816 -403.8665678331713 706.7935619952453 8 41 68
-37.605940077505146 -405.795406740966 709.5431022845621 10 43 70
-32.70387321134752 -409.54891298662784 716.1403231767927 10 43 70
-29.000799642804164 -411.51091005817955 718.8477966567905 6 42 68
-28.539003684478242 -409.45210239243374 712.3186480627205 4 40 66
-135.1120992688 -370.1839438794297 696.8394569402983 14 47 74
-125.69831127838208 -373.4513869263649 696.4943556378494 12 45 72
-119.80249158397127 -376.67662788274225 700.3026261776745 10 46 72
-114.52911657699892 -376.95160493408497 698.4525535490084 6 46 75
-111.65892053225198 -378.95583657270305 700.846523401893 6 46 73
-109.49052383976891 -379.1131107251126 699.4008683870479 6 46 73
-107.1796402259299 -379.7023168381512 698.8216994004239 7 47 74
-101.26486731545366 -382.1350267971116 701.1613721345772 11 49 74
-98.68470236463602 -382.8118545925676 701.0135913157109 9 45 71
-89.43964034991299 -393.84117624758983 724.9373652235818 7 44 72
-93.79357769033143 -383.38049664415377 699.1639676133939 4 41 71
-90.3366903114332 -385.38737499573955 702.1002443338775 6 41 70
-87.876212700438 -385.99236374550446 701.6749965034957 14 47 74
-85.27686879055541 -387.5555087084447 702.8742935293088 11 43 73
-83.30001311802334 -386.5931364448651 699.4811445763456 11 44 71
-79.81752588631456 -388.9745058804833 702.9368282583592 11 44 71
-76.83990178849135 -390.0112005477586 703.7438799678321 4 40 66
-71.26880228346133 -391.26935557113694 703.6652019084286 6 46 73
-68.15178740726583 -392.7650880031691 705.2838435624461 7 47 74
-66.32104010807237 -392.728690226259 703.1204972019594 6 46 73
-57.92608341348655 -395.7939025263585 704.6687247882204 7 47 74
-54.82680437814321 -396.86844563308455 705.594578599737 5 42 70
-45.93986380287729 -400.3385746762886 708.1534268933455 11 44 71
-43.59346050889742 -400.5458055784189 706.932829135574 11 44 71
-42.35135114962 -399.8334367518953 703.1394005167571 8 41 68
-32.014623081919616 -404.80171104515904 709.3110746246167 6 42 68
-21.015302847917855 -407.8991230576315 709.2896973486767 9 45 71
-8.078046996486854 -413.3124871658362 714.4199693040423 8 44 70
2.4239807235228072 -423.63313584757424 735.6611272642668 3 41 66
-133.7827036674702 -370.09252711562493 702.0842985492734 10 46 72
-126.463380757699 -372.6196164840448 702.2114530763841 11 44 71
-125.70528416083896 -369.6768500934219 693.8936865805066 6 46 73
-122.83902834968181 -371.5943999536187 696.2435917575856 7 44 72
-115.08972622246141 -377.14313122438784 706.0578164008837 10 47 75
-113.44948674461648 -375.74389510502266 701.4166851778307 6 48 74
-111.22338378178036 -376.4583340850389 700.9456176191916 6 46 75
-109.51562023983274 -376.2231230419108 698.3188299425075 7 47 74
-105.25667045205574 -379.3020531178845 704.0539586191622 9 49 76
-104.01067282647087 -377.35929204046806 698.143369965162 6 46 73
-101.42135642733764 -378.4131666074399 698.6279712979392 7 44 72
-93.55223002872344 -383.83602573367085 707.9547302209066 7 44 72
-92.01250644449202 -382.8104451866778 703.8846189004536 8 45 75
-89.57609291687321 -383.60761456767364 703.7280286688213 4 41 71
-87.55660879572007 -383.58481110977885 701.8071110937104 10 43 70
-83.78239430898132 -386.26963139316183 706.1214993674682 16 47 74
-79.60054269620663 -385.75533255430446 701.7316350624468 8 45 73
-76.15702743970488 -388.010273054725 704.9328440611548 8 45 73
-72.10387300178199 -390.2833342062002 708.854316954398 3 43 70
-69.8029655493671 -390.050981087858 706.9459880203887 5 45 72
-66.02871415911581 -390.24603784543194 703.1311155781547 1 43 69
-61.19586023169264 -393.6984366890372 709.6192691316562 5 45 72
-57.37869597332214 -392.88486080291773 704.3872521739195 11 47 73
-53.81050002694055 -395.2424022096407 707.7067531905428 10 45 74
-49.571347118689516 -397.95333236879134 712.2929702595782 11 47 73
-45.614365574167905 -397.59008179425206 707.8658390873899 12 45 72
-43.42346169456078 -397.6804980852078 706.2991958180081 11 44 71
-39.94049975810659 -399.3275808907215 708.425081806373 10 43 70
-35.74110406681335 -399.30928921715406 704.8033032846271 5 41 67
-31.443201998979355 -402.21685715565656 709.5646495112985 5 41 67
-26.76764060342656 -405.27143693524306 714.9291079553442 6 42 68
-24.174141464412884 -403.4991639265222 707.0212178626225 6 42 68
-20.113305686337775 -405.79068462865536 710.5763596694179 4 42 67
-16.461784337715397 -407.8617755622155 713.3213368037264 4 42 67
-134.1530724313517 -366.71390844267785 699.684590744683 13 49 75
-132.34446554681793 -366.55851481085824 697.290618783274 12 45 72
-131.07350241603342 -365.0382585305799 691.9430270770762 10 46 72
-126.76022337595967 -368.8092341130413 699.1986945390353 9 45 71
-130.15241338295732 -360.4307887795974 676.8048620088816 9 44 73
-123.71886769887645 -367.23972922905085 691.6432899982032 9 49 76
-120.25265811617531 -368.61170863475854 693.7953358338108 3 43 72
-116.34836712885351 -371.4364632165911 698.8499731860586 6 48 76
-110.68837058664711 -370.90251914794766 691.9164464822549 10 47 75
-99.66840142637895 -378.07772320988425 703.7432053948135 7 47 74
-98.60681786630455 -376.1032819371305 697.5902005107405 5 42 72
-94.51613282879426 -379.1050840297099 702.9159663954554 7 44 74
-89.8937741855873 -380.04228119954104 701.3038410355297 9 44 73
-87.94381604446393 -379.3442122935091 698.2698355837821 10 47 75
-79.44947487279485 -383.04241050397866 701.2036722955255 7 44 72
-77.77546820935945 -381.82781344115295 697.0936458703114 5 45 72
-73.3729880364784 -385.024484136539 702.8616740693549 2 42 69
-67.29941729915797 -388.2927450034167 706.3568319955252 5 45 72
-66.9091915176729 -385.62913157493097 698.6106651141477 5 45 74
-56.52175709526779 -391.03500167434277 705.9929457306441 7 45 70
-48.34651017852306 -393.5143879916139 706.3673909555131 11 44 71
-45.598840052040565 -394.69765479615296 707.0003674038536 12 45 72
-44.23744769995521 -393.5416482426478 702.7106494636874 11 44 71
-35.29530984661392 -397.0016314061462 705.2662842876819 6 42 68
-28.205443172721967 -400.306393221104 709.5961541886996 5 43 68
-24.87944364978125 -401.9140761572479 711.4031178173103 5 43 68
-23.020071619172988 -401.80532479883595 709.1557671231611 3 41 66
-19.41329726792661 -403.6730155390043 711.6137351021933 7 45 70
10.306562519490447 -411.48893162848924 709.4901358628803 3 38 67
104.04410328957574 -444.83534936651716 727.1392988507685 2 38 64
-140.78828660669214 -370.06408264955974 723.2728160652306 7 47 78
-139.25962069646587 -362.044687717489 697.9477192061395 12 44 74
-136.991258476808 -362.34490122848564 696.8888375174583 12 45 72
-126.96128567630457 -368.41924808259307 706.3991032732831 8 45 73
-124.25321696367733 -369.4271550588734 707.0219754686609 11 48 78
-119.21696137932554 -370.7779821636762 706.6632916117928 7 47 74
-118.15809866283466 -368.5032870776659 699.8207992710092 4 49 74
-116.06458377161186 -369.06012422260926 698.9502608509625 4 46 72
-113.00241898487775 -370.74124968627257 701.0871909952596 5 47 73
-108.70822302494524 -374.1458141193258 707.492114861239 3 48 73
-106.38728374664919 -373.93033727804215 705.5948372194774 6 46 73
-101.88052864139861 -377.71073022724477 712.7785700451027 7 47 74
-99.76393213617219 -377.7083440188286 710.9620144866319 7 47 74
-97.49786348829467 -377.8403156817668 709.5474740342252 7 47 74
-96.81682936279616 -375.17833665319466 701.8152802980334 10 47 75
-94.38069334832569 -376.28490294052415 702.1695854064216 10 45 74
-88.00455954648997 -379.7534849057878 706.6062105942464 10 45 74
-84.76464390703535 -380.50035684464706 707.3326632384525 8 50 76
-75.26596071919371 -382.0202392646257 703.7689807626043 10 47 75
-65.46772254782155 -387.4193740316564 710.5996530143021 7 44 72
-62.53556307679864 -387.86577225878375 710.4469562804537 7 47 74
-55.47013506144235 -394.42913228886744 724.1771588160082 10 47 75
-54.425294210245646 -390.71356080311887 711.2969788230554 8 46 71
-52.47775829084684 -389.95977956990714 708.2254035582519 10 46 72
-51.515091930085205 -388.91720273094626 703.565774761446 5 41 67
-47.98990183164527 -390.80532419249084 706.157901951927 13 46 73
-43.666402360458555 -393.66122479227295 711.039765696104 6 41 70
-41.04016902858858 -393.9738952355146 710.2972545315982 10 46 72
-42.61087118108886 -390.59767833483994 699.3882651369356 10 43 70
-34.58782887525844 -394.61776951754814 705.9421600165857 5 43 68
-28.18067546167774 -397.206690731029 708.5019628060179 4 42 67
-21.084225132043283 -400.89703353619586 713.2843948562498 1 42 66
1.6556985718020647 -407.8461649181227 714.7713792799494 8 43 72
54.8249813485769 -425.50541294387483 720.8118760807168 4 42 67
-144.51432189096283 -357.01972575067816 695.3169634387527 13 45 75
-141.63157637891936 -358.6618224129459 697.3756813384063 13 45 75
-139.1044745306831 -359.3699089256625 697.3447599423698 12 45 72
-137.77099627374056 -358.6036398881804 693.3125262933077 9 44 73
-135.1373459823262 -358.92747255543037 692.7433752127193 10 46 72
-131.5332678982054 -361.1917031854667 696.6823707646824 9 46 76
-128.33998449186106 -363.0411417782709 699.3816588652435 9 49 78
-125.49042365788655 -364.7281082854086 701.3635454660753 9 46 76
-126.10027679487477 -359.91338113407295 688.1771988021286 3 43 70
-116.98299262931806 -364.91757589263176 694.670346740493 6 48 74
-114.48354393433067 -365.1265880135762 693.7314915673868 6 48 74
-110.18110105552726 -368.3114037975381 699.8430051871933 6 46 73
-106.6329036462958 -370.4708333376141 703.3205072489371 7 47 74
-105.47807238137146 -369.4092655769559 698.6642532015948 6 46 73
-102.42524649353328 -370.13984525791403 699.2166956971811 6 46 75
-98.95515246277931 -372.34717120388024 702.6158333436738 7 47 76
-97.02033352129628 -372.26502202147543 700.4927761193466 11 48 76
-94.54564964097143 -372.82729450006525 700.0490292231947 11 48 76
-92.61072517284745 -372.5591524860786 697.6492822433486 8 45 73
-88.74354297030801 -374.69761477528766 701.3505696402528 4 46 72
-86.16143947253468 -375.75395812727066 701.7788890032185 5 47 73
-83.05110660683891 -377.92329555911334 704.5425079301984 7 47 74
-80.75256436158233 -377.0768261229091 701.7038512904344 4 46 72
-77.46071470853413 -378.92215151078284 704.1596824224748 5 47 73
-74.66378034019765 -380.0329398550238 704.882154984968 11 48 76
-72.9851571129968 -379.8218451884546 702.2548204183663 9 46 74
-71.05335247845275 -379.1664749727476 699.2952169829583 7 45 70
-63.165113765266895 -384.18494233626103 707.5936434084851 2 42 69
-58.98941719997382 -387.63012271789154 713.3212186581037 7 47 74
-58.19245656940179 -384.9413612401137 706.0269054762305 13 46 73
-55.68141759034005 -385.81420514465975 705.97875473747 12 48 74
-52.43497956489749 -387.0836825213045 707.3886625499149 12 44 74
-51.35100398745801 -386.57044862028584 703.615910021737 8 44 70
-49.0328723034947 -386.19877214145407 701.5732965058413 6 42 68
-44.87652404134447 -388.888568340016 706.0555297190066 10 46 72
-40.95213948160849 -391.24078006419325 709.7437709247216 9 45 71
-39.90154615265477 -390.34743490372995 705.4204283803915 9 45 71
-30.365483724262596 -393.87057530292407 708.7561757723656 1 41 68
-28.172172990296737 -394.1290533515834 707.4092325469342 2 43 67
-26.6306718733906 -393.2432285224867 703.750258494761 5 46 70
-18.159372255694898 -398.42791723056524 712.1934850476639 5 45 72
-14.394354366556891 -401.1078159225946 715.893899569483 5 46 70
-5.953749020411918 -401.1613342894842 708.7140581829552 8 44 70
18.137698527607387 -409.31371222749146 713.0742000135152 6 39 66
31.85781887534246 -415.5288835017913 719.5056667739135 3 39 65
-153.1057355717607 -351.63572979434065 696.5243334902489 8 48 79
-144.9868736200496 -356.9027219966464 702.8163777946472 8 48 79
-143.6219860963025 -355.40895915491893 697.4659000218362 13 48 79
-141.23959903009606 -356.1725178737662 697.3706923676402 14 46 76
-138.7556622095042 -356.8366090150928 697.2143243912136 11 47 73
-135.09549732547845 -359.3143562583888 701.636784152082 8 45 73
-130.649720309613 -359.34336233834847 698.390510789627 4 41 71
-128.2651168909366 -359.7358143419659 697.6229029019104 11 48 76
-123.74203573906537 -363.8443367096412 705.7684241138458 11 48 76
-128.31968163706617 -353.44043228660786 678.2654019683238 2 44 72
-119.38054803696029 -363.7712835427809 702.2230351536037 5 47 73
-117.77163483757609 -363.4570048154183 699.3029712539014 4 49 74
-114.59093090373355 -365.51655622135365 702.2468708219695 4 49 74
-109.50088043562205 -366.114484101225 700.721799621693 8 45 73
-106.76799476252125 -367.1023191397022 701.3114126232247 7 47 74
-102.50109754609815 -370.26266779543334 707.2720808041659 9 49 78
-101.47375728132762 -368.7888008648733 701.7816850210614 7 47 76
-99.23659742037422 -368.9342746206961 700.3904606080163 10 50 79
-96.3012676606119 -370.10721724160146 701.4857837519295 6 48 74
-91.74068151688371 -374.4966248958852 709.6136566310356 10 50 79
-87.84668184601178 -373.0217021626183 703.3116246457241 7 47 74
-79.87673513391852 -374.94263632780843 702.9331870650406 0 42 68
-76.84102831272025 -376.79153345391455 705.0816721448649 10 50 77
-74.67831575094989 -377.02725668670337 703.7121847790177 9 49 76
-72.17338817596702 -377.92827435931565 703.75799524507 9 49 76
-65.98470689276114 -380.01961863119965 705.7026265651609 3 43 70
-63.61020707972074 -380.4216797509176 704.8279634478104 8 44 70
-59.021580122246846 -383.67200130335533 710.812488528608 10 43 70
-55.03561882186913 -383.44211389539015 706.5881212946389 11 43 73
-52.380667095794315 -383.97438671348414 706.2280472332229 10 45 74
-48.94461006702607 -386.3582019866491 709.4367401751543 9 45 71
-44.31851906050373 -386.282467103229 706.2378732579494 10 45 74
-41.22176887722011 -387.4301520535539 707.2555032689714 9 46 74
-37.378961882304736 -389.7878792614138 710.837669359882 7 44 72
-32.406199472141395 -390.70994414274077 709.4131191298019 0 42 68
-30.02399670165921 -391.18457717670907 708.5884767570931 0 42 68
-27.158322749626578 -392.4139712734727 709.3661322229344 2 44 70
-21.483558074938543 -393.8099202667085 709.4069438141006 5 45 72
-14.339780254487223 -397.39749821470247 714.0780996538263 1 41 68
-3.4440262353001017 -400.612005886387 713.9398196980335 8 43 72
15.83749306082368 -405.8153378663593 713.1701838026222 10 43 70
18.854153929347017 -406.8592503288431 713.7149359482987 4 40 66
43.24125708112933 -415.8350061387442 718.6808442022485 6 42 68
-156.3929953101459 -348.14531864705856 694.5369111919704 7 46 80
-152.00887633380617 -348.81309569322764 692.421874235273 7 47 78
-149.5349157054882 -349.18229047586635 691.7691976920288 9 46 78
-145.6447721976499 -352.22402860732285 697.6231967088562 9 46 76
-143.97343218498438 -351.8394193721134 694.6303515750888 12 49 79
-140.13138833731432 -351.1476608517577 689.4332889775856 7 44 74
-133.1441896891755 -358.7635144941559 706.9367473358265 11 48 78
-130.7010404945709 -356.4073130500038 697.0908886616627 8 45 75
-125.42667296682518 -358.16853897809443 697.8466286971326 14 51 79
-122.7371896896341 -358.9349592254563 698.0809039296685 9 49 76
-119.30948057660171 -358.5011922246861 692.8490105500567 3 48 73
-119.29608294911596 -355.15036947996003 682.963004370747 2 47 72
-112.6522401295476 -361.4578625437847 697.223473634023 8 48 75
-109.55673638710375 -362.9392227782864 699.0965355657211 5 45 74
-108.3694605993463 -361.1766942148441 693.3266931080445 6 46 75
-104.08269593076268 -364.5948881762261 699.7837311254555 7 47 74
-101.46349590129176 -365.5511398210867 700.1727567167442 7 47 74
-98.01993971025222 -367.7909531381595 703.6139392659373 4 46 72
-98.0379142133735 -364.47666438088606 693.9506968333806 6 48 74
-90.41492754668337 -373.011223736251 712.4399012242133 7 47 74
-92.78838757740786 -366.7415834302863 695.2732107478776 6 46 73
-89.23877771462622 -368.0480513061592 697.3317251854891 8 48 75
-79.42425658882053 -372.8816960676195 703.7485369542128 5 47 75
-75.76100484709866 -372.0440612635396 698.2443669418486 6 46 73
-76.88412479333198 -368.0477813461554 686.5163234878487 7 47 74
-69.08763981317544 -375.583383333036 703.0147523197938 9 46 74
-67.91846687891884 -374.3209406841146 698.2132296358916 11 43 73
-60.45934496514893 -378.6043133282271 704.9377654895487 12 45 72
-57.80735608195699 -379.352267767818 704.9031894461165 10 45 74
-55.50325215131139 -380.0626327478095 704.3736358251258 6 42 68
-54.26943252866808 -379.0543576249762 700.0696547452538 11 47 73
-47.625635451550835 -381.68423660431637 703.2436403220576 8 43 72
-49.197652920281065 -372.4501307514273 675.4539205860714 7 45 70
-35.77235895618521 -386.01634146611684 706.3278895919565 1 43 69
-32.78739754449751 -385.3975873932782 700.3966768593069 1 41 68
-30.428201104295724 -385.1349814393601 698.5901875484471 6 48 74
-12.42294223330807 -394.05110626634007 710.6132940968205 5 40 69
-7.309972421063005 -397.87358404723443 717.4206518028556 5 40 69
-7.005593933733389 -395.7756150208635 710.6898710445763 4 39 68
2.8610255720367292 -405.54025780172117 730.8073960758558 5 40 69
13.040198195161608 -402.09752094619756 712.3766650932305 7 40 67
12.40853775075762 -398.93167760198975 703.388305706784 8 44 70
16.342806522508674 -398.69238695108845 699.2167339571831 5 41 67
37.88809068487443 -408.64937713326293 710.9645925854571 1 37 63
93.03068871415917 -429.7227283473724 725.6514012870119 1 39 64
91.91340448727384 -425.90557646895275 716.091820171144 3 39 65
-157.56137063206407 -346.7273572814095 698.9232246426707 6 46 77
-153.3952878456499 -346.0550666977449 694.0574944422898 3 43 74
-147.82747721127078 -348.6917722309908 696.9431917375414 12 49 79
-145.63249634778543 -349.28194685719825 696.3305881024819 11 48 78
-143.51939851362891 -349.4962818778366 694.9427520085582 9 46 76
-136.67096835421702 -353.5248850298382 701.7313409234893 9 46 76
-135.0648569639026 -352.89404800683843 698.2156931479058 12 49 79
-128.91204212625746 -358.4532190377856 711.0740149799248 7 44 72
-128.0647408325891 -356.870259451596 704.9570869049204 11 48 76
-126.3425220469484 -356.2045859707314 701.535489983303 9 46 74
-124.80186080879767 -355.8567599863677 698.450442011805 10 47 75
-117.98408581538332 -359.78320789987816 704.7237643394225 9 46 74
-116.5377783986448 -358.3621161002855 699.7311557855118 8 48 75
-113.8303492743418 -359.60683473116956 700.7582835442741 9 49 76
-111.46119819651292 -359.26186239647336 698.7381930825844 5 47 75
-107.92549316581061 -361.5582860218635 702.4973338131933 7 49 75
-106.00783235004117 -361.47141292281344 700.3305416858869 8 50 78
-96.24232897647998 -367.0964551179685 708.2694266642718 8 48 75
-94.12061369874836 -366.7325065033793 705.9015335109277 8 48 75
-91.32782841317824 -367.82576137989196 706.6747370062257 10 50 79
-89.01743917545797 -367.1346374549298 704.0592956065826 10 47 75
-83.61955984781682 -372.31681990858 714.410517368295 12 49 77
-83.26689793748487 -369.62367764009207 706.2402180488352 9 49 76
-74.70074203513533 -373.29621791945584 709.2180957277035 8 48 75
-73.68845984647535 -371.5629457725519 703.4419657642527 8 48 75
-68.60412808146386 -373.0561698540993 703.1750687681164 12 47 76
-63.522315849699055 -376.95414727329796 710.8419010212128 9 46 74
-62.84780286904385 -374.78853293488726 704.0770308918267 4 41 69
-59.66224466245269 -376.3921852809398 705.9638105275683 5 42 70
-57.63718244123231 -376.35252262927 704.0102802149548 10 45 74
-53.68732011655192 -378.87260488694164 708.1333953758931 10 45 74
-51.14157885474331 -379.21617502514914 707.3702278394934 8 45 73
-28.182931559763432 -386.95656008278286 711.2289033397592 3 43 70
-172.00425992643133 -338.34347569672326 695.8263663545933 10 47 79
-164.11794203602545 -339.3315213001459 689.9478201526134 9 44 77
-160.9537411381971 -341.08960671497954 692.7619616299536 9 46 78
-153.78942521009176 -342.4981014292122 691.0935709446978 6 46 77
-147.18902925117453 -346.78537172543474 698.2760395050923 8 48 79
-145.6852224100269 -345.98455940551275 694.305088192708 9 46 76
-144.29003821386306 -344.8793089603746 689.6812461933056 9 46 76
-140.1839089417974 -347.9827879959996 695.9073699907835 13 48 79
-137.66227013025085 -348.8687078459147 696.2064263572702 11 48 78
-131.9445579850602 -350.59792459791987 697.5402634989382 10 47 75
-129.86463302908118 -350.98409357573195 696.3938333587204 10 47 75
-119.61667477455613 -353.97361658749776 696.6531260911607 10 50 77
-112.06545703417149 -355.5893342097889 695.5724825178592 6 48 76
-108.28566932251094 -358.41706491457523 700.5340564969173 6 48 76
-105.17068139922615 -359.7103699749957 702.119851596696 8 50 78
-103.95231671303941 -358.94297437652426 697.9717481773502 9 49 76
-102.19071054468927 -358.1308707105279 694.4635830553724 7 49 75
-95.24173642227629 -362.11706403330703 700.709317624819 10 50 79
-89.26529473745872 -368.4523967677913 713.7585286724578 7 49 77
-90.33013828098133 -362.5300281884887 698.6862148522509 10 47 75
-82.51458654909823 -365.73112846462317 700.1751853350169 4 46 72
-80.84130527374049 -364.3669894576212 695.7846854688369 8 48 75
-77.18293963637515 -366.29786684448607 698.9030422304675 6 48 74
-69.24406572068091 -368.66141625135754 699.1602443801407 7 44 72
-62.815018600657964 -371.86984884756276 703.1055055624954 8 45 73
-58.40156577679381 -372.2002679352344 700.2735256184607 9 46 74
-43.06177992138141 -378.4761126050742 706.2765048732888 5 45 72
-36.68645950281939 -378.57611110741243 701.1238253791354 0 40 67
-29.263262867828235 -382.61985265727293 707.0554653412881 3 40 68
-17.82847273505703 -386.36514320028925 708.5867752600136 10 46 72
-15.180906638178632 -387.11484659019425 708.4365008265298 6 42 68
0.36793413718638285 -395.7574413933194 721.0944595400571 8 44 70
47.73481174715452 -410.51633376415157 725.8562487435333 5 43 68
136.79031054291315 -425.1363364031221 691.4238277420862 0 35 59
-172.3052170441503 -335.4998208395836 694.2224141018191 5 45 76
-162.24213491474362 -337.58107985318225 693.0960080362863 11 48 78
-152.2721398262157 -342.10672011547786 696.2793598935607 8 48 79
-145.09871065944873 -339.93946732290505 683.7597774760516 11 48 78
-140.09601044293666 -345.0823551982057 694.7773819628982 13 48 77
-133.43859297455168 -349.02348482403215 701.2036540620741 10 47 75
-130.78395751727382 -349.37713426335404 700.7100446377636 11 48 76
-129.59991800498221 -348.40172251337793 696.0703240205976 14 51 79
-127.0146321947919 -349.1524202579252 696.1862175696682 12 49 77
-121.38219834469952 -354.87462861217085 708.6077962189809 9 49 78
-121.29804086245332 -350.7301920889937 697.2204431004533 7 49 77
-115.87750100604791 -353.68436770804493 700.1345109353064 7 47 76
-111.54849364017126 -356.8326251258839 706.3804576611185 8 50 78
-110.35881504358603 -354.654283469547 699.8237840441712 3 48 77
-108.69923894503248 -354.6567455568005 697.4740600471447 7 49 77
-102.19762505865069 -358.069329360586 702.348224249364 5 50 79
-102.34789622437599 -354.1840313266831 691.4684929165956 7 49 77
-98.70561057447564 -356.95323421288987 696.0790392017516 7 49 77
-94.91512174284327 -359.44405705478704 700.3940364455734 7 47 76
-90.51909533552197 -362.4233456219919 706.2054761507904 7 47 76
-88.48918545982312 -362.2535657835332 704.0394663958577 15 52 82
-87.31854877157613 -361.3121773007726 699.592395927254 9 49 76
-79.27434572511694 -366.70202184206505 709.1625221494645 7 47 74
-79.43139754636927 -362.9401613779121 698.761196138393 6 48 76
-68.36265446895369 -369.8126161883737 709.74174096276 6 48 74
-67.39111971378317 -368.12825158122973 703.9956307636083 7 47 74
-65.54664917690228 -368.06399214584263 701.7755743515505 8 48 75
-58.896947579955125 -371.6493212221061 706.5094471320801 8 48 75
-59.16181175722792 -368.39969141000955 697.02134052358 10 47 75
-51.126352006060046 -373.3994806034797 705.4578601134292 10 48 73
-46.844874398177986 -376.02364845738595 710.1240950970579 10 45 74
-43.65735726802692 -376.8630681865046 710.8636104283914 9 46 74
-42.289525022275505 -376.1807948281513 707.1617481065215 7 47 74
-32.84509474924318 -377.68694767681836 703.3388743196651 9 46 74
-28.66442612909107 -380.04234209287483 707.3467356077282 10 46 72
-24.20625904105181 -382.9777908701545 712.4377404121926 11 47 73
-21.092724118240234 -381.8706729912074 705.9621198954833 6 42 68
-13.227326482226957 -386.00342338815085 712.3565791963277 9 45 71
32.73534901158751 -400.33581842489053 716.0727027916572 3 39 65
-165.46314461736355 -337.470231395459 701.8708716885192 9 46 78
-158.1072883662024 -335.76347450924885 690.1529667888323 11 48 78
-154.48313953942738 -338.6964465324704 695.709462266151 11 48 78
-148.6073611499619 -338.1071989865642 688.7546071407216 10 47 77
-143.92941179539508 -339.2083895550033 687.8121080442897 14 46 76
-137.91401558157554 -341.81837365946785 691.2082020921266 11 48 76
-130.4225971929017 -347.1115685060585 701.0664998647333 10 50 79
-122.96449203121064 -345.28375872160746 689.6022393623706 8 50 78
-119.71884881446549 -347.6980648012608 693.3654885831188 6 48 76
-117.28540966888204 -347.98123730052527 692.495170556365 8 50 78
-112.55074366980848 -351.6988988695311 700.2644771436543 5 50 77
-108.08379423062591 -352.7581517959746 698.7534295823856 4 49 76
-106.69060752494076 -351.6939796707733 694.3287667249166 5 50 79
-101.76516348580952 -352.6080529145951 693.1918536821021 6 48 76
-98.06534594911139 -355.14754294565506 697.5216340673873 6 48 76
-96.72223277929972 -353.5129848016009 692.1887573087536 10 47 77
-91.42078361250572 -358.16110111524273 701.8378492356044 14 51 81
-88.71943171780705 -359.1532849111794 702.3593482813 12 52 81
-86.28605604684817 -359.9113243600988 702.1612575018721 10 50 77
-85.35048979255711 -357.9047399819314 695.7834770500851 11 53 79
-76.41226875230298 -361.8215033168548 699.788877751697 5 47 75
-74.54228974966654 -361.11501223293396 696.6546731635433 7 49 75
-69.82091670630435 -364.4866070695016 703.2638243678047 8 45 73
-67.075458302149 -365.5536558416699 703.8690242563273 9 46 74
-64.89190274380931 -366.07518391301517 702.9386029268594 10 47 75
-63.626867114840856 -364.60382009543395 697.9313881713626 12 50 75
-59.142488558236494 -367.64981239686244 703.6228071786405 11 49 74
-61.125855720121855 -363.3378341517569 690.3895218322466 4 41 69
-55.27737782691697 -367.66866623211104 699.6320546477759 10 48 73
-52.4489614955692 -368.2074871571015 699.552357646396 10 47 75
-44.44536434367692 -373.00923786360323 707.5844330221734 5 45 72
-41.69411981311209 -374.46315132220707 708.6210599049126 8 45 73
-36.1353230772727 -373.1671034729578 700.4882883442967 10 47 75
-32.04608757617006 -375.6153341509766 704.553255724228 10 46 72
-22.74167279245987 -379.0846632337285 707.6043214491422 10 46 72
-20.4208221521201 -379.87864956077254 707.1178306400068 10 46 72
-19.495653971971013 -378.0130036980581 701.385863164598 8 44 70
-13.428666135819261 -380.4255107053303 703.3044199167672 8 44 70
-11.146203978209487 -380.6499344730203 702.0336372715402 6 42 68
3.1116841237122235 -387.647144089104 711.0447620506566 10 46 72
11.335665690613816 -392.1974351194926 718.0647180755254 10 46 72
36.50625340009123 -396.7179838672461 710.2948918738554 6 42 68
53.3476443578788 -403.93798177453743 717.1289634032391 4 40 66
61.01913834875824 -410.76607295624564 729.6811589733246 5 41 67
-176.90545813551293 -328.2454042354734 691.7335851294105 13 48 81
-161.3332182542102 -337.504062697358 706.8430412322193 6 46 77
-156.73133614948722 -334.9548848165828 694.448669059167 9 46 78
-145.13039629928767 -340.44732294214515 701.363775443153 6 46 77
-141.29354618784325 -339.7651850870354 696.059535929794 7 47 76
-137.3537691292617 -343.00758467745777 702.3757591510897 9 49 78
-135.03693275867332 -342.7076989327693 700.3090099270636 6 48 76
-133.4584394138436 -342.2774213088557 697.0812043409243 9 49 78
-126.90746331452851 -346.20708391181734 703.3134592925044 9 49 78
-124.38543035455288 -346.33413857446016 702.2586702185181 7 49 77
-121.39982015389306 -347.96823653512354 704.3717250185357 6 48 76
-120.50361648514932 -346.2079219055476 698.0234444716067 5 47 75
-115.74309958006737 -350.24125102676226 706.4408969348987 6 51 78
-114.86606413517404 -348.05357930922764 699.3878232286776 3 50 77
-112.36679509712891 -349.01516207727235 699.7013121300369 6 51 78
-109.96644327721901 -349.64311145723866 699.326873770035 5 50 77
-106.53636565369361 -351.7660919664776 702.7235779823795 6 51 78
-103.73570920912384 -352.68650955251746 703.316401264883 15 52 82
-102.10125178279142 -352.3212007916282 700.3146863975549 9 49 78
-94.39469993332685 -356.7033151361362 708.2428706534178 10 47 77
-91.25234920183001 -355.2181564170589 700.897420791101 5 47 75
-84.02830060532274 -359.4478439538007 707.7826846972949 5 47 75
-81.59082433564582 -359.4996520163996 706.481666282731 10 50 79
-80.38290189716835 -358.6962536100754 702.2811178001139 7 49 77
-71.39057799205196 -361.8316715997401 705.0966432402108 16 51 80
-70.01644982010659 -361.4598852104398 701.7926906345836 5 42 70
-63.14222580292283 -364.94000003787096 706.7752977833334 11 47 73
-60.00830479664828 -366.23278026495956 708.1818868725439 12 48 74
-58.43214134769738 -366.2421284487627 705.6965331191918 11 49 74
-58.35307647789361 -360.3945763901118 688.4291836569 9 46 74
-50.792667347501116 -366.91926550467207 702.9895131574023 8 45 73
-48.33186205845332 -367.49193540253196 702.4665914781939 1 41 68
-39.94611651114132 -372.8813648586545 711.7626604289835 8 45 73
-28.474102504509446 -376.54118632018157 713.38380521397 9 45 71
-25.172167707631512 -375.6654989642366 707.4049555201609 8 44 70
-17.9276065614699 -379.2011241590129 712.3385584613892 10 48 73
-13.504098349709409 -380.1423363224398 710.1916382479575 9 45 71
32.963986672507495 -394.99135166483086 715.3693142033934 7 45 70
-161.11647256104047 -331.0406820980641 694.573341971766 14 51 81
-152.76588726889221 -331.7086117537258 688.6180139496743 8 48 79
-148.92300832563635 -334.5856601678242 694.3395344526265 7 47 78
-146.11340842963514 -335.9117439329146 695.866579852371 7 49 79
-142.40697740170378 -334.84223509946014 689.7365954402134 6 46 75
-138.18438229956917 -338.34941380900995 696.9393660179738 8 48 77
-136.41308730276685 -337.98001068400106 694.067465609836 7 49 77
-132.54178175516822 -337.15319921163444 688.6490962874544 9 51 79
-127.9999315412362 -341.25572788825775 697.1467056161654 8 50 78
-124.84306989726669 -342.8669914800538 699.4913539166532 7 49 77
-120.74282230321197 -342.365495206597 694.9219952281434 3 50 77
-112.675877800634 -345.73170297607743 697.4934783160379 7 52 79
-111.66897716044751 -344.3416641063089 691.9896171732687 6 48 76
-107.03347176948176 -347.58921379010343 698.8436618981834 9 49 78
-104.29435904444315 -348.4539224871152 699.290433257839 10 50 79
-99.70661185574528 -348.8221856356296 696.8119540291343 10 47 75
-95.82858804909044 -351.298337247285 701.2939271460448 10 47 77
-82.9413698391038 -354.88855849958037 701.024568142535 9 49 78
-77.11803125961072 -356.6092843037883 702.1804120803508 12 49 79
-74.70719208103571 -357.5317510872497 702.1733691398892 10 47 75
-72.05676627427268 -358.2634914897252 702.1894910522855 16 51 80
-69.99889691678348 -358.4805327522908 700.6584167484648 12 48 74
-69.14637140812661 -356.8186883231407 694.7905509115037 9 47 72
-63.31727316722388 -361.4554658897594 704.683132045887 12 48 74
-61.133964624327824 -361.63206171462 703.2433586893344 15 51 77
-56.3088015205529 -362.38092072868034 701.5447473328035 12 47 76
-52.39457185815575 -364.6756457400793 705.386338133805 9 46 74
-50.5642346672832 -364.36611300767373 702.7922056222691 5 45 72
-47.24754513227305 -366.67931328998685 705.8255765213696 9 46 74
-46.80182910922622 -363.9670567048028 698.0862425776721 7 44 72
-42.11014305285586 -367.11102719839386 704.0364350258767 10 47 75
-38.20644803939961 -369.3365922043094 707.6425063001609 3 40 68
-34.60781736277687 -368.4246903021165 702.0116717791176 10 46 72
-30.559551366399685 -370.88047341252366 706.0563275093386 8 46 71
-28.993878118061765 -370.491288888615 703.0376654124507 7 45 70
-24.1310226866217 -371.26342412253456 701.338550273983 9 45 71
-20.43601002450422 -373.03830930351404 703.9415888845178 6 41 70
-16.342561959044676 -375.45480917679623 707.8635181107562 5 42 70
-12.132983755194815 -377.9977846552754 712.0581332226404 10 47 75
-5.161681992864078 -378.69427681557346 708.3450288671464 8 45 73
15.88952326624428 -390.9473023072891 727.8303217990124 7 44 72
20.81919525503705 -387.12009311044693 711.3511691272661 8 44 70
32.41505406384222 -390.58248089446795 712.1564956228399 8 44 70
83.05498387621215 -408.7691301081642 723.733823471163 2 40 65
-172.98999966046048 -321.5891183101991 683.3303772299774 6 46 77
-160.64081420025238 -328.8244136430427 695.1246846617125 10 50 79
-150.45889644608732 -331.75507197507517 695.6818264090962 12 49 79
-148.55979795005595 -331.9913796936383 694.0567536714574 10 47 77
-145.5463868461746 -333.46368772727106 696.1235489950005 9 49 78
-141.94194909550748 -335.874893603969 700.6261767828607 9 51 79
-143.1104552180578 -330.53740577406967 685.0066192498762 6 48 76
-138.03768732069264 -335.40752046730876 695.7882179254012 8 50 80
-132.7694873002442 -337.2514875461759 696.8398938906244 5 50 79
-127.94317151808141 -337.93257543660104 695.257117055163 4 49 76
-124.82705108673245 -339.5696839432229 697.6136765915959 4 49 76
-121.09176809995279 -342.0887843145381 702.2582912285643 4 49 76
-117.35538613102618 -341.6399760706538 697.2761417704269 6 51 78
-114.81370626213078 -342.3170313688342 697.1961419083988 5 50 77
-111.30458871510265 -344.60155243446127 701.0470638731578 4 49 76
-112.94303114693564 -338.43381305674075 684.1741678100449 9 46 76
-106.6212252771324 -344.81214948309884 698.4267246118106 12 47 78
-99.85698748087879 -348.6195211933798 704.3701506030848 15 50 81
-97.88583448700322 -348.1834818043783 701.6894911823158 12 47 76
-93.52971779610648 -348.8008909742775 699.2725439564175 7 47 74
-87.52187368006042 -350.6760066747383 701.0097929448561 3 43 72
-85.18957505562881 -351.6094175609208 700.9581018438474 7 47 76
-78.25214595631059 -355.1841470401488 706.4360763635847 10 50 79
-76.52889648076147 -354.235567974314 702.6916567833478 10 47 77
-72.13438334198692 -355.3060047001322 700.9489215574768 14 51 79
-68.04275960535797 -357.8173848928552 705.504289363205 15 52 80
-66.62784834152751 -357.42080909120887 702.2043042652816 15 51 77
-64.34194719804961 -356.9683530770077 699.9933968892728 12 48 74
-57.03318874924833 -361.0026087089807 706.335991674796 11 46 75
-57.639191991292705 -357.4695001453923 695.9097866648465 9 46 74
-53.051035547428704 -360.83028420510396 702.189113085433 10 47 75
-49.81218430016084 -362.4523227169903 704.1803817769252 9 46 74
-41.25636315099708 -364.9607007752844 705.2277786157556 7 47 74
-38.34532209062664 -365.9732672721675 705.8768519425917 10 45 74
-30.079663407432562 -368.4561655219176 706.3904662198793 9 47 72
-28.36508439718799 -368.34392064010774 703.9282664376408 9 47 72
-23.79510029315275 -371.21863857723065 709.1651257858945 5 42 70
-18.972780273158488 -371.6340677985115 706.8921865730714 9 46 74
-11.744168054591812 -375.1367385621479 711.7380200505638 9 46 74
-7.913281002362548 -374.7989258168925 707.1848717911622 7 44 72
-5.042346512842977 -375.9796412619419 707.8656560803261 7 44 72
-1.5854261784606614 -377.4349682342413 709.6361548694449 7 44 72
-174.93263745133044 -318.7913208965294 684.0511399815739 14 51 81
-166.1225831008618 -323.17097225376426 690.4472347611095 10 50 81
-147.21714539980934 -327.55433452153346 687.1650978343446 11 53 83
-137.79176915364076 -332.9075005480977 695.542891919976 9 51 79
-136.58668682696907 -331.1565100610784 689.4787698363908 6 51 78
-125.37830201609208 -335.45586111740397 693.5710709142062 8 48 77
-109.35599026319505 -340.7782037869936 696.3441174184292 15 47 77
-106.47584377833641 -342.4145513973241 698.268713090872 12 47 78
-105.06530940921806 -341.02859708620275 693.311176494482 15 47 77
-105.44110018815914 -337.93692961738014 683.2641232548393 10 47 77
-93.66991848549728 -345.1745322234375 696.8146852157852 9 49 78
-90.52596683539154 -346.87260265025157 699.0816175932264 9 49 78
-87.17621167641786 -348.4421032458556 701.3974630661098 5 45 74
-74.02935759793557 -352.50855161534383 702.1126397470576 10 47 77
-73.06884877560788 -350.9845443235523 696.524438896686 14 51 79
-64.31614358676065 -354.22957480827273 699.2201371408853 12 48 74
-52.295662879607264 -358.97340286008756 703.6640992663234 8 45 73
-30.02215437689259 -365.738204685273 705.7716982739854 9 46 74
-28.476916632661197 -364.6274522493182 701.7589416594545 8 48 77
-19.765069805771716 -367.8402593502425 703.7766694748514 6 46 73
-27.95010314659092 -354.583520756951 666.9140498229978 7 40 67
-10.154127031300188 -371.5352494972833 707.4677257816053 10 47 75
-7.4017484361798465 -372.54545725270555 707.7911181341316 7 44 72
-0.060217681312242026 -373.62052746886025 705.0745787601643 5 42 70
3.9078320094380317 -375.82975410325196 708.4304900955573 7 44 72
16.171204853253553 -380.29986048845797 711.5891582372723 10 45 74
17.143478234942062 -379.144427633319 706.9312750514523 6 42 68
70.5046865983475 -398.37141773626354 719.8521840514575 5 43 68
59.52545442462167 -379.7887755168333 669.1435979872161 1 37 63
119.6515815168084 -411.1947770138249 717.7641163986835 5 38 63
-174.36023371447078 -320.0828033364464 696.0933788633401 12 49 81
-170.44883387429184 -319.8025462127425 691.554136121527 11 48 80
-165.10825907580178 -322.0280401395755 693.742607941847 9 49 78
-154.57770168475278 -325.7434592880566 696.3430442515145 17 52 83
-144.67589726265956 -328.00610346240774 695.275186089662 10 50 79
-139.66831485550762 -329.856571584666 696.0793602871662 10 50 79
-133.68242925201656 -332.4261961031977 699.407235415289 8 50 78
-124.49886451718409 -336.66663368973525 705.1885819457358 14 51 81
-123.91104115786283 -334.2578613376254 697.2045160728546 12 49 79
-121.35653260323336 -335.5165945999517 698.1602757974163 14 51 81
-93.66966968959964 -345.175689395808 704.8854263506581 13 48 79
-91.69863654308749 -344.634374203458 702.0432227314698 8 48 77
-87.27245896979444 -344.54297294790535 698.6131987429742 17 52 83
-83.15996497556611 -348.0965751203876 705.004442372557 9 46 76
-81.44587137433724 -347.13992557764186 701.2087690380207 16 53 83
-78.87741207061828 -348.1763905289986 701.6138736803229 11 48 78
-69.97153979406903 -351.37898325976795 704.5101960435728 14 51 81
-68.26085461378197 -351.0591962815151 701.7048720340381 14 51 79
-60.649640425262064 -355.5737578380407 709.2728424762823 11 48 78
-50.20494970674929 -360.36893376885956 716.206014482413 12 49 77
-39.11589914847102 -361.18960915961384 708.93352402609 8 48 75
-25.82838360957032 -364.69281318116134 708.2696514254444 7 47 76
-3.8279760302701145 -370.77230511175793 708.4529015749604 5 45 72
-209.52147039496546 -304.60543376945907 686.4863577963259 9 49 80
-150.22049689804572 -322.88003046964485 691.6673977205048 14 51 81
-146.5391278077843 -325.355935722031 696.5267541819271 9 49 78
-144.1875480330088 -326.0994054875185 696.4095400025587 9 49 78
-140.3463798209433 -325.63385534993887 691.4953407135439 13 53 82
-133.7862981163719 -329.45511817503547 697.8671421403146 9 51 79
-131.19900928753415 -330.24186377502156 698.0965841277896 7 47 76
-129.50501919442476 -329.03445877209015 693.6445550330795 13 48 79
-126.08764306209893 -331.216311742009 697.4090191837762 13 48 79
-124.20197608380845 -331.1614549735679 695.2259156741625 12 49 79
-108.76528510391717 -335.10062412894285 694.9518137424201 12 47 76
-105.23664026150203 -337.2301863216313 698.5832530322014 11 48 78
-103.1275876206012 -337.5007123789972 697.2372303191019 14 51 81
-100.69486838376619 -338.4216328447017 697.3792066895381 15 47 77
-99.22061083380561 -336.8159107509232 692.1810891808523 5 45 74
-91.7493521143711 -341.8663098571345 701.0479164299084 7 47 76
-90.2334650181797 -341.41555205189945 697.7468338087482 9 49 78
-87.58052928956513 -341.3731565772326 696.6484733251889 16 51 82
-83.80207472097149 -343.7002615367939 700.7306056995177 10 47 77
-81.65704898221935 -344.08185152350774 699.5758720567552 12 49 79
-79.05339977569578 -345.42049524252604 700.4977272499425 16 53 83
-70.45179529551756 -347.9367394667058 701.98966362145 11 48 78
-68.37042014045333 -348.34062344801464 700.7588167822887 12 49 79
-66.14175618626301 -347.860132383099 698.4374077359066 9 46 76
-60.098785215469455 -350.3004739039815 700.8984702267338 10 50 79
-57.5550642670117 -351.3803204574321 701.2520448467445 9 49 78
-55.6630857126634 -350.7862154605071 698.3327475433264 7 47 74
-45.13966173535258 -356.24357912662026 706.3156942555455 6 46 73
-44.07494112711208 -354.5335265359428 700.7459554942147 7 44 72
-40.36633555233081 -356.5004990857335 703.8258793162346 2 42 71
-38.26265324335354 -356.915497340574 702.5943434591675 7 47 76
-26.059281657732875 -361.3722181300224 706.4669855573195 5 45 74
-21.61457469656882 -361.5158241164811 703.3733219634778 10 47 75
-14.936789224681288 -364.5683377790926 707.0286132601113 9 46 74
-12.949432324674818 -364.96286084372844 705.5722435357806 9 46 74
-4.004165539247371 -367.51106146048704 706.8854683842911 9 46 74
7.1458510576755945 -370.71945023038376 707.2399237760847 8 46 71
8.183811229612497 -369.6769936687293 702.7724186575065 3 41 66
21.760348288802522 -375.654101999397 709.4719134375493 1 42 66
33.12673964130117 -378.7646606075784 709.6690579846642 1 42 66
-180.3237728731235 -309.498223042582 684.9572287131066 12 52 83
-159.97982559642222 -317.1385352559015 690.3155783455363 15 50 81
-148.52023846431382 -322.3252977686059 696.920741503245 10 50 79
-144.23440969441918 -322.82537031080767 694.3367130264427 14 51 81
-141.1440879719311 -320.228182548475 684.6079440320434 15 50 81
-136.71092482315322 -324.773261876986 694.1014981782873 15 50 81
-133.5224468182895 -326.2755496446585 696.4431233641623 12 47 78
-128.95451003870824 -330.1859560511392 704.8559541091898 13 48 79
-125.54270777138699 -328.97919488056556 698.0339596116875 15 50 81
-123.24670598131792 -329.29265914941016 697.0359780960549 9 44 75
-115.99358571612701 -331.01775418398313 695.8684206561243 16 51 82
-112.31869193399663 -333.2833912970353 700.0076232444396 11 46 77
-108.77591806422141 -335.36928749325557 703.6252618057457 11 46 75
-106.7466601575141 -335.01720940776295 701.1290000669379 9 46 76
-105.03381726906403 -334.6261579713067 698.1517204127497 7 47 76
-102.33161637588435 -335.53187249300595 698.647047021946 12 49 79
-95.11445960338426 -336.77087588192035 696.5040616884448 13 53 82
-86.78217297668516 -342.2467739166707 707.1559640370699 13 48 79
-83.14409237330524 -341.66847949075435 701.8481027424773 14 46 76
-81.11684198222352 -341.8324394096207 700.1937468294996 11 46 75
-77.67621651887544 -343.6496137352033 702.9881549886826 12 47 78
-73.04168659232398 -343.9976073707372 700.4966328702659 12 47 78
-70.71358746016514 -344.521400141381 699.7898887829858 12 47 78
-65.97365625645118 -347.70825369757944 706.3031719656217 11 46 77
-59.34305368489306 -348.1165478446873 701.9144105396368 11 48 76
-56.90177305517629 -349.70448888325643 702.8543985240344 10 50 79
-52.17941467554755 -349.3935048127588 699.5265026350298 10 47 75
-48.1079543090391 -352.0189868141776 704.1005273334932 10 47 75
-42.88783561400139 -355.45280382344254 711.3150743968758 12 48 74
-39.71723588712509 -354.3489248789973 704.7442746136007 0 39 66
-37.792702212514705 -354.29414284980857 702.6260684763702 6 46 75
-33.571215744913786 -357.12757027072917 707.5319212841639 5 45 74
-29.779797742269878 -356.2671684605382 702.2090256905796 5 45 72
-20.91625922495358 -361.7270741602658 712.0932385878725 7 47 74
-19.242502210413228 -361.192023663915 708.9884178347587 6 46 73
-14.57864216238754 -361.7932737341441 706.7542803338453 5 45 72
-6.705948400053142 -363.7430831740032 705.9106801578378 9 46 74
1.2067377376199506 -367.7896700650769 712.286848827851 6 46 73
10.811653957864825 -369.5401478581388 708.7241554369496 8 46 71
-138.80261951015046 -321.09135400925004 693.1943895782804 12 47 78
-134.2723096103686 -321.69657309141684 691.1519813778075 15 50 79
-130.13094283362648 -324.9425604624095 697.8692098319456 14 51 81
-128.04758314149004 -325.2994885738151 696.6605560069435 15 50 81
-125.31613876737579 -323.54052749481264 688.0289280885227 12 47 78
-116.60138440072078 -327.24546048650706 692.322976666824 12 47 78
-107.0922970178929 -331.54000595315176 698.5049343286613 10 50 81
-104.6973741442848 -332.59162980440266 698.826402994901 11 48 78
-103.94662300249627 -330.1903527391588 691.2749984087716 8 48 77
-97.10942347947967 -333.457611394913 696.6123123301239 14 51 81
-94.79475098637162 -334.39245077046724 696.5987877615966 14 51 81
-92.32864795299788 -334.5537738472157 695.5741972045205 18 50 80
-88.51147830145186 -336.76669651267395 699.6207039150258 17 49 79
-86.52533803646003 -336.9709996251305 697.9810778506234 17 49 79
-83.41254444317501 -338.7357576444933 700.302689030791 17 49 79
-74.47777100100664 -339.4360057223699 694.9378784919348 10 45 76
-71.77015412403114 -339.9356224533918 694.7457712440074 11 48 78
-63.96779956045298 -344.6450883739814 703.056438488983 10 47 77
-61.36044347969831 -342.8425224577674 694.6678143000784 11 48 76
-53.72915801221612 -346.56738008286476 701.1464282426135 11 47 73
-49.76310233461147 -346.5264660428692 697.1913771893333 12 47 76
-45.44247144572552 -349.2636150563655 702.2602033805964 11 47 73
-43.48469012513404 -349.3143136420822 700.3381511174564 8 45 73
-29.3389328511843 -354.1141420480091 702.8319476836435 6 46 73
-28.03421492286195 -352.97687084278283 698.4529801329161 6 46 73
-20.350847953466666 -357.07744121888675 704.972325823798 6 46 73
-17.74171179152153 -357.8016889234484 704.7941722949034 5 45 72
-10.874908265213156 -362.08837970092816 710.2691585328165 9 46 74
-7.516467009244176 -359.91771338277823 702.751177396329 5 45 72
4.036180139406421 -361.3019745138433 696.9598352589335 8 46 71
11.104124157176907 -368.01933583200326 709.9234909853297 8 45 73
14.005837033597134 -367.5188051279333 708.5622083923953 9 45 71
14.278466636619461 -365.8637830557559 702.3506776680345 8 46 71
-154.35528550959137 -313.15509761937585 689.2837457719585 10 47 79
-142.5541006420566 -318.6716077098473 696.9460655264093 16 51 82
-138.0041491577527 -322.68191560462543 705.7607432418712 17 52 83
-133.35429615873596 -323.49802715300234 704.1486602497689 17 52 81
-132.4057045797271 -321.4443739942902 697.0891443429728 12 52 81
-130.69572778045438 -321.56148741306197 694.9463945708776 15 52 82
-127.73531473449708 -322.67248346416443 696.2783324516096 10 50 79
-121.80902290837693 -325.049294175759 699.1648126298765 8 50 80
-119.92336980367604 -325.0864767585128 697.1190044612171 9 49 78
-112.38470738185259 -326.440479172779 695.7293008639102 8 48 77
-110.0883150904783 -327.22466459041027 695.5070323822008 6 48 78
-106.7206492884517 -328.8995030859685 698.2345093371445 6 48 78
-102.77403236441044 -331.5541061974823 703.3338381545213 11 53 81
-100.86000179261733 -330.8990492457897 700.1975126816827 9 51 79
-94.62172696390101 -336.2919345514439 712.822291702414 7 49 77
-91.69622916808123 -335.19220390504944 705.5937506970457 12 54 82
-90.26059322254793 -333.9487253555319 700.8918640702274 17 52 81
-87.84315440329888 -334.6892528289185 700.6825987324224 20 50 80
-85.9474258908431 -334.7822622876702 698.7372240024939 20 51 78
-81.557511114972 -337.6453156102425 704.5319079831427 17 49 79
-79.51963985492144 -337.1201497116244 701.8304868129908 12 49 77
-71.42279399466769 -339.98040816703656 703.2081320750044 11 48 78
-69.41206641705385 -339.47006739512625 700.5233822499812 10 47 77
-63.718488971851734 -341.9669310201741 702.6555183345411 11 48 78
-58.939455621021395 -344.972273969764 708.923871900406 12 47 76
-57.35324985386021 -344.31364693532885 705.434455190878 13 48 77
-52.35244331869665 -347.71060164842305 712.4905053509826 13 48 77
-47.80358818941837 -348.47509686985376 710.3677664352147 12 47 76
-46.809610680691655 -346.635501885605 704.441585983795 14 46 76
-42.87505412627897 -347.11793672328156 701.1305834861405 9 46 74
-38.72849546846808 -349.59317438432873 705.541021934676 6 41 70
-34.58869635802981 -349.5594858128546 701.7993569887885 6 46 73
-27.760370801167223 -352.3241007860607 705.4993303202386 5 45 74
-25.242776216658612 -352.94823100572034 705.0861071493989 7 47 76
-23.087574503782225 -353.0650643080021 703.5092257446896 5 45 74
-15.0219645934721 -357.43213567927023 710.8313464310343 5 45 72
7.644001720490417 -364.1038371631886 712.4796842213651 9 46 74
9.858949703189895 -362.24313156365804 703.9194352382906 9 45 71
107.49702302504129 -393.68797869528026 718.9184053686839 5 41 67
-159.86528793983177 -308.129509315211 685.5994076870159 13 48 81
-149.3201944294361 -311.7207377290368 688.1902163429755 16 53 83
-145.680219254948 -313.9267127366287 692.6024192426574 16 51 82
-138.33196599506894 -316.0035169160808 692.4392282394484 15 52 82
-134.56079510484662 -318.3951088151544 697.2426839875402 16 56 85
-131.24773255583452 -320.1727439279709 700.2715955949036 11 53 81
-128.9666200803041 -317.8229793279061 689.8592795732657 10 50 79
-124.49638279828115 -320.9526643733803 696.8192505174127 7 49 77
-121.99228795759791 -321.62962548522535 696.7455490500265 10 50 81
-114.381219063822 -323.7287905638695 696.7365821569637 12 49 79
-110.92825791753542 -325.5005714434065 699.7924466364138 9 49 78
-110.02768486721975 -324.3935861712159 694.4650103673428 6 48 78
-107.44913911832016 -324.8206868974691 694.0539388884941 9 51 81
-103.72812441920406 -326.9771444008796 698.0641950026686 8 50 78
-100.17800023807735 -329.0316931631071 701.6260829535621 8 50 78
-94.9343000224359 -333.1943419576406 710.9137433556657 7 49 77
-96.65384753061622 -328.0885137821873 695.5575530252113 12 52 81
-93.102563557094 -330.1476281941638 699.0692197695664 16 53 83
-91.4242423938474 -329.7629382600552 696.0731671610747 16 51 80
-86.62370813243106 -330.55517222511304 694.5826174386037 15 50 79
-82.64460345791719 -332.7690246414946 698.847218094801 11 48 76
-76.24823817812909 -336.524277354847 704.0282724549023 13 48 77
-75.59030618120927 -334.030337654104 696.4465012401427 12 49 79
-68.46351862207771 -337.73248861016475 702.4735868005866 11 48 78
-68.2199174739021 -336.113549985331 695.6871369857439 9 46 76
-58.45468373132238 -340.0519217742402 700.8855942019231 13 48 77
-52.37834649753533 -345.11255381575467 711.8569203824244 11 48 76
-53.884018416905874 -340.49087393272873 698.4428040411663 12 45 72
-44.83668496356209 -344.22420434745897 702.1092146282061 15 47 77
-35.263810863582684 -347.91239374404756 706.2766228740603 6 41 70
-34.30427571079961 -347.1203292105429 701.8158337934913 2 42 71
-25.61646963547688 -349.3619080705117 702.7035857641624 7 47 74
-24.85665797750474 -348.1651234459685 697.4959620271686 5 45 74
-21.079456111178487 -349.8323254480799 700.1957536057517 6 46 73
-17.092528677807053 -352.01745592732345 703.8191381982986 6 46 73
-13.71677294404947 -353.40694095074036 705.5482189887078 5 47 73
-9.986017434467671 -355.6218979749921 708.7868006771989 5 47 73
-0.09862610855404634 -357.38698727271446 705.7592921359994 5 45 72
9.52893543860654 -359.3229600766809 702.5695236406444 10 46 72
20.928281354837008 -362.2688837230895 702.9160850128006 6 42 68
37.18268360133377 -370.4699826646373 715.5712013031366 9 45 71
59.911703766352204 -376.5929138985311 715.398909625691 4 42 67
-186.9123838807089 -299.8604444034821 692.4837311572435 10 50 81
-169.07295227602512 -302.99220220849355 685.8069625283894 17 52 85
-136.9129046735856 -314.7761065765041 696.0830099947208 10 50 79
-134.6256253011324 -315.4315340855278 695.7061746391616 8 48 77
-126.38864409984852 -317.6713856386056 696.9668382677569 9 49 80
-124.58771398190281 -317.8773850007417 695.090815426145 9 49 80
-117.96816926278952 -321.4779395448576 701.0649304528966 9 49 80
-114.07850554267709 -321.1483637706797 696.440604317761 11 53 83
-102.72331076410154 -325.3074819750496 700.2710283307888 9 49 78
-100.28268985764498 -326.0149496400162 700.0864262305208 7 49 77
-96.05907107493148 -328.4810644005102 705.2476466174251 10 47 77
-94.92986168365314 -327.0205056954297 699.7198887043171 16 51 80
-90.3224408173146 -328.2614351316531 698.643054669094 18 53 82
-86.0282951503633 -331.0974819890384 704.3700812679076 18 53 82
-78.69355491713824 -332.55237606443205 702.6101017467951 9 49 76
-75.34271878372466 -333.9709801952 704.7131849093521 11 48 76
-73.56038213266403 -333.18016675366454 701.2637471073635 13 48 77
-71.02378237878555 -334.04581844938645 701.3648222844347 13 48 77
-72.28749721904032 -330.2133199691889 689.1459134674859 12 49 77
-65.60530532837384 -336.2657827151453 702.7423690352355 11 48 78
-60.07851234541569 -337.2984887882793 702.5002136145235 12 47 76
-57.55069992578194 -338.05015852500327 702.3756104960481 17 49 79
-53.516043271649345 -340.34969885126685 706.569847477508 15 50 79
-52.023694126123466 -339.3775684637628 702.5243109321509 11 43 73
-43.01337840511525 -343.1476863693417 706.155660461376 14 46 76
-27.329862138428556 -346.71229203480067 704.3983029920516 8 45 73
-8.39901847345367 -353.9040863306694 711.5498385571648 5 45 74
2.53759247693441 -357.21471174828565 711.8253519863612 0 39 66
1.953132015547518 -354.80744446673543 703.3756463360335 9 46 74
22.533723056213237 -361.09944126653994 706.2392140839811 9 45 71
204.22919684212548 -418.8946829703579 733.9387214491767 0 35 59
-187.06528045867054 -296.6928748536262 690.1595063587177 12 52 83
-143.71228143453516 -307.82280072313273 687.2934489284604 9 49 78
-139.65384421370294 -310.7099262950144 693.5247229005819 9 49 78
-137.06171092460252 -311.6516573477015 694.1156295133807 12 52 81
-122.98111272019993 -314.14841236438974 689.8628462969828 11 48 80
-103.2394422310107 -321.4715754631332 696.789125761962 9 46 76
-101.72964190596132 -320.3082713902985 692.2778090933513 11 46 75
-97.49095150802714 -323.3345889375423 698.413677075513 12 47 76
-92.67579508171644 -324.89417498864566 698.1622746106927 16 51 80
-92.04948371394798 -322.70847602769913 690.834480747883 15 50 79
-86.6198271854775 -326.9280482066407 700.3944943366638 12 49 77
-82.14358169111405 -327.8282193142342 698.5656526190769 11 48 76
-73.42390646054446 -330.62970761485025 700.8552730516973 12 49 77
-72.71651111661794 -329.76718962746804 695.7825483262162 12 49 77
-72.20563111032848 -327.7328800128063 688.7351066154987 14 51 79
-68.09363463026892 -330.51141292886575 693.9201205390818 14 51 79
-60.65508015899092 -334.07326399863825 700.127710281505 12 47 76
-59.27111430441666 -332.90539137842904 695.6450630729905 17 49 79
-49.849347560926894 -337.21126061993846 700.7983973921404 11 43 73
-48.57312322138831 -336.3530140034676 696.6436940482869 12 44 74
-41.94560480928679 -338.7404906655413 699.797556442052 10 45 74
-37.51484456546473 -339.19713856170597 697.1718010012827 9 46 74
-29.912962574452248 -343.0915520003906 703.5872600332895 10 45 74
-27.17304626361588 -344.1084896177271 704.0237124257302 10 47 75
-26.03000402054776 -341.0336328975661 692.147789526534 7 47 74
-16.003821122107876 -347.3643971727167 704.8955601406169 5 45 72
-8.091080581608512 -349.07873561394416 703.8946727178375 7 47 76
-4.743561599980036 -350.86177062987457 706.0435917953058 4 46 74
-4.1369832792235295 -348.98087376172697 699.8438299576991 8 45 73
1.0935489183273737 -352.75451711449494 707.0182345971181 10 47 77
-0.09692910537096626 -349.0529294970269 696.1579415405448 7 45 70
2.5033451310431256 -349.9879817162518 696.2129869333249 9 47 72
16.22490411455801 -353.7979227008531 696.3126992258061 10 48 73
19.677479056576455 -355.66537110649267 698.5567313640797 6 42 68
41.4472787694827 -364.336078240297 709.99860253214 8 44 70
148.23093283815027 -398.5333526804454 726.5157103774749 1 39 64
218.76558621329153 -424.0566704372943 743.7106489661905 0 35 59
-161.804567810367 -301.8744423819797 692.6612531315586 12 47 80
-149.32846599065402 -301.1346430876633 680.4446188539374 10 50 79
-143.63717165319332 -307.53344311962957 695.5696380210546 14 51 81
-141.18915773449424 -308.10060196025773 695.2918981725957 12 52 81
-139.47572446767148 -307.9955597186067 692.7364711080126 8 48 77
-125.88156908523708 -312.77205243243503 696.6270560250894 14 51 81
-121.03327293454021 -316.53841156873864 705.2886101133297 15 52 82
-106.42336014063775 -322.14293050392735 711.4222893744395 19 51 83
-103.4345492210263 -323.21563738309396 712.6128903772968 18 50 82
-105.37114122431585 -317.6752310399152 695.8461908623843 15 50 81
-99.97846688362306 -319.7373177730212 697.3189985299663 13 48 79
-94.99981908313337 -321.24135180126785 697.2466254343242 12 47 78
-90.3261824820207 -324.46965249332317 704.2574394726784 11 48 78
-87.9787955683732 -324.7871375094857 703.286380580258 15 52 82
-81.98477565767294 -329.3768318849657 714.2153169511826 10 47 77
-83.91755565717033 -324.9161857412277 699.6540723961225 10 47 75
-78.75459605259975 -328.6005801154908 707.9037477738732 15 50 79
-76.2958613165556 -328.6135383001853 706.6086381989014 11 48 78
-75.96395705304317 -327.1154466899069 699.9707540084684 11 48 76
-58.5253472655192 -332.8747506313906 704.5397055157305 12 47 76
-58.34521580223479 -330.6777577890172 696.837346607292 15 48 75
-55.240931314882125 -332.14724393901207 698.5773418593171 17 50 77
-46.63191920315239 -337.47666286029073 708.7545055505193 12 45 72
-44.622258404628525 -337.5967188072245 706.9604880290013 11 44 71
-39.66187009979552 -340.3972124015779 713.0713732141695 16 47 74
-29.79511507155227 -340.1151671425778 702.6545843600567 11 46 75
-24.931270838583792 -343.2377620841142 708.8745845512751 10 45 74
-22.080803949113953 -343.87960090710243 708.9497526247146 13 48 77
-18.52733117200137 -345.50175496985423 711.2791172224449 9 46 74
-9.756446169777435 -346.33829484724424 705.5695719771049 8 45 73
-7.7119528656242435 -346.40608437639156 703.7693432438546 9 46 74
7.700369784368931 -354.27003573832934 715.9191378492425 9 44 73
10.3902905013439 -354.6841578374197 715.3859725198479 9 45 71
-166.2892930468467 -298.0092897189267 692.5227175279383 14 51 83
-147.85746025206208 -301.14218651849944 686.4696003601189 12 49 79
-143.25736590341106 -305.20513535233584 695.768749947146 16 53 83
-130.95414098653913 -308.4056119290819 695.0749585304233 10 50 81
-125.60044371589814 -309.4709693131775 695.0163640962911 11 46 77
-122.82586372927919 -310.8087159653201 696.5052863144945 11 46 77
-120.66401602889768 -311.0516432675991 695.205945008967 15 50 81
-114.20692856541251 -317.1958352844388 710.199727933722 13 48 79
-116.88781283054998 -310.74163404923155 690.4787036447425 19 51 83
-112.62272913941808 -313.9178210882865 697.176177618561 19 51 83
-110.3433670166092 -314.05448525082716 695.861416182336 15 50 81
-105.48480272178173 -314.353844523107 693.7397566129914 15 50 81
-102.01496281799916 -316.8247869090748 697.9576608579271 13 48 79
-100.02176066917892 -316.9250895332571 696.1603506470416 15 50 81
-98.4526519549631 -316.77882244873354 693.3574104532984 12 47 78
-96.60200422577267 -316.1554666803869 690.2250699121652 12 49 79
-89.2946841491349 -320.11977363056764 697.4263380218333 12 49 79
-82.84147367586633 -322.5801363030555 700.9175486025844 12 49 79
-80.85582954254626 -322.9032243376722 699.4338523634043 14 51 81
-78.68935751870792 -323.1540899600546 698.1098911018314 11 48 78
-70.75433045270564 -325.38561326173453 698.4346892651361 13 48 77
-68.05321993858364 -326.17958677281143 698.6808687197672 15 51 77
-65.2281327473286 -324.2489269630245 690.3265372425626 19 51 81
-59.5298977321247 -328.71920617586966 700.1974034229534 13 48 77
-57.094970042755506 -329.31283706082183 699.7309610956215 15 47 77
-56.580959437632934 -328.0068190814738 693.7986343825413 17 50 77
-53.436759265690235 -328.93439659928885 694.8410206227197 12 44 74
-46.17283008337279 -332.5616398400978 700.7350981089523 12 44 74
-35.736613223269664 -335.1476609814441 699.9960862481636 11 43 73
-28.504723663915748 -340.89924827093813 713.2055812924332 12 45 72
-23.98463590537513 -339.16039423646487 702.8933419087169 13 48 77
-19.69513911657525 -339.23451616882465 699.5269232700665 7 44 74
-13.133757676750259 -341.92333519696575 702.7114451054731 9 44 73
-8.714548047183403 -342.36802996788145 699.9920749732977 6 41 70
-4.16517432444835 -345.028455079324 704.9479264865272 8 43 72
-1.1683483780297972 -345.9464991374901 705.5315815119084 9 44 73
2.2541510594910816 -345.2326899987089 699.976239143237 10 46 72
9.52038559613471 -348.5592712244804 704.668555476013 10 46 72
34.55878780049348 -355.69323672259856 705.1540823298798 5 43 68
-144.81843027040821 -302.3854682091588 697.1225346300508 14 54 85
-143.62952294790435 -301.61299402063315 692.5474399502817 12 49 79
-136.6763841916024 -302.37100861215583 689.4995012065465 13 48 79
-133.68753754453545 -304.3514772797034 692.5405320989526 15 52 82
-130.36250131365597 -306.0727308915412 695.5828360470612 17 52 83
-126.3413275771023 -308.6153087904301 701.0530319069436 18 50 82
-124.68113343166385 -307.6670101089273 696.933586708074 17 49 81
-120.42687777094149 -308.5509290471852 694.9141802308245 12 47 78
-117.86115861602372 -305.541301618468 683.8665312354076 12 47 78
-113.49788351835227 -309.5056538473789 692.0709252960629 18 50 82
-109.23917080220235 -312.5934917788812 698.5903454422682 18 50 82
-105.0758818951224 -315.1724343482651 704.0647611377207 12 47 78
-104.24455365069758 -313.02724325081243 696.8664216207758 15 50 81
-101.53714078214254 -314.4554823533004 698.2719222732028 16 51 82
-99.57234464694811 -314.5353135028653 696.3955988944145 12 47 78
-95.8087202333112 -316.68718362992615 700.4832776893105 12 47 78
-94.64893573571877 -315.02113644796634 694.6543602572532 12 49 79
-92.65271765782967 -315.34872936922017 693.2294784545994 14 51 81
-88.27168586459064 -318.2431812175145 699.3205684023106 15 52 82
-84.21090438649367 -320.6286789299059 704.0913514638419 12 49 79
-82.60942021362068 -319.7164671292077 700.1400257296284 8 48 77
-77.75768124631529 -321.167352891244 699.6882226984544 12 49 79
-70.5473369327919 -322.4937024614592 697.6065017056217 15 50 79
-66.8785131519847 -324.3725807983755 700.8681083846416 13 48 77
-61.30724006240687 -325.66102367349885 701.1411060636278 11 46 75
-59.00106866728861 -326.4007027958797 700.6971973335757 16 51 80
-56.354058181599996 -327.1175348495232 700.7149800915716 15 50 79
-52.90993135102404 -329.00128827047587 703.5308009222641 16 52 78
-50.99215575444641 -328.2103039744992 700.3524459286166 17 48 75
-49.32011869154005 -328.1974080003257 697.9158232712686 19 50 77
-39.608629964881295 -331.92245614570726 702.5948568054121 12 45 72
-27.154154472565654 -334.8222707485529 700.2826142904188 11 48 76
-23.459846108641234 -336.56233679472723 703.0419597748562 8 48 75
-18.74073126361375 -339.26840358274995 708.4833922401757 10 47 75
-15.578991446930656 -338.50149491290506 702.3893628459494 10 45 74
-8.37454529844494 -341.88351190860374 707.3154189573787 12 44 74
-11.446717298364078 -336.4721663839765 691.4299451051717 9 44 73
-4.528844519945024 -341.4224325679273 702.6216391650929 11 43 73
6.996568786786673 -344.9539508280238 704.1273691076028 9 45 71
14.37748689447031 -348.4231631600871 709.0934484834853 8 44 70
-150.94328268512598 -296.5958646334646 691.1060840142862 15 52 84
-147.78377546972948 -298.39702017037786 694.2233799549631 12 52 83
-137.6796578520114 -301.26364687171423 694.7343088429418 15 52 82
-138.32482879888082 -297.7676111608107 682.5927303633098 15 52 82
-131.73250369577266 -300.74966970508905 687.9116883435946 19 51 83
-127.43968590929477 -303.86555241562155 694.8482111031587 18 50 82
-112.35714390572252 -308.4215039422113 695.4855676872586 19 51 83
-110.14422105302528 -307.93054746124324 693.0440207330665 15 50 81
-103.52516566407779 -311.291638732638 698.5645061442101 15 50 81
-101.17886332935505 -312.4104196242616 698.9315075413596 16 51 82
-102.34346135930733 -308.1955936258324 685.4987773434244 9 46 76
-100.68172704792526 -305.3551111461301 673.7522095704171 15 52 80
-92.59958972252838 -312.6988096482771 692.4643550424182 12 49 79
-89.1417306120637 -313.77090141350834 694.3793420449532 11 48 78
-85.64367905694462 -315.75404011549983 697.7337625839752 10 50 79
-80.41910281712154 -317.7076941037588 698.6391865914972 12 49 79
-79.36012825255918 -316.5953562589042 693.6197461827761 12 49 79
-68.21967547522948 -319.60443199770197 695.0237959137258 12 47 76
-63.75471438442663 -322.2955074756163 700.6429548582064 11 48 78
-61.032910838842895 -323.3976041533203 701.3439310726994 10 45 74
-59.00319846403956 -323.6410840997278 699.7841790571221 10 45 74
-58.61154969546819 -321.7378560363684 692.7771966030044 14 46 76
-52.926766502945945 -325.54906382022256 701.6437966993481 14 47 74
-53.93212585259189 -322.28448562200964 690.7272850047756 19 50 77
-49.14713078129002 -326.077079177945 698.1651693110518 15 46 73
-46.95091151705017 -325.38784876590483 695.5722249317679 13 46 73
-39.72250372899191 -328.9474006709333 701.2793884246813 11 44 71
-36.06745161456852 -328.5332917885111 696.351530225306 7 44 72
-26.804409964925036 -332.2712257834706 700.2283327581141 5 45 72
-24.8885430521137 -331.8293791859371 697.6027584250423 10 45 74
-16.96656525268381 -335.93953955714807 704.668377554676 12 44 74
-15.345716516282701 -335.9415433253686 702.1747843493685 12 44 74
-13.964617018323576 -334.95537610346014 698.1081411432632 14 45 72
-9.764860553805017 -335.38637518531914 695.098460895961 11 43 73
-5.010847113685395 -338.18489970174755 700.5676821693543 11 44 71
7.71822407694367 -342.7154347200896 705.0215522741819 8 44 70
12.36631088899689 -345.31342515843033 709.9021539880101 4 41 69
17.821357727089673 -344.9762638834997 702.8779188279418 8 45 73
31.141182492780622 -350.0134147250831 708.292057643419 10 46 72
40.63771576242243 -353.46091726139946 711.1032980064342 8 44 70
168.1211185234538 -396.1085501642033 738.8063532506936 4 40 64
220.8864217515476 -411.30257099403127 743.3580657008876 0 35 59
-159.3884892443569 -292.950434978068 695.412774855274 15 51 86
-149.6531364768849 -295.21724587115807 694.4140801164009 13 52 86
-138.64167030342688 -299.49018014304863 698.8926592047379 12 49 79
-129.30379221398687 -300.76190736432756 695.2877892135058 16 51 84
-120.09333108565292 -305.63653558932293 702.6552682854983 17 52 85
-117.5766980586669 -305.69342530795046 701.5432841429964 12 49 81
-116.34016084418964 -304.99415301201026 697.2299311318791 15 52 82
-107.51880342344515 -311.11273488657685 710.7647247942242 13 53 84
-108.45783154644089 -306.801560174533 697.2045455366023 16 51 82
-103.18258750462053 -308.9851842915757 698.7736805489687 13 48 79
-100.12539842778118 -310.52105470925375 700.881189821461 13 48 79
-95.66888036651024 -312.7955481756335 706.2472853512455 12 47 78
-88.71618803528861 -314.2797847517447 704.0558844869745 11 48 78
-87.62224814838639 -312.48901401420545 697.9444379182738 10 50 79
-84.86776287513459 -313.83288884208037 699.1941641158749 12 52 81
-78.44081192767938 -316.800512667198 703.4297200379518 9 49 78
-76.09859733017485 -316.57976109965995 701.6434379387391 11 48 78
-72.39044978147622 -318.7966424043121 705.5437919137628 11 48 78
-64.33877628901705 -318.9204420631923 697.9535329479247 11 48 78
-56.902911428236244 -322.86509232701576 704.8106725780447 15 50 79
-46.32104441714665 -325.4874814294321 704.4392194787117 14 46 76
-42.37746703786266 -325.2696576432559 700.1480211800574 13 46 73
-38.80082873485732 -327.17803168639483 703.1053354983168 11 44 71
-34.91603182553498 -329.05586395050506 706.4394641459266 8 45 73
-23.385809180082337 -332.70969298750396 708.5392141367706 10 47 75
-19.675935321749474 -332.34562094088716 703.7172405556946 14 46 76
-17.121880145063795 -332.762531992015 703.104513662331 16 46 76
-12.841685364961368 -335.43373744204183 707.8368765053633 15 45 75
-7.959519047517099 -337.02635018163727 707.1744079330185 12 44 74
-0.976465246491218 -338.92036493167956 709.8664755918093 11 46 75
33.28111569869455 -348.84908243848236 712.3826086750522 10 48 73
37.394968527845116 -349.6426638783322 709.4888915122945 8 44 70
181.97028204130277 -390.5563337733616 717.225117328128 3 40 61
-145.47095506009836 -292.6868325202255 689.9907551065651 18 55 87
-141.82286332162457 -294.6177715594842 694.0745501065553 14 51 83
-138.2750931863174 -297.07777750346924 698.9206117265211 16 53 85
-134.58835547064464 -296.3106719214442 693.119766816401 17 52 83
-130.98107898091905 -298.4385384441379 697.377236475622 12 49 81
-125.0093338067655 -298.5023354456697 691.5640095720664 14 51 83
-121.7139803035133 -299.784399608345 693.7963617142026 15 51 86
-117.92885743928203 -302.4031713415913 699.0189314707665 15 51 86
-112.80076141747502 -303.6674872760424 698.9208894056369 14 51 83
-110.6189513585196 -303.92498174715087 697.657536472716 17 54 84
-107.907076543865 -304.7018277389287 698.0609116645537 17 52 83
-105.9955863888215 -305.309869395205 696.9602193759084 17 52 83
-103.70242946039349 -305.12290227737145 695.143525401668 13 48 79
-100.36368779561202 -306.5516569180074 697.533375778169 18 50 82
-96.39220397225034 -309.0972836399304 702.6384481150765 19 51 83
-93.92263030180975 -306.9771406534965 693.0406422436433 8 48 77
-89.41201874396607 -309.86932113347547 699.4303965157904 8 48 77
-85.20996433182408 -310.65776436171524 697.0410428952143 12 52 81
-82.96537083800571 -310.58229483542874 695.3506726999448 12 52 81
-79.29110461031405 -312.4858204015531 698.8236932748455 11 48 78
-75.50809616572093 -314.48193266413557 702.5606039934404 11 48 78
-71.50460238689438 -317.39300105824674 707.9494382599977 10 50 79
-72.10287443036808 -313.4201505368888 696.1781481799992 13 48 79
-62.32308468327356 -315.7697373561416 694.5380591793761 15 47 77
-58.423759855015405 -317.64443715650333 698.1268798873069 13 45 75
-54.37902525342933 -320.1482826444078 702.7779717139432 13 45 75
-50.55797326592271 -319.8656953329172 698.2131908840145 15 47 77
-46.476912777178555 -322.07432103010296 702.4227397769132 15 50 79
-29.406507211487067 -327.76718543042733 705.8304240383254 10 47 75
-28.683731823389127 -326.066223035754 699.7635879434629 14 46 76
-19.949502072716726 -329.3724947150491 702.221061811842 15 45 75
-19.024497008675134 -327.8378813678735 696.7591154231974 16 46 76
-7.480607483926491 -334.02986788023884 706.7782670471166 16 46 76
-9.023229584626705 -329.9914799536042 694.7032106625085 10 46 72
-2.303511394287692 -334.5544056948339 705.2111794506209 11 46 75
1.8284772056728271 -334.9734614000755 702.0144008191138 7 45 70
4.0516474844930945 -334.9167508142108 700.3328844557997 8 45 73
16.568407522796278 -341.2997376075173 711.367625264413 8 46 71
19.611679010171212 -340.3611107457697 704.9868173733536 10 47 75
25.886147765399876 -342.8817895962257 707.1979926286966 11 49 74
137.41052488480022 -377.4493336047681 724.016374494548 3 39 65
-145.68348036809826 -288.62576612467194 686.0611346895248 18 53 86
-138.50108327485674 -293.5967642228531 696.100210384846 19 54 87
-130.66414046158258 -295.99941993007053 697.2835559672401 10 47 79
-128.7533819694696 -295.9007009525882 694.999497756889 14 51 83
-126.8091424548302 -295.8700808214415 692.8987887527534 12 49 81
-126.89272440142238 -292.3712406856218 681.7126640637795 12 52 83
-121.10837848515196 -297.69912805556817 694.7555353855696 15 52 84
-114.4090640274286 -301.06282496951104 700.6751143381348 12 49 81
-112.18091965965903 -301.15965479549556 699.2100305043772 15 52 84
-110.47044516954244 -301.11884195181256 696.7253295910223 16 51 82
-107.8089520904728 -301.94735654822455 697.1459801222661 18 53 84
-103.23891781257579 -305.3177667272765 704.6347494218854 20 52 84
-99.23488184041875 -304.99883987725985 700.1513327847069 15 47 79
-96.62163077369928 -305.7880251460476 700.380463273656 13 48 79
-91.66541262733146 -306.6347325142539 699.247055722741 9 49 78
-86.96650360790542 -307.6681858606386 698.0014796325379 12 52 81
-84.20303114067174 -309.03010874269785 699.3029532271997 12 52 81
-76.33327271862937 -310.4107071647238 698.37048491335 13 48 79
-67.5031756074857 -313.62404230772705 701.551706127006 15 50 81
-65.70392200272224 -313.8730233122328 699.6480059491238 15 50 81
-62.708206418958525 -315.1679418799246 701.0692726776306 15 50 81
-65.1402100765331 -309.3178508032493 684.0552906108195 13 45 75
-57.52107445899699 -315.7816560962203 699.8276696546404 17 49 79
-54.95746906123385 -316.29642660626143 699.4558849986322 14 46 76
-49.100713155369725 -318.297680012164 701.1431845212466 12 47 78
-47.51942257966666 -318.1604978280319 698.3751009943485 15 50 81
-43.948214368077956 -319.58391854407773 700.7369402203238 12 47 78
-35.710678001443675 -321.95885920596027 701.4347898099086 13 45 75
-33.04539376986442 -322.5684396114141 701.2872154097446 12 47 76
-27.978551165104463 -325.7984066752624 708.1441471139899 13 48 77
-24.41676893834465 -325.4690219237147 703.1304329720417 15 47 77
-22.106221612134192 -325.91612662994237 702.2134590118173 15 47 77
-17.79818694816723 -328.2727583150374 706.6773019198174 14 46 76
-18.532528373444283 -325.7880572420137 697.5431177384655 16 46 76
-13.94159455080613 -327.9050298331216 702.0867233657378 11 46 75
-6.254333840013183 -331.60080094874303 708.1838358176988 10 47 75
-1.520269921859471 -332.26602037039385 706.1414532714812 11 46 75
0.7987657295003834 -332.8336757465831 705.335985883584 11 47 73
4.512731460620146 -334.3345634226448 707.6753358418679 15 48 75
27.04418236628457 -340.67233220368496 708.7464911865421 9 47 72
49.91092256282221 -347.1507201483611 709.8669677811369 8 44 70
73.52690853648305 -353.92692643444946 711.7432896636916 8 41 68
-130.39060565331516 -290.791962530721 687.1861009348729 14 50 85
-125.3820803611691 -294.65340672727496 696.6395890783375 16 53 85
-125.68820987454549 -291.7235765234685 686.0380393354443 12 48 83
-121.28583097276122 -294.8038710858253 693.1161762255874 15 52 84
-119.95520673289067 -293.7787120893153 688.3870317755474 14 51 83
-111.41276834903567 -299.6075734454649 701.324157548949 16 53 85
-109.58560887068057 -299.5334830278888 698.9487489343085 12 49 81
-89.03279984158732 -304.8644440314763 698.7706391819262 12 49 79
-88.22348761406224 -300.9355090495447 683.9340173904665 11 48 78
-78.7014028985643 -307.38726473035854 698.3733897256005 15 50 81
-68.05373964502469 -310.30401589961616 698.9317172741011 15 50 81
-66.92794801110378 -309.095706774374 693.896802202185 17 49 81
-62.503495692374365 -311.68716839300504 699.3962434829681 18 50 80
-62.855813119718746 -309.38605943085884 690.5806624965333 17 49 79
-49.40423805321739 -315.1905978670524 699.2915313589832 13 48 79
-46.522634345810204 -313.9649669971056 692.0586974819181 13 48 77
-40.740047659166464 -317.9355226692325 701.2171295544113 17 49 79
-40.93498070595548 -315.7899208368344 693.0886944538978 12 47 76
-35.867720434570856 -318.66340653868014 699.6108374981682 13 48 79
-34.817577700088236 -317.8874097883796 695.222305668333 17 49 79
-30.017571462507245 -320.85453815278504 701.3831240272445 15 50 79
-27.382722831304246 -321.53894236759254 701.276303696432 15 47 77
-24.405687242784524 -322.61480217095686 702.1777591008245 13 45 75
-17.829215459830188 -325.92124350375394 706.3260923926468 15 47 77
-19.141721850441304 -321.9997225024225 694.4978440505225 13 45 75
-12.712909967098863 -324.151988647841 696.9501624789793 9 46 74
-5.997471008793221 -326.77724656532445 700.331833475864 13 49 75
-4.842377392055047 -324.42877197450275 689.4778285999803 8 46 71
6.084661647923875 -330.87517396723257 703.4861091600961 10 48 73
9.060220360100523 -331.9069008329375 704.1800455320891 9 47 72
17.15374950244771 -333.85019287540536 703.6419638924721 5 43 68
20.721419886632095 -335.67792243522905 706.0562111895512 7 45 70
28.15220360826451 -335.58123348140543 697.3895071740412 9 47 72
69.69283141044528 -349.42614582887563 708.7761214364755 10 43 70
116.64521711852088 -359.7549386067447 698.674876219497 3 41 66
-147.60412023083921 -285.8486459822945 695.8214692613782 21 53 87
-137.38267453953628 -288.68142791849226 696.5593965287117 17 52 85
-127.46215001996423 -290.64512674402965 695.1650278288568 16 53 85
-118.52890263386085 -294.50066249925345 700.4906041962123 15 55 86
-117.374697569954 -293.5767899546554 695.6141591281691 19 56 88
-115.00503685259713 -294.3619266215858 695.5502422532862 18 53 86
-108.22316206338955 -297.8837778802114 701.8198786563598 17 52 85
-106.44533067049422 -297.26642664274243 698.4737675106929 17 52 83
-98.25234882506125 -302.4825720124036 709.5211848504046 16 51 84
-95.68921784588404 -303.2030534566537 709.535866075749 16 51 82
-96.42347260526357 -299.504901402834 697.3784679538769 14 51 81
-76.93457976955533 -305.8795685306001 701.9910146217381 19 51 83
-70.1153585651049 -306.8999849564708 698.876934953394 17 52 81
-64.82934429745745 -308.1470269584871 698.7690873790367 15 50 79
-53.266432796285706 -314.49304758800037 710.4433718606872 18 50 82
-54.40473952651228 -310.6988056524614 698.3277612271065 12 47 78
-43.20217720484686 -314.20089479534386 700.2526779319572 13 48 79
-33.124521282842586 -318.6976525958683 706.5821167318097 12 47 78
-30.10272619790977 -317.7897673717808 699.9862041458888 13 48 77
-27.029171638500983 -318.935966159962 701.1477644848455 15 47 77
-21.8416855971334 -322.02973203993 707.9727461433489 15 47 77
-20.107673951323548 -321.7456034400211 705.2369105607715 11 46 75
-17.866375945809523 -321.96191838195364 703.9115107748397 11 46 75
-9.575610695546533 -326.0030228758735 711.454586882044 8 43 72
-279.26295410919835 -243.84945644462718 681.0855248623328 17 51 87
-143.46793305748216 -282.901200737134 690.5061826762222 18 53 86
-139.78120372909035 -285.0146519281216 695.067849417881 16 53 85
-137.0831829096169 -286.18157247178965 696.3032522263171 16 53 85
-132.62420954702927 -289.60043086591946 704.3383864156551 17 54 86
-133.83651538328195 -284.86158550633354 688.8180327922568 17 52 85
-126.92089109041984 -289.05062193634376 696.8853734088335 17 52 85
-123.31475621199735 -288.1205132858509 690.721801358849 15 55 86
-119.68538013814377 -290.28498278009454 695.0490235893307 19 56 88
-117.37054907752062 -290.8737474124608 694.5801841019951 17 54 86
-115.48540489344033 -290.9654735575596 692.5929403106214 18 53 86
-113.3757725908483 -290.83250269137653 690.5961515675428 17 52 85
-109.27472795324024 -293.4012160360235 696.2206624889735 15 50 83
-104.39906995800881 -294.8723468487931 696.0792690647289 15 50 83
-102.19129717651734 -294.3810557270088 693.6578077030665 16 53 83
-98.8602028425659 -296.1970931617978 696.7129837523696 16 53 83
-94.26524979956082 -297.19996841599993 695.3204880096368 15 52 82
-89.22680339887657 -300.3978289136838 703.1387296080785 15 52 82
-85.38689070119867 -300.29080238159537 698.7657624892299 16 53 83
-81.70737769780989 -299.6820232104563 693.4351967367799 19 51 83
-71.50625496816917 -302.40546520378007 693.1845346210689 15 50 79
-67.3927796480129 -304.8270789952889 698.0624314174228 12 47 76
-64.17834568505221 -306.1209338269751 699.86506395924 16 51 82
-60.46977482309315 -305.51504666270597 694.656344402252 15 50 81
-53.21088786253848 -309.21567732048464 701.0090478229016 10 45 76
-45.36957822483684 -315.3201413441869 716.5159076483274 20 52 84
-48.63715467902354 -309.4921356727681 698.3750604156205 14 46 78
-39.02700200061969 -311.49459018721865 695.8042108606087 15 47 79
-34.76150622009777 -313.9271219783031 700.5515117957079 15 47 79
-29.548082773408158 -315.39109823291676 700.4198822699938 14 46 76
-28.38658887778743 -314.45659927108585 695.9974438785256 15 47 77
-21.092629343254437 -317.70202297159 701.2697672968884 12 47 76
-16.613349630388665 -320.445990333912 706.5281101605361 12 47 76
-17.44030819645584 -317.26448240022205 696.32175501453 10 47 75
-9.629949325926363 -321.1491133295717 702.9970004952067 9 46 74
-3.4820356048087917 -325.2034149549986 712.2169840657764 10 45 74
3.970232805204618 -324.88913132835665 703.1369340738686 11 47 73
-172.8739675893248 -271.6907776012015 687.9541836914801 15 54 88
-151.5629560945059 -279.87154115778566 696.5247370939591 20 55 86
-141.60201541781814 -282.398013567185 696.3797503356273 17 54 86
-133.0261307460793 -286.0015752081466 701.0196018043645 14 54 85
-130.05373587957632 -284.4830467269976 692.7048477512764 16 52 87
-122.13156066877987 -289.3647709901345 703.5173400517092 11 52 85
-121.15076601070028 -287.92333018341856 697.4053158694039 10 49 83
-119.34014465047485 -287.94260427717865 695.1572854495447 16 56 87
-116.94862450894895 -288.66866810858613 695.0432579130253 17 54 86
-113.35819469976643 -290.45826709887905 698.6158448071053 18 53 86
-110.83896749431045 -290.6263806905099 697.7469014108099 19 51 85
-105.3927257115284 -293.09229729971946 700.1498819844002 17 52 85
-101.5671067560035 -295.1067498574163 704.3404437147414 15 50 83
-100.11919267105893 -294.1147861989092 699.865454711368 16 51 82
-99.25482183776633 -292.95902452130326 694.2380839685624 16 53 83
-92.28081596689543 -296.39247247846805 700.4619087309884 15 50 81
-90.55949158455218 -294.9817326535261 695.8630793045623 16 51 82
-88.99680262196063 -295.53727941809075 694.0662320257798 15 52 82
-84.985737438076 -297.68457912407604 698.5978027095917 15 52 82
-81.11582742603449 -299.92017868076204 702.989688899404 16 53 83
-79.89455857021302 -298.6753742636966 697.9046801690673 19 51 81
-77.95967279942089 -298.99035852274403 696.3159980576644 20 52 82
-71.05413392517742 -302.24834393718254 701.7977988957101 20 52 82
-72.9731807838896 -297.50950428580165 686.7554655096096 19 51 83
-67.13655607066508 -302.0250243233848 697.415356475764 15 47 79
-63.798673673303874 -303.74645791466673 700.0372638998807 19 51 83
-59.55384581414816 -306.0462090798327 704.8681449349195 19 51 83
-58.22072961604628 -305.2040161128126 700.6565503414148 15 47 79
-56.059987871957226 -305.3677342104407 699.1789899893357 21 53 85
-53.56979338379624 -306.0891864248781 698.9958900135795 11 46 77
-48.63509559491675 -309.173734294857 705.8681375413062 15 47 79
-37.46562924849201 -312.3745881927445 707.1884338479673 15 47 79
-36.95321608497363 -310.72137535304876 700.7219779140804 20 50 82
-27.241397739186798 -314.55579840854887 705.5656023316653 19 49 79
-29.85074395611551 -309.86432116543085 690.5136133916357 11 46 75
-14.625737761636614 -317.0050113940325 702.8509672565714 11 46 75
-12.857229817957215 -316.9202127943188 700.4456778822573 10 45 74
-5.596794315275688 -320.1399333974794 705.4185007145148 11 46 75
9.66719557191397 -323.3205360247972 702.3716130426366 12 48 74
12.896127426601184 -324.60252358926635 703.7372730168453 13 49 75
25.031490772406123 -328.55850894837556 706.529818074518 9 45 71
28.628582712410637 -329.9067767194094 708.4175994891218 8 46 71
-148.6528914188284 -275.34940269596046 686.238699068439 18 55 87
-138.4771422025309 -278.4215938909716 687.5810286456568 15 55 86
-134.56314128821174 -277.93062117769153 682.6981859179823 13 52 86
-129.9037674394956 -281.62079481834496 691.5627915959063 8 49 82
-128.33699517425688 -281.08986675381294 687.9807063330497 9 50 83
-123.4913821877739 -284.4978584073794 696.5293417487986 11 52 85
-118.18859200061011 -283.76691081182105 688.2755280293915 24 56 90
-113.17399624824722 -287.7153643343453 697.8057644386698 21 53 87
-109.54549462980444 -287.441376109352 692.8120907413424 19 51 85
-107.11946126611903 -287.545092228961 691.7153118874915 15 50 83
-100.34045548645267 -290.9800954616277 697.8185906477071 13 48 79
-98.30662511899496 -291.20991958792115 696.2692902331712 17 52 83
-97.99373368290398 -288.9587774031996 688.0483180122357 15 50 81
-88.66133374589678 -292.68293953609054 693.3904816022434 16 51 82
-86.42971173949097 -292.7970186756641 691.9970805228485 17 52 83
-82.06984668835523 -295.54210125639133 697.9909543112174 19 54 85
-77.73543063194874 -296.65469298555104 696.2759177846709 19 54 83
-76.12164093643057 -295.68266474299213 692.273931687722 20 52 84
-74.98575492234436 -293.0398299491441 680.0437367610169 15 50 79
-66.60545954106023 -299.9497334098797 698.2477963108415 17 49 81
-66.21615541402201 -297.8890218642971 690.7983993727802 18 50 82
-58.222372293424115 -302.22090983011964 699.374119847916 19 51 83
-55.8229311447728 -302.9584267399752 699.0798008369892 21 53 85
-55.358232586444394 -301.06787925829144 692.0952557549629 15 47 79
-45.76945802722818 -304.70142867284346 696.9027324294772 15 47 79
-44.387068467926504 -304.03997849523773 693.1165270572144 20 50 82
-39.43127190220373 -307.0975137297565 699.8757589907563 17 47 79
-37.29093968458836 -307.3782273586503 698.5179203954034 19 49 79
-33.84252989278575 -306.9124322732437 693.1893140478938 16 46 76
-29.299362168887143 -307.8339719838593 691.3923002733051 13 45 75
-23.99817338541808 -311.0485878850594 698.6535292311634 17 49 79
-22.752513174283166 -310.04469450924813 694.2936915589344 11 46 75
-14.415392196694643 -314.26644166412825 702.3501058783736 14 46 76
-12.033080211387647 -312.8081356122494 694.2179890236737 10 45 74
-0.1904536565301482 -316.53173285250915 696.8521233435753 11 48 76
21.190398755875776 -323.84751488125625 702.8100714210937 8 46 71
33.22926260563146 -327.65358393519523 705.1978928535017 12 48 74
57.812467909622306 -333.71484810809943 703.6536087070741 9 44 73
-153.12496937781614 -271.3997338912108 685.8402865413133 24 56 90
-147.38591311034529 -273.8301529172126 689.316548080495 15 52 84
-134.3562005196208 -280.53526555762636 701.8181845825998 17 53 90
-129.53189693580921 -283.97528007423534 710.5517246940708 18 52 88
-131.13369973196035 -279.55610315474536 694.7994986453242 14 50 85
-125.7053552555543 -281.31875111104614 696.2551002637377 12 49 81
-123.05798570965986 -282.19241650418826 696.8383202505132 12 49 81
-121.04093386622012 -282.4178745386339 695.2704848195661 15 52 84
-116.89967604714667 -284.97652225024774 701.1286766205545 18 53 86
-114.50401817302412 -284.99782989167124 699.8116397205816 19 54 87
-113.30084309254605 -284.7423665535688 696.0980767224214 24 56 90
-114.29061086962741 -280.2320008860639 681.8010865091874 17 52 83
-106.06842630729578 -285.4748384711454 693.4095905831509 20 52 84
-103.71999068302433 -286.1809727313353 693.1621419745344 18 50 82
-99.61513926305607 -288.8734809159898 698.9367265189941 20 52 84
-96.41328048523205 -290.21615467530296 701.0391547688031 19 51 83
-93.4246366231972 -290.9218540886867 701.7680024688115 20 52 84
-90.0791799039919 -292.5667576560206 704.5269217694602 20 52 84
-84.48239161301576 -294.51286045706337 706.109073678468 16 51 82
-84.8287983390029 -291.5794713882939 695.857811588018 18 50 82
-81.4175530871321 -293.5537124868787 699.1602064947251 20 52 84
-79.59642372425115 -293.4496966352819 696.750110136493 19 51 83
-75.08530165947882 -296.1610931672129 702.858758448629 21 53 85
-71.18314802861079 -298.0380821116552 706.6955079820675 21 53 85
-71.12938599012703 -296.4740203751709 699.2947155784547 17 49 81
-64.03111875790988 -297.0155895686623 695.9619754778387 19 49 81
-62.05918532962598 -297.127749847963 694.1353370807335 17 49 81
-57.55153944560245 -300.0479044336936 700.2888771795751 15 47 79
-52.00139228999869 -303.61954975759613 708.9357729949076 20 52 84
-50.22176207759039 -303.21246601260157 706.0266829188791 20 52 84
-49.54373209924056 -301.99646152189774 700.2869979596686 18 50 82
-46.904373459263795 -302.5476770462772 700.0910389612911 15 47 79
-41.74516033542264 -303.76882313756704 699.6536597324881 17 49 81
-39.05376711790042 -304.6700257607903 699.9865874406069 14 46 76
-32.87549569235296 -306.9609184246761 702.4972036451501 19 49 79
-26.52217212578808 -309.52213090887534 705.5483834563369 17 47 77
-22.72602173532676 -309.1738736342517 700.8591707017519 15 47 77
-17.548621045648762 -310.1575817513111 700.0203608961469 15 47 77
-5.642571782053981 -315.8697117361151 710.2433130825755 12 47 76
-5.658896512330182 -314.0253328317507 702.9465697235796 14 46 76
5.112210645716172 -316.756957970192 702.6107429690908 13 48 77
-151.46069461118813 -270.64746692260917 691.051032609029 22 54 88
-142.05295067213115 -272.71930420164676 689.3295940583236 15 51 88
-129.28607996574033 -281.45313504391294 710.2034718239208 17 51 87
-130.78502665567484 -276.5411072522837 693.7049678822942 16 53 85
-127.82728720959322 -278.28480394192144 696.3634028149141 17 54 86
-126.20614246323021 -277.83864198118954 692.9789443780824 16 53 85
-114.81168660262608 -281.9219839249884 697.6213431390838 19 54 87
-110.54020417832774 -282.06976719302276 694.360012623242 21 53 85
-107.3037409497673 -283.68644611970336 697.0749107902324 18 50 82
-105.29565374380469 -283.81170736151154 695.3176696479588 21 53 85
-103.01423329434955 -284.48821633094354 694.9051987773377 17 49 81
-101.54477529169324 -283.52252982308477 690.5313171823972 20 52 84
-97.33794849192633 -286.1468955926841 696.3595726858695 20 52 84
-93.42966729802167 -288.3080913800765 700.9073695607311 20 52 86
-88.18185028130934 -292.2189871633621 710.3152464669719 20 52 86
-88.8896207325624 -288.61402278875624 698.3036320474064 16 51 82
-86.33871123944127 -289.32859738869723 698.327575708279 19 51 83
-84.51568870781074 -289.265152288224 695.9767360039443 18 50 82
-81.004114371557 -288.8060231075794 690.6016714838066 20 52 84
-76.06816030879895 -291.9634987476281 698.1114671983204 21 53 85
-73.037166372174 -293.2224722199496 699.6697165820447 20 52 84
-70.75465978943927 -294.14692215648563 699.5110123680684 19 51 83
-68.33830921340405 -293.4008233627265 697.1373805867015 20 52 86
-65.354035699289 -294.97753495157684 699.0309770854768 18 50 82
-64.32466508645524 -293.9616721223981 694.0674718674818 18 50 82
-60.63592509690497 -296.291329856326 698.13275929577 20 50 82
-59.67571486889234 -294.7476528385267 692.3512453071776 19 51 83
-54.52835634847619 -298.0450261812472 700.0391663962315 19 51 83
-51.94899725699777 -298.62452191355305 699.8041458551087 18 50 82
-48.21698251743192 -298.142225564697 694.8256583489487 15 47 79
-44.32794194936649 -300.4421181477538 698.9865361113092 15 47 79
-41.58793073255935 -301.07842070659393 699.0595161723365 15 50 79
-30.302462161469762 -304.4777454445516 700.8897897881116 20 50 80
-25.4459075352737 -307.58114183440915 707.3961729744235 20 50 80
-27.460383197907245 -303.3732434579882 693.7830888327114 13 45 75
-22.157638270523748 -306.47279243638485 700.9353497324402 14 46 76
-20.134333857131757 -306.7131641898476 699.3255372127367 18 50 80
-18.208535320608835 -306.94279247727985 697.557272830404 15 47 77
-15.740803488595526 -307.07044729479094 696.5089492723746 15 47 77
-11.51488977358342 -309.2820719678884 700.7340559308711 12 47 76
-5.850945387151516 -311.0735862858039 701.5799231770364 13 48 77
-3.4693336054007284 -311.1599836861222 700.3249537272836 15 50 79
-0.06822888933056931 -312.6214023988159 702.2683679924834 15 50 79
3.3277457083998963 -313.83022310128416 703.8801307100658 13 48 79
11.000180995775414 -315.4893773248378 702.5032879394015 11 46 75
27.77024319181586 -320.2532258831062 703.3641483654749 11 46 75
162.95219713370233 -360.2198153191556 720.4372775122047 4 40 64
-169.35457671272349 -264.94303025441695 696.8645157171422 18 54 89
-161.2169287161272 -265.1274165362523 689.4365342950243 18 52 88
-140.07752159168456 -271.6065183867392 694.3483420133427 17 53 90
-130.72560176987486 -276.58222189014447 702.8629755444787 20 54 90
-129.66286559288017 -275.09468429227184 696.6574850113766 16 51 84
-127.29129463033853 -275.95547659309545 696.7911712664252 14 51 83
-121.44984439968972 -278.3830016846343 700.0605272333845 15 52 84
-119.7321813731344 -277.3185204870912 695.7769534406394 14 50 85
-118.26418292594934 -277.05592223611126 692.470407380461 19 54 87
-104.71596853526759 -281.70612850549855 696.195010508901 17 52 85
-101.4334523005404 -283.24511252208976 698.8174731080916 19 54 87
-101.22056661171004 -280.39995472154976 689.3530064697421 16 52 87
-90.5846194859964 -286.0412748464116 699.9902857130036 17 52 85
-87.94671870580468 -286.584325087516 699.8982596391907 22 54 88
-83.1259730267965 -288.0592562642663 699.536847401397 20 52 84
-79.02261729109648 -290.4284410340263 704.56836823485 19 51 83
-77.5731329867383 -289.7279431815555 700.6267180803807 19 51 83
-68.8899954473399 -292.40935932854615 702.999629075651 15 50 83
-64.83102873046406 -292.48923650591155 699.2577304896556 19 51 85
-62.833156610399804 -292.8602255110122 697.8201369666506 19 51 83
-58.81416275545234 -294.94985047800856 702.0710690186532 18 53 84
-56.634639266685326 -294.416046265787 699.6465956985127 15 50 83
-55.19536089278369 -294.2465914402059 696.5492467635768 15 50 81
-52.1112876823459 -295.32927367348253 697.8376867712742 18 50 82
-48.217094718572426 -297.3219977190057 701.6456289742367 16 51 82
-46.11274372386917 -297.26102559421787 699.7681307887085 15 50 81
-37.40385179797515 -300.46754929456165 702.4840922087772 16 51 80
-33.17844433598895 -300.4589764233715 698.9150164044173 19 49 79
-25.326145842612156 -304.34147500242216 706.0819495341044 12 47 76
-29.64140603050012 -298.35313497284073 686.5685054069309 18 50 80
-19.19942487521439 -304.84181233501096 701.0134163859433 12 47 76
-15.692052416072288 -306.2489104701154 703.1653567922268 12 47 76
-13.543630227332631 -305.97632716247944 701.1059675078225 13 48 77
-11.077820923928089 -306.68038147023486 700.744025302545 9 46 74
-3.5798640858430315 -309.96945670810993 706.2370722901247 12 47 78
0.28221254922253913 -309.919118906146 702.0431750977389 13 48 77
2.8096414201705375 -310.64476130828206 701.7610849208388 13 48 79
7.16997524947099 -312.77477989683524 705.9187660686135 12 47 78
25.903049253475313 -317.3492428064534 704.5835997499968 12 47 76
28.3273110700827 -317.6955725252546 703.6519871762964 12 47 76
-135.29895505904094 -270.22192561348805 692.8963906523352 20 54 90
-132.07359784905012 -271.81812905513937 695.8151344001154 19 54 87
-124.58017307386925 -273.5470216939975 695.3836932890223 18 52 88
-117.63037831373514 -275.21281538758257 693.8791500347645 17 51 87
-106.60028094178584 -278.90829406544594 697.1581514893741 18 53 86
-106.92000727787163 -274.1420207646247 678.3630843648667 20 52 84
-102.49396301381451 -275.727989263376 683.0499685829677 17 52 85
-97.20716978560277 -280.33689132626995 693.878115230145 16 52 87
-95.5315085854337 -279.6389790277501 690.2940011787133 15 50 83
-91.50720078115224 -281.900123845883 695.2260002263934 21 53 87
-88.5603672843957 -283.08655087102056 696.6622577800554 21 53 85
-85.56603357939117 -284.5450615878134 698.5687647972796 20 52 84
-81.9873985212198 -286.2091043038968 701.7222890689173 20 52 84
-76.75875516096227 -285.5464554253617 693.553327805236 19 51 85
-64.73242504057725 -289.8168943075742 698.5280452338662 18 53 86
-66.09958781451958 -286.61806500304783 686.5486064343795 20 52 84
-54.70215083742057 -291.8423235229802 696.8486153929609 15 50 83
-51.8799383291461 -292.51006384574333 697.1512484151513 16 51 84
-45.12309378695303 -295.37912575007664 701.5873711365865 13 48 79
-43.67098855792125 -295.36460075711517 698.7226360659424 13 48 79
-40.29883168774299 -296.1342348003464 699.9992989739451 17 49 79
-34.86501987770973 -296.06542031880963 693.1808669912444 18 50 80
-31.874747622667115 -296.8901789689722 693.9002115085203 12 47 76
-42.86105085433975 -283.9026023977505 649.9089892864764 10 45 74
-23.180905710148853 -298.84359352361383 689.8187553642143 15 47 77
-24.098232603671214 -296.1447690418272 679.9949668187692 14 46 76
-13.308954547976354 -303.3469607291647 700.7615826695894 13 48 79
-12.067005014949297 -302.91956142740594 697.1095985462084 12 47 76
-9.908760619251671 -302.84473318848103 695.3402080984712 13 48 77
-1.869733464949428 -306.71794823053284 702.3969584795497 12 47 76
1.6257720220692045 -308.4219056181825 704.7766038856364 12 47 78
0.3725159571624405 -305.75417839401734 694.6658353984703 12 47 78
7.36075405539067 -310.3564951181961 705.7928444619524 13 48 79
11.493747648669002 -310.15342115876376 701.8488970480715 11 46 75
22.852467040723447 -313.378375080355 702.8229027415294 12 47 76
22.898320815976117 -311.9561430837065 696.3565829908855 13 48 77
23.224521344561058 -310.2296916986147 690.0287209870083 11 43 73
46.04761490351618 -320.00701413010916 705.1767931773211 9 44 73
56.6077923366986 -322.2263731920505 703.463524116873 12 44 74
69.45954401588627 -326.48147212399164 707.02081401422 16 47 74
67.87100763187888 -323.7035280001813 697.1595386359282 16 47 74
73.17420388618939 -326.48601303225183 702.7280187281481 16 47 74
149.98486089486858 -348.62944658281396 711.1166528890398 6 39 64
170.14347157656383 -353.63929116553896 709.6172912515568 6 39 64
-179.83218901272625 -254.25458718228873 687.3368104647886 22 56 94
-156.08929945014745 -265.84412754771955 707.5526831938873 19 55 92
-151.5580048497215 -269.3942314828834 716.6417381232985 20 54 92
-153.09722067750644 -264.67996882783933 699.4753616356253 15 51 86
-143.53441771036807 -266.9326982830158 698.2637564426437 16 52 89
-139.31262054561145 -266.9882987223386 694.7260206660154 16 52 87
-135.6875694582749 -269.1248221548421 699.3504911877816 15 51 86
-134.22559300094974 -268.35322012681786 695.0443319346331 19 55 90
-129.3139094924696 -270.00022598524265 695.5211345478572 17 53 88
-123.90938887946284 -271.51593762750645 696.5544961696983 19 53 89
-122.21723789778686 -271.20327538267964 693.5072669356524 20 54 90
-103.101744860242 -277.0069654910044 697.928996682321 16 52 87
-99.7343954524586 -275.56930538772605 690.6521236394075 20 52 86
-93.7597036881307 -278.4747013049247 694.6195856893854 19 51 85
-87.56306485220996 -281.41925578541895 698.9039620152978 20 52 86
-83.06149291199364 -284.135014859791 705.2337160706887 20 52 86
-82.32352552244579 -282.52476615203136 698.6974956973429 19 51 85
-74.38564794450214 -286.392763028343 707.0520586532755 21 53 87
-72.07938972135722 -286.7637766724683 706.0990330604205 20 55 88
-72.59843292224362 -284.2849505382519 696.3097419782417 20 52 86
-67.50255637807977 -285.90095986592064 696.5415623321923 13 48 81
-62.6048014773599 -289.0773586839263 703.8822725365127 15 47 81
-51.86867951820348 -291.8296264873715 704.2652344407019 15 50 83
-51.41618864961152 -289.8307750427863 697.0325166205372 18 50 84
-48.23829035584467 -291.3784522125636 699.1002014649457 17 49 83
-45.60450200916296 -292.4625484554804 699.6327066453727 15 50 81
-41.396065635610995 -294.708299629983 704.2494434117607 13 48 79
-39.75057600215174 -293.88133339785173 700.6054595461221 18 50 80
-17.140510284142522 -300.38690060111503 703.8177027872022 8 48 77
-9.131839474983508 -302.3530187060126 703.5134067514477 13 48 79
-5.531190358943675 -302.14247901120973 698.7325533782993 13 48 79
-1.859466957526031 -303.8087764910982 701.3876367385583 12 47 76
1.8927468693826581 -305.4693605067011 704.1283259200065 15 50 81
6.383191209315633 -305.9468112083293 701.5406350315138 12 47 76
-158.6388114434814 -259.59537634880786 695.0596275634931 19 53 89
-139.70939613361318 -263.6423841916265 691.6883950470742 17 53 88
-136.1432924817 -265.50274929798286 695.7493946458367 15 54 88
-133.507468939198 -266.52157749450663 696.6619876223809 20 59 93
-126.19563335605548 -268.2918437968027 696.0245388843066 18 52 88
-118.44652633060409 -269.96683904644925 695.9176729605898 20 55 88
-116.0367706498172 -270.5260181677914 695.5743347961364 22 57 90
-109.89635399299387 -271.0616637943956 690.7875472091035 22 57 90
-102.80521641413668 -274.7434409351402 698.0769176144063 15 51 86
-100.94606694834678 -275.0034242588959 696.2702554716011 19 58 92
-99.18237432311543 -274.1733685817715 692.5788509458447 16 50 86
-95.06149669731614 -276.3272082031824 697.598428812774 20 51 88
-89.33271657517443 -276.4738540812465 691.4754983035374 20 52 86
-82.22429325587565 -279.87554458427695 697.9455387851166 19 51 85
-79.89734899553558 -280.6305807059594 697.6515906503548 17 49 83
-77.32368297460307 -280.5120384363572 696.471223499091 22 54 88
-73.98953528670357 -282.036324777675 698.9798393686649 15 50 83
-67.03807419615208 -285.7024308249143 705.2587424119857 19 51 85
-68.42770950310013 -281.9725798126054 692.2884057726878 16 51 84
-60.944323340280725 -285.6552136889723 699.3873803776612 18 50 84
-58.955043983364575 -286.0077720069589 697.898289052051 18 53 86
-57.51142605828691 -284.8222153571409 693.3844706659283 17 49 83
-53.86047100538741 -286.5198983781072 696.5031571478987 20 50 82
-51.521709462440796 -287.1109477260568 695.9190518183141 18 50 84
-48.065743876234855 -288.9985967185163 698.9145978490042 17 49 83
-47.391576155963584 -287.396282076437 692.6435493937507 17 47 79
-43.27123525275803 -289.39170636018406 696.8345677873526 18 50 82
-40.308992568158175 -290.41298510788175 697.807009937601 20 52 82
-36.144323640397445 -293.02584582893405 702.7965583083679 17 49 79
-31.822508784912486 -292.78248346171756 699.0784916592909 12 47 78
-25.881165734158003 -293.0831124643223 693.5549367314854 11 48 78
-18.36370398032478 -296.4344562968132 699.4976396233192 12 49 79
-14.844601658656781 -298.5077205113532 702.521207822095 11 48 78
-14.091949113523789 -296.60711066187935 696.2664597303872 12 47 76
-4.568509820173513 -300.4160134971586 700.6118792715487 13 48 77
-3.276556434688532 -299.56697318813383 696.5530792082099 15 47 77
1.231245486089815 -301.8983515262606 701.2970553806804 14 46 78
7.15181872868201 -304.07917850752534 702.933598391533 15 47 77
29.770500442903177 -310.1920411991042 704.3558980403162 15 45 75
40.120176765301885 -312.3077020716316 702.3967616503645 11 43 73
-157.26002864890782 -258.43164267093516 699.1814127417912 21 57 94
-139.07416404553007 -263.98648122245703 702.6176609032924 17 53 88
-138.27007113097366 -262.25056069719426 695.3569281712067 13 52 86
-129.85144537001625 -263.38094425058455 690.1411584773045 18 52 88
-126.119575142834 -265.28988110522926 694.4847786512097 18 52 88
-123.67193949613954 -265.78478146601157 694.1252954257858 22 57 90
-119.24990431028174 -268.70795381736195 701.3151279546154 18 53 86
-116.83073677306406 -269.04128499162533 700.5874678944593 18 53 86
-113.60373929575726 -268.37869567677757 694.1485745136602 20 55 88
-109.76989937895661 -267.784492513586 688.9615731776908 18 52 88
-106.05989837651506 -270.2726044187119 693.982106609806 18 52 88
-102.86377611155226 -271.59327639329126 696.1866171847039 19 53 89
-97.28474862088144 -273.32811632730477 697.685350153016 24 55 92
-94.23940089924507 -274.4872789350231 699.3051660675961 22 54 88
-92.51320330924226 -274.3584524742769 696.6524757830127 19 51 85
-89.732596974709 -275.4057202064989 697.621504662031 21 53 87
-86.79995124771601 -276.11009025075316 698.3065968969642 19 51 85
-85.24349479738245 -275.7266727294245 694.9985699339512 21 53 87
-81.88770726548461 -277.2421496185972 697.6111482433603 18 53 86
-77.63967294504837 -279.55778630262733 702.8888422808556 17 52 85
-75.31606105661261 -279.64495574635873 701.5735445462508 20 55 88
-74.88664742394403 -278.43742296628704 695.1746799283021 15 50 83
-71.6823430709818 -279.66752045373124 697.0327289725786 19 54 87
-68.40942053762375 -281.0989332234374 699.2690892785855 19 54 87
-64.32182794139229 -281.0878952818587 695.4741722846451 19 51 85
-61.493630057679404 -281.82665475376234 695.9474857873479 17 49 83
-56.09931449465968 -285.2959802845571 704.4808124738245 23 53 85
-55.539477515141016 -283.8568678563484 698.1148920114408 21 51 83
-52.8185540643341 -284.7849715193419 698.6251327980824 20 50 82
-50.8525220821453 -284.84341015673317 696.6919628811316 21 51 83
-48.61817144506796 -283.8262034546909 688.5458896810585 15 47 79
-42.85972734197792 -286.8594605021217 696.8354098405225 18 53 84
-33.9987757959209 -291.7683161912503 707.3136439556522 13 48 79
-31.62227010624438 -291.69715068372653 705.8499454349636 15 50 81
-29.048173961426965 -290.88726761108927 698.5507693241501 13 48 79
-21.07479911383168 -292.69337101266893 698.1773249238098 11 46 77
-17.976199532589398 -293.7596439751549 699.3205840801292 13 48 79
-13.591791930334773 -296.0078441074972 703.9527449832518 12 47 78
-9.699713085347803 -296.01728094327694 699.8764853974517 10 45 76
-6.7919669182032205 -296.8568577573871 700.3830052960462 12 47 78
-3.575190592312704 -298.22836685093057 701.9965002470561 13 48 79
0.7692557661571201 -298.4629448697587 698.9256289725959 14 46 76
41.963348167615365 -310.7554485556352 705.6964647538923 13 46 73
-149.3035520772195 -255.15911540051917 688.7168452435129 20 54 90
-139.9742909406827 -259.8749630684418 697.2784955768242 17 53 88
-134.56922729764833 -259.38401787592267 689.3590401684011 19 53 89
-124.96279814657298 -261.28757353596296 687.6346628480645 22 57 90
-120.91074970939803 -263.59686627414203 693.1950433322544 20 55 88
-117.0178434000705 -266.061899158995 698.6762414525572 20 55 88
-114.45599208859322 -266.99577183025826 699.2146597299137 22 57 90
-107.6311470598612 -267.5810688017402 695.6221266585738 18 54 89
-106.30445842814916 -267.1731020394887 691.8187318011213 18 52 88
-103.2193453727301 -268.0959462988858 693.2158953978435 20 54 90
-99.42494744073996 -269.98706779741593 697.357437275014 17 51 87
-94.68130997014603 -271.1696988573781 696.5344665677355 21 52 89
-94.20405971480253 -269.5071076136251 689.3697616406416 21 53 87
-89.87133207912267 -272.14960399516093 695.4927521048471 20 52 86
-86.73835357318146 -273.35866231802356 697.3087309974998 20 55 88
-85.83113667838394 -272.511206789573 692.1889700814667 21 53 87
-84.37460762788491 -271.6410472203616 688.0129851243796 20 55 88
-75.3840556611947 -276.9518137429389 700.4822819311878 20 55 88
-73.02492147435747 -277.54658333365 699.9784659935804 17 52 85
-70.45495211257078 -278.09001071152466 699.7530055219637 17 51 87
-65.84946328521146 -276.89460863152266 689.829280886489 18 50 84
-62.7291527464364 -277.76457881417383 691.0097388929664 22 52 84
-57.78721104834971 -280.7602714063749 698.1767117042972 20 50 82
-55.14004850174955 -281.45549199854423 698.2587989355767 19 49 81
-52.66181019783763 -282.18894778169334 698.1007720610276 22 52 84
-51.858662611630415 -280.9876264898772 692.525391953571 15 47 79
-43.772015063232146 -283.3016031709563 693.2882537692315 16 51 82
-41.81104348369692 -283.14019377953866 691.0865838051735 15 50 81
-33.33400248186625 -287.48352680121917 700.22437506696 18 50 82
-29.54438958712922 -289.390688215574 703.640154179773 18 50 82
-23.041270584360763 -292.89984747913445 708.2156415305749 12 47 78
-23.227690032286073 -289.54284550139505 698.4667217149239 13 48 79
-21.29693927372517 -289.7831317107818 696.7094104050772 13 48 79
-19.008968533429467 -289.6478010086116 695.0801766255727 15 50 81
-15.064958288359787 -291.67596029021485 698.7663746280388 11 48 78
-9.147138822303797 -293.8878830171007 700.630639454144 12 47 78
-11.287829495460695 -290.0279464091037 687.4588949121554 11 46 75
-1.6957878807427669 -295.10993818680737 698.5664310552402 14 46 76
0.19266182977507335 -295.2345057801426 696.6007310145601 14 46 76
6.76807533127112 -297.3131085425942 699.2145692183623 17 47 77
10.402178339161129 -298.8495748175017 701.6017673545578 17 47 77
16.63857860888712 -301.0228479872252 703.660979730995 19 49 79
22.414066060997182 -301.17868078564607 697.6617489033175 17 45 76
45.93721901344345 -307.9318334447 700.9422769055194 10 45 74
59.901601735427526 -311.8003395477512 701.1631051895819 11 46 75
67.43069481387717 -316.80285403706137 712.4062981317728 12 47 76
82.95935434364274 -317.62766762432585 701.7682597114303 12 44 74
107.93941661308865 -326.57765270367804 712.1462277188923 6 41 70
139.72986500547051 -336.417867727444 717.4025089158473 9 45 71
-151.69028070217482 -254.4553286329703 698.0984944507134 22 56 92
-142.53914895722832 -255.8256030552965 694.6125529534467 19 53 89
-131.63768710937754 -259.91782111946395 699.0699378159927 21 57 92
-122.19669704930064 -263.92573939104585 706.0457065624423 22 56 92
-122.21194348968727 -261.28432868981554 695.9232501336699 18 52 88
-119.96177469260276 -261.9799724136935 695.5512689158786 19 53 89
-117.23070576951838 -262.775126403783 696.1851392304803 20 54 90
-112.70189253456036 -265.73985156146637 703.5827373396987 17 53 88
-102.3695879808803 -268.3155112547417 703.7761281070252 18 54 89
-101.74845608203398 -266.50556524850435 696.4629648496701 18 54 89
-97.34875429063081 -267.6533996090278 695.0137392210966 21 52 89
-92.5080293357517 -270.58215858084264 702.5351898484321 17 51 87
-91.0165824948448 -269.7741896265479 698.4024903738831 19 54 87
-87.11579487184613 -272.52904696730525 703.9264662529463 17 51 87
-80.94957268891388 -274.2107068869204 706.181754807828 18 53 86
-79.11732824476684 -272.03572849551216 695.2227552289592 18 53 86
-71.27191963386066 -276.2505618883503 704.0296147503525 17 52 85
-69.5957017573004 -275.501317969758 700.402255340648 12 49 81
-61.26876634689152 -278.04447748828545 702.032621356076 20 52 84
-60.45760329168612 -276.74718694353595 696.232866131181 22 52 84
-54.61430942518882 -279.08686587358096 698.6582672243565 19 49 81
-50.68945946861963 -281.04663779246215 702.6018003586485 19 51 83
-43.082572185041734 -284.8155736754701 709.7387464382507 17 49 81
-27.954636669346854 -287.66658864452523 706.64111089884 19 51 83
-28.09255511684967 -285.4700522174588 698.363818421512 19 51 83
-17.77404914806358 -289.76529464208625 704.9175859026874 17 49 81
-12.215436597220878 -289.79474607709835 698.3548531217708 10 47 77
-6.530524217722809 -292.9144242994592 706.1017590979467 13 48 79
-2.973473128656306 -292.6950099069209 701.1978420980751 15 50 79
4.5234449288895 -295.83401371718526 706.5396028581043 14 46 76
7.588620932597804 -295.15115848505616 700.3467495174948 19 49 79
16.00389048689118 -299.0682467470913 707.8559578427595 17 49 79
32.5423882213656 -301.6670938959064 700.9701945548508 15 46 73
-147.90130617044449 -251.2938522459269 691.5526280506323 22 56 92
-144.2975991503927 -253.37242103170232 696.2794957825522 22 56 92
-138.60394439726795 -253.13421893161552 689.2890037024137 18 54 89
-134.88295177912195 -255.0389390334888 693.7946155495113 20 54 90
-129.24290530385915 -255.0121059696342 687.1619027360767 19 54 87
-123.99225128650812 -258.8576862132934 697.626526935848 22 56 92
-120.02941369496601 -258.9410978514919 693.7014627004395 15 49 85
-118.26331042425444 -258.5636129809643 690.6705606240524 19 55 90
-114.24714144215964 -260.80280399524446 696.0078982243392 17 53 88
-111.37813428814067 -261.88207227540255 697.3380048523055 19 55 90
-108.15668464405677 -261.05793159314095 690.6533938149794 18 54 89
-103.80896145251154 -263.5716146108137 696.8769490677751 19 53 89
-101.49724892279636 -264.10269008499375 696.2863512321275 18 52 88
-99.31226451757605 -264.7265999015615 695.6166002773348 19 53 89
-98.1435500424251 -263.4141302204211 690.1274593140524 18 52 88
-94.27997686778194 -265.3204718421242 694.4069699483813 22 57 90
-87.60538121184845 -268.9074405687684 700.6297026208822 20 55 88
-87.31714721588301 -266.6222513210441 692.1974952480309 17 52 85
-83.5500987061125 -268.49215228948736 696.1264474759547 20 55 88
-78.56260821662227 -270.0050960108171 696.1463459636025 17 52 85
-73.50977818359493 -270.6832793615903 695.0315640285003 16 53 85
-65.86522256083899 -274.94863821751363 703.4732644766397 12 49 81
-62.11252281956214 -274.41141798773 698.3231842503728 20 52 84
-57.74974354331641 -275.21975237904326 696.1383791429693 21 51 83
-56.30160585356068 -274.4122211240959 692.1482061235413 19 51 83
-49.31042773288557 -277.335620926447 697.2901419332452 16 51 82
-45.96847602240218 -276.8955559559531 691.7118283863557 12 47 78
-36.05721679187587 -281.123539242942 697.9681326579351 17 52 83
-34.84559087525649 -280.1290463608651 693.4358990560567 18 50 82
-16.025853261778447 -286.59586711101184 701.1236733241312 14 46 78
-14.048430861301133 -287.1249431346206 699.7716808288474 11 46 77
-13.363829481219181 -285.6977894726423 693.9692029653156 12 47 78
-5.610465154335517 -289.0856189159723 700.2352312301848 17 49 81
-1.7454394048366213 -291.4013389218373 704.0195233201557 15 50 79
-1.499737920665635 -289.27225535797214 696.754522309297 15 47 79
2.4983632991999736 -291.16278402612033 700.2227578552933 17 47 77
5.935789541148666 -292.36979360569916 701.9693958499817 14 46 76
7.8747681904002835 -292.7176171225748 700.3179071649758 17 47 77
9.189231686882055 -291.8727554176048 696.3353807178347 17 49 79
30.017624295931117 -298.24113032368405 700.5822418474289 16 47 74
45.25698116790654 -305.06412848085074 711.1539582794456 13 45 75
-157.16143026298315 -246.38450058562546 691.8248862798189 24 58 94
-136.25317600300465 -252.7639071136063 696.4813873948178 23 57 93
-127.60167520642989 -256.26777742195065 701.3957001816794 22 58 93
-123.76781887443265 -256.09813519987904 696.753576932497 15 51 86
-121.12285209561234 -257.10487703290005 697.6249180664604 16 52 87
-117.7384280014594 -258.72108924322845 700.8315195131298 17 53 88
-119.33012915437318 -254.0460016257752 684.5509721154116 19 55 90
-111.19976155035616 -259.2420460119114 696.6244288508661 19 55 90
-106.02870017864333 -260.29765274438813 696.4468345592733 20 54 90
-101.13164323682477 -261.634384085371 696.2032118837634 20 54 90
-97.51205717134401 -263.58346907821294 700.1611095392162 20 54 90
-97.28459439929306 -261.1045659910326 691.1598705864627 20 55 88
-86.72286557164676 -266.418241015958 701.4526722315585 19 54 87
-85.27435236314088 -265.8689544083036 697.6583240934434 16 51 84
-83.31235625585602 -266.00224979785406 695.8137686283205 17 54 86
-80.57437909415627 -266.90699234914536 696.4792285060539 17 54 86
-76.70849888007575 -269.03475097599465 700.894890513493 16 53 85
-75.19511632028573 -267.8926789786871 696.3980884978791 20 52 86
-62.064635116423446 -271.55587703262574 697.2136741139338 21 53 85
-59.290482513472085 -272.6693089149705 698.1262137587216 22 52 84
-55.30802941720067 -274.63197127929914 702.257974751642 21 53 85
-52.60056959936032 -273.12482924459573 694.0668415110197 19 51 83
-46.9577169674775 -273.081337765367 687.6285119071944 15 50 81
-34.19828832237735 -279.6309023227091 701.7404277607357 15 50 81
-18.957937326641037 -282.9813750483269 699.5736355659272 15 47 79
-15.988110514622447 -284.06760002436215 700.5446455388878 15 47 79
-9.51742514126361 -284.34974809351024 695.8296043757352 17 49 81
-1.1472297942572163 -288.3338154058962 703.7516387906658 17 49 81
3.233204347870253 -288.7764106419978 700.9671311308568 15 47 79
9.271935618781017 -290.7728467791767 702.6255180356745 17 47 77
32.622171125431 -297.39571933749244 705.90007068265 20 50 80
-114.07718634228047 -255.46336482140836 694.1158693229913 19 55 90
-103.39139533967756 -258.67139975915586 696.2004378564754 20 54 90
-103.11054657432199 -256.4749823302013 687.6572754118217 23 58 91
-93.52177772982004 -260.687404977322 694.7687610816149 20 55 88
-92.66654955884233 -259.26532899794046 688.5904910037476 16 51 84
-82.77493113921912 -261.5057233153569 687.5678792922816 17 52 85
-76.71638338376908 -266.3011150438745 699.8090188385723 17 54 86
-72.48727354196967 -266.3116097693168 696.2638530282886 18 50 84
-70.9054027224222 -265.57070268594714 692.5145881453277 23 53 85
-64.04209223542412 -268.6644072783818 697.9673083283704 24 54 86
-55.66872004618292 -271.3341880471265 699.8587146057348 21 53 85
-45.70603700478513 -273.16961602600384 697.8325858658833 20 52 84
-40.582761805747694 -274.7214149218144 697.8671904314353 8 43 74
-13.73046280531284 -281.13001721055673 697.8828849719727 20 50 82
-12.360285902691157 -281.6090289790531 695.476929441417 13 48 79
-8.695077705144364 -282.44330689109233 697.2738727241926 17 49 81
-2.864667569372934 -283.8121555554142 698.0097813027387 20 50 82
3.0398592458350744 -285.90255037234544 699.6441924670772 16 46 78
8.775374147918567 -287.27058500789735 700.1272452688615 20 52 84
11.804414770233251 -288.27524026853735 700.9710023731005 20 52 84
25.446256076591393 -291.7880669457836 700.9307745785486 15 45 75
25.96290513369969 -290.6669062187144 695.4492974842748 20 50 80
31.76310527403433 -293.2274943336186 697.167217326224 15 45 75
48.279666010464496 -297.99571364740723 702.5950808794263 17 48 75
49.292233288915945 -297.2055806187803 698.3402048765963 17 48 75
52.10957731290814 -298.0457643211066 698.5201801825528 17 50 77
58.477914837820826 -299.9719786000361 700.2137456352298 12 45 72
78.54406406860912 -305.8965990463632 701.5672364587394 9 44 73
127.07237653709596 -319.1148881979835 706.3543755320189 9 45 71
135.15386399849623 -322.05925291282256 710.668895637375 9 45 71
-137.80077369756495 -247.5893288123206 697.2697410882586 22 58 95
-130.73957723075793 -248.57213137690863 694.919646000435 23 57 95
-119.93951463660771 -252.1035655105038 698.1014324865424 23 59 96
-115.15967560277532 -253.23911171498673 697.4074308037538 23 57 95
-101.09858357692634 -257.8509168778875 702.2148228710882 20 54 90
-99.98411555915291 -256.6915618367627 696.7702063803018 20 54 90
-97.39790800237944 -257.5207806531316 697.1381587051387 22 56 92
-95.27919002605611 -257.6351463124693 695.5438556758554 21 52 89
-90.43184854916586 -260.4610712225962 703.028818175563 22 58 93
-90.17037190194216 -258.7060436546021 695.2276223800263 18 54 89
-80.10937520044139 -263.31119338388595 703.4264338416089 20 55 88
-78.73429428498153 -262.55649652137953 699.1998874245933 21 53 87
-74.74320397680746 -264.5580619750613 703.6700083897454 25 57 91
-75.69539611345353 -261.39991419121293 691.8790641464093 22 54 86
-70.74009553965904 -264.4312094885506 699.5037674849053 24 56 88
-58.85185850513891 -266.58753464132485 695.996770524358 22 52 86
-56.07052008084421 -267.6788452422587 696.8891681478099 20 52 86
-48.586325395111736 -270.86422005844224 703.2954800074409 22 52 84
-37.72070596016634 -274.0669166380974 704.491863277297 13 48 81
-36.89298320044489 -272.77594388063255 698.848466019684 18 53 86
-34.982636652466674 -272.87487774223484 696.8671143267761 16 51 82
-31.97528362766177 -273.88649047387406 697.9156037926858 12 47 78
-27.269646861808248 -274.5169201423437 696.0130059797713 13 48 81
-15.98914913048658 -279.7050588108249 705.3902907892253 18 50 82
-11.738738397048792 -281.55630896981666 709.4056842786624 18 50 82
-10.279881994856236 -279.42598598756445 698.6824798549543 18 50 82
9.206433084919228 -284.6610218706565 700.1290578357856 17 49 81
-135.93646300737893 -244.4176344047221 692.8993546104206 22 58 95
-132.5718627370805 -246.00742056951205 696.2498051269944 23 59 96
-130.3089862573297 -246.58205065345845 695.7310980641489 23 57 95
-122.70545935409206 -248.53889959246587 696.0437498036382 21 57 94
-118.38101327696779 -251.0760295596431 702.6203698999706 21 62 99
-118.11850591418492 -249.43917327406734 694.638607726555 22 56 94
-116.09473059253601 -248.81025947576708 691.6481742114908 21 60 94
-112.15975432919475 -251.21690068230427 697.19034376214 22 58 93
-107.21104265460559 -250.46451786120974 688.1026409784051 22 56 92
-95.67117820174595 -254.3376346512358 692.8031341320207 22 53 90
-92.38048003199076 -255.71275327044845 695.2853671853495 22 58 93
-86.51226326230824 -255.8837728989932 689.4216729094645 22 54 88
-82.1408106811154 -258.284041049492 695.2933622691934 22 54 88
-79.8073282516794 -258.73715389665347 694.5895304878145 25 57 91
-75.54668452037382 -258.8551413550008 691.3188659819538 24 56 88
-71.68292010133092 -260.79396849539046 695.4661033105839 22 54 88
-58.81069169885537 -264.1472107313672 695.4313784414926 21 53 87
-50.80824031932839 -265.93930194860746 695.5020751588463 23 53 85
-45.44091621424017 -267.73452398546 696.3488296210573 18 50 82
-44.639877293071955 -266.5162767097496 690.7427835272364 16 51 84
-37.187885860280744 -269.87302547985735 697.1556119470381 18 53 86
-29.268805895698137 -271.6186757799136 696.8068052746722 19 51 83
-15.951425296891166 -275.1438948989588 697.0235708513778 17 49 81
5.915419962878629 -280.6836317456508 697.7116303390873 19 49 81
26.183005931420457 -286.3958546431302 700.5872001158898 22 50 81
28.297447058007325 -286.59345463792283 699.0447630876395 21 49 80
111.54345277995519 -308.53130824901257 702.5167614841367 18 44 73
-164.63619901874304 -234.70572533072936 693.810743212212 23 59 96
-136.84356041510955 -242.7363375022833 697.5281391108457 8 62 104
-132.02849739937065 -243.70534450652409 696.7250650128706 18 62 106
-126.17010317537681 -246.0763069208799 700.2882103705623 21 57 94
-125.27811936361239 -244.61800921055513 693.6806158842479 10 57 97
-123.02560730530493 -245.1414403674959 693.0476056514433 21 60 98
-119.05226377328515 -247.37586126543303 698.5019301174411 6 62 106
-114.08300297608986 -250.9159646160354 707.9243363748967 0 52 84
-111.79421382825325 -248.714807129084 697.0236324916073 6 61 98
-110.00813643038781 -248.79041372568403 694.7496815777592 24 58 94
-105.71100737452836 -249.0403305849479 691.7357712759201 17 62 103
-103.32361382581644 -249.53450040494872 691.2648478652604 23 59 96
-98.78146286070576 -252.39571947204743 698.4600776508438 23 59 96
-96.62670003884372 -252.58528618565998 697.0407057349399 15 59 103
-93.80836850768036 -253.3589797669885 697.742302698543 0 54 90
-89.34776638403419 -254.05376536884287 695.6674412801914 14 60 96
-86.28098463652547 -255.46380690674323 697.7474200251744 15 54 90
-85.49107827280497 -253.52332760726338 690.6884398480279 22 58 95
-83.01292326353655 -254.55685806199077 691.129232497937 23 58 91
-79.0745523107817 -256.5056275329068 695.5317193214928 22 57 90
-74.84689467726494 -258.6514129258086 700.6877295654878 22 56 92
-73.40362105475542 -257.89444076978236 696.6145166973012 22 58 93
-68.62059167036114 -259.1142199973812 695.8131487673011 23 58 91
-65.61331021088682 -258.03287415930396 688.6438214253051 21 53 87
-61.45978160297411 -260.4809417688444 693.9107000356864 22 54 88
-52.55526092878451 -263.0414829044936 696.6645039148768 24 54 86
-47.99406915458218 -263.98110011099914 694.9898174281907 23 53 85
-44.72422385890796 -265.3141431568909 697.00774398003 20 50 82
-43.14465666469099 -264.5272890657154 693.3120952281423 19 51 83
-40.959985379219745 -265.23922562310423 692.6125745026714 15 50 83
-32.722896171658 -269.06519157722335 700.9300054422145 22 54 86
-26.509335406166095 -269.71238098792855 696.2357238346681 19 51 83
-22.460085336487836 -271.5655634174238 700.0649772496948 19 51 83
-19.343949342450696 -270.86649930333436 693.8270786861483 20 52 84
-10.594390752666403 -275.1028627061872 703.0276110271753 17 49 81
-0.6580474349986223 -276.98480475694026 700.6291302979747 21 51 83
3.277913130266427 -277.0902836193166 696.7613617611275 21 51 81
11.01036194918367 -280.2924692847868 702.6256851047592 21 49 82
21.722668296187823 -282.93541142620654 702.1419648485185 24 49 81
25.277931625721084 -282.7195057713786 697.3174596336331 22 50 81
-165.65676670101212 -230.54512273916654 687.5619055226497 19 55 92
-158.5934361240779 -234.2083731974128 696.5859223870451 22 58 97
-134.83807096386934 -239.87840564073505 693.9621828599769 0 54 84
-106.98941870465524 -244.97554556271962 686.0193644563495 17 56 94
-101.75311276553013 -246.34070678995744 686.5811382229494 22 63 100
-91.51298563411278 -248.97075334120467 686.9939743867351 5 51 85
-82.9316982835967 -251.85628752515305 690.1864763948797 23 58 91
-75.84995158289311 -254.68539543263518 695.9947992031642 13 57 93
-70.75668067585512 -256.32572412830297 696.373504472773 22 57 90
-70.26338477436452 -254.54842579252158 689.1966059541758 22 56 92
-61.47601642800858 -257.7814514572711 692.8651538688608 21 53 87
-44.27493017412856 -262.7581758015889 697.0239448338306 23 53 85
-41.41302011705606 -263.51221099524776 697.5591437264604 20 52 86
-40.089912498279716 -263.39419827545066 694.2696042200765 21 53 85
-38.45049592681799 -262.48181693597667 690.5552054847276 20 52 86
-28.396322296779484 -266.91947209171934 697.3471116677091 20 52 84
-19.394485296513867 -268.1048379670548 692.7692833703225 20 52 84
3.5645299883538866 -274.61990053499 696.6600715646128 20 52 84
4.502145538333188 -273.53301507967547 691.7621140338239 20 52 84
24.46861962260535 -279.2889747812625 694.4477931413978 22 50 81
38.44476075760164 -284.4869746676838 701.7851132990061 22 50 81
41.88177679326496 -282.62268494103915 690.0741845242777 24 49 81
47.808692221763955 -285.88947147140817 697.6499923098755 24 48 87
60.86979565953976 -290.1789519053907 702.0887112725468 18 42 81
69.04586197692745 -290.5870718903277 695.0787482382569 20 45 81
95.32086235950405 -298.94314559722454 702.9606506679331 37 30 70
107.82538757398284 -298.55680505274734 687.168875093506 24 48 76
-158.38790430170476 -231.92393641460197 696.4205208319302 24 60 99
-143.96729648321428 -239.83193239998704 715.5170599368432 8 56 91
-73.86416239322021 -252.0807800330668 693.0765511391143 0 54 79
-70.34488506722798 -253.87989590056765 696.4311188118514 6 60 102
-64.79645470247374 -255.12624551302022 697.0426430920386 16 63 101
-66.09273068228832 -251.75046994175705 684.4865033138987 24 54 88
-57.35179678333515 -256.4928781747515 695.6289391674704 24 56 90
-51.52803695690931 -258.5850712411646 697.7732270746377 27 57 91
-47.246272990762456 -260.73103050808163 702.705015001825 28 56 89
-45.81746298318226 -259.89718828449566 698.6223261658895 24 52 96
-43.85901176663765 -260.1781900055604 696.9496207343192 24 54 88
-35.99133630586011 -263.7990921537762 704.4833694012445 28 51 88
-36.16620883547357 -261.6784081096124 696.0043998019659 35 42 87
-26.41881722361697 -265.8115150547146 701.8256652429764 22 54 88
-24.98572944083385 -265.02821268236085 697.920651305853 19 51 85
-14.848509672781331 -268.8917635534085 703.8379203296793 35 36 80
-16.296532220458737 -265.83162026554453 692.3426770472252 26 45 86
-11.796204626994236 -268.2806236076755 697.5726844261961 29 49 85
-9.053377047208999 -268.97557286691233 697.7099247645635 23 52 89
-4.494192154350478 -271.2205110426908 702.7096604150581 32 42 86
-3.4228806821404447 -270.41847236121674 698.2616678832696 14 34 88
-0.958230130799696 -270.861533105579 697.61338422439 32 32 81
5.314567272040725 -272.9542529797543 699.9103719710594 26 29 88
-64.56417602815364 -252.83623564627328 696.9956614054742 7 54 92
-62.67572830247239 -252.34517488038077 694.1547059489174 18 58 100
-59.193197901506466 -253.75544404319967 696.8109633820546 30 52 94
-56.42257005738023 -254.50642763720862 697.2561923037189 24 46 88
-55.36782811658409 -254.0038275114481 692.9172230926698 31 54 89
-53.400753982422984 -253.89424624314807 690.7764936347721 28 48 86
-46.072520759319 -256.986181512054 696.9145760002948 34 41 86
-41.92373155455313 -259.4559577456982 701.9764577332064 25 53 88
-42.52974448570771 -256.7752899449978 691.939278892229 24 48 91
-38.0521603712844 -258.93204158023406 697.1441291584507 34 29 80
-33.44200902135621 -260.02741960255736 695.6967180461847 32 50 86
-32.384661095026686 -259.16629077611253 691.0374093330237 24 54 88
-26.838938110280136 -262.22164432967895 699.0814151986176 31 31 78
-23.88659492565655 -263.08926288864245 699.8473869964565 48 30 79
-21.083761225148553 -264.5700322506489 701.0735768285513 23 51 84
-11.110186843652214 -266.2399916878261 698.6356598920635 26 45 86
10.465648041592496 -271.7379637662683 698.7589398453987 24 38 89
-142.4917724136205 -239.6160387411742 737.9310207769511 0 3 8
-56.88207693224206 -251.6494489789261 695.1899483547763 24 46 88
-54.315682645487385 -252.84796454592714 695.8636248091033 26 56 90
-29.326987296433202 -261.4943790438967 707.2175213956389 28 51 88
-159.7911280576279 -225.4255911808366 704.7082853421334 0 2 19
-326.2625893143856 -180.69718609055323 702.7417613524716 22 61 99
-156.77844577877156 -217.60940346803943 675.2876909197291 0 72 77
-130.62311195956192 -199.72804631769017 606.3369882856687 172 255 255
-147.0781303718892 -191.25907888768518 595.3037753280346 154 255 251
-133.25051916085454 -192.1983442047267 586.5584098969775 164 135 183
-129.5079501214276 -194.28299536683093 599.9994694487987 160 255 255
-133.71397009680663 -189.22652264608934 591.7606877863792 203 255 255
-47.807538183543556 -204.45525337253127 575.9421567781212 209 157 208
-145.16465195782646 -176.2020904004269 563.8696303266153 219 178 228
-126.07085515464978 -181.81764520912978 568.6521446603521 207 162 208
-152.37308187771663 -172.83279376931964 567.8701690298672 236 150 197
-109.92026830411312 -183.57400199174262 568.8755180554878 242 165 211
-91.43272948424756 -187.12983269600832 563.1730466864235 100 80 129
-42.04214207276564 -196.55817308580745 552.273365006433 232 169 215
-7.827967784743105 -203.01606887540396 543.5477379998277 234 168 215
10.637038728207399 -206.27491390240579 536.8278476756062 137 97 142
27.70741926469796 -210.20681952701977 536.9984309140586 235 162 202
53.42311974313024 -213.65719426461953 524.5890186150165 243 164 204
61.34737630642802 -215.9116170665442 525.7680517762644 193 161 212
-147.84919192701383 -172.2152400110156 568.0821732668793 237 156 201
-114.14040373200413 -178.84040831849546 561.4084087832558 246 155 201
-111.21881357037752 -180.25092237445546 563.9551475425496 240 173 217
-82.80867594450638 -184.82174390746857 553.5890146458478 239 158 205
-81.45976621250306 -184.66380915145234 550.9733023567793 236 166 214
-47.01650615901752 -191.62517714441998 544.6498482382835 246 166 208
-14.011498071893156 -198.48508938056517 539.4526860789189 239 156 199
-12.604476177423722 -198.44119509559636 537.2744164017098 238 161 205
24.11231921844511 -207.19792544814362 538.7778743349526 240 146 186
22.752672395143396 -205.71104331307265 531.0762416286958 229 153 192
55.863468047434644 -212.08622452751496 524.1276699044583 225 162 210
56.91696967663539 -212.01856016991448 521.5573455253191 170 149 205
62.099954569482634 -213.64834818558322 522.2885506603833 0 0 68
-119.71552328415335 -177.305426186197 571.520381277985 243 151 195
-113.02507358240405 -177.53271197613378 564.0951611861144 244 153 197
-103.66628615172533 -179.99754674065494 565.1677059704346 243 155 200
-85.89138854921785 -183.70273304536855 563.4508899034644 248 157 203
-64.76082116175618 -185.5470006950104 545.8248174191841 247 163 209
-52.725933744496174 -189.5688464155281 552.9819893499713 243 151 195
-44.553341386278255 -192.0047560034792 555.9268291520323 246 156 197
-45.506094732617846 -190.4286538016472 547.7595034728841 246 156 197
-37.456589403849584 -193.14117940798272 550.6849292402683 243 166 210
-34.17399617185521 -193.93529803861463 552.5871451177577 248 157 198
-30.437691733158164 -192.41501176457038 538.9310266103415 222 167 217
-17.635841927841103 -196.62378990714635 546.7040477094334 206 151 187
-3.011669698256101 -199.84867664914236 542.5666409061919 236 169 213
-1.2916780486057362 -199.6823177531493 540.8027092341126 241 150 194
17.05884458399298 -203.49306311121205 538.7600986334098 245 151 191
24.280145551522512 -204.3488506203623 533.6607133961209 236 145 182
32.36313925400138 -206.9719427017249 535.6473661746211 229 160 201
39.95706291043098 -206.7977384192871 526.1522273144708 236 161 195
52.93017081223347 -210.7236976955508 532.2597573267726 238 145 178
72.29830061031026 -215.25041906111517 531.4547142582536 168 134 183
-167.52807440912028 -164.03652023821354 573.5950824177945 241 155 204
-116.08319969682316 -174.99764514494433 567.2673875187323 248 154 196
-100.63135193381213 -177.07592053857775 559.0699221208667 245 157 200
-83.7068214511855 -180.6035293552967 555.663513427599 244 156 201
-66.88262699527766 -183.85463539052105 551.5352809351675 245 153 199
-58.45195008217698 -185.6068033826641 549.5819632497512 242 151 195
-47.6285595106925 -188.52912021660862 553.1883920292823 243 154 202
-32.71978925796428 -190.2709350187739 543.6623421233401 255 254 254
-24.156297083413975 -192.32503873808966 542.0520828515613 217 160 201
-15.087186462284318 -194.070706201248 540.9746004006912 246 154 198
-7.604662512432565 -195.37264588558878 536.7387466171806 240 155 197
2.1729728975602858 -197.49121114149096 537.0776692637213 242 148 190
8.08710896359723 -198.82222534962153 534.6895642894099 232 160 204
20.928491771117105 -201.5561987101772 535.9576249932715 240 146 186
27.902909521727754 -202.70870960128195 530.7365773442715 238 151 189
43.64631661004832 -206.0457726383164 528.2463510324956 230 155 191
58.30667734852412 -210.67640595311983 537.3621254105936 240 147 180
55.268920258847416 -208.16262787412853 526.7423133211993 240 147 182
62.8480947466642 -209.35076835422396 522.5377441498167 18 7 71
-114.58423593769776 -173.82032422338494 570.9793082284718 247 153 195
-83.61121636076152 -179.40581258858344 561.433975740436 242 159 202
-66.06305931381448 -181.87013490268131 552.628957505355 236 156 203
-49.44089733208951 -186.16957902925046 553.8913006159654 242 151 197
-47.38228834629701 -186.29166260394047 552.9461139453687 240 172 221
-39.27530466641853 -189.17175260563317 556.162057711474 248 156 200
-14.837892915738264 -192.8221507069383 546.2846918787112 221 160 196
-6.020674845633049 -195.01159735555893 545.0203960394117 247 155 199
2.133276997106588 -196.0435570542634 541.5765137971782 242 148 190
19.426855439225633 -199.3716988517977 537.3730214768865 244 150 190
22.064174941894084 -199.84320279797967 537.6580302213495 243 149 191
30.43693693193976 -202.71372009910607 540.3221501335473 241 145 186
37.06874105605724 -202.8537431000852 533.6958995651721 240 146 184
38.361218245298176 -202.3787654799072 531.1060500176297 240 147 182
45.70324372265408 -204.8673869670004 531.6975434031503 237 144 179
55.619196429586424 -206.73346202088013 531.5205064120534 234 141 174
64.73725684794087 -209.02895679004612 530.3317797641998 239 148 185
-87.57842853207659 -175.17287114165669 555.5618571487807 196 115 162
-56.42697241458069 -181.1028676037804 546.9874307663054 241 156 200
-44.55711883145494 -185.04740097106597 553.601781705851 238 156 208
-28.364262896211446 -187.75476065667903 547.2580722292217 254 254 254
-21.74028388543461 -188.09167418655252 540.5689232909009 224 152 194
-19.289040600413873 -188.47063593770113 540.5840861627267 241 158 201
-11.322169218302049 -191.1229753011258 542.9934756964692 246 154 198
-4.242084370975921 -191.70321129672394 537.398288614554 245 151 193
6.139096339161587 -194.52871841057905 539.319027109447 244 150 192
13.561707595004716 -195.35105699858786 534.5399962271155 241 150 189
24.491125751022754 -198.38562313319648 537.268294483882 242 148 190
28.47761092067773 -200.00021727530907 540.6144610582874 242 148 190
30.99460405054042 -198.85663463100545 530.7406069945478 238 144 182
41.25771785012693 -201.29907509346847 531.7248851223997 236 143 178
39.60322466038149 -199.4150422681777 523.490262670367 238 145 178
49.672426962930714 -202.81443378148865 529.0282799012072 240 147 180
51.14518637332944 -202.44043551937688 526.8437977138854 238 143 179
59.15061148622393 -204.05214068415003 523.6005936104132 239 150 184
-121.64306805455989 -166.76914619093904 567.2111359078311 249 154 199
-120.10111763758952 -167.0977788985308 565.4444664769363 243 151 197
-102.94095410880945 -171.45396710523508 569.2086642399864 233 141 190
-93.77618440062034 -172.90370818761113 563.1362863775912 207 123 171
-59.525292068361345 -179.6015725810519 556.0187507357052 255 237 255
-55.57642166685129 -178.48884403793753 547.4788022645614 255 233 255
-41.83299370178285 -183.37305193750618 553.6290671401895 255 241 253
-25.732015075615763 -185.85396139201535 546.890157850983 243 233 245
-7.064754247765477 -190.43129169419407 546.4898564363323 242 151 197
2.1937826963227374 -193.37465904685814 551.138372208106 237 148 198
1.9285052456337417 -191.80343586337537 544.7656165401295 243 151 195
9.016568182757773 -192.6812038509892 539.3879885433636 240 149 195
13.931454934640843 -192.4854624095312 534.0690845822663 238 147 188
26.821407891039488 -196.23039151825915 536.1795923271652 238 146 190
35.81932247755212 -198.63674125334882 539.4694282693938 243 149 189
44.540740395743434 -199.7619232856183 532.610679898752 240 147 182
60.938711645270814 -203.71388079910355 531.2990570342164 239 144 180
63.37645301961072 -204.14529703619567 531.1446441765828 238 145 180
74.2495095175009 -208.09845271599826 537.8104835964888 236 143 178
-125.38143697109793 -162.77235849637472 561.3293425634736 245 150 195
-106.44520355344937 -167.69979480260915 564.496516559918 210 117 166
-91.69114150106576 -169.40139427524386 554.4995013301642 203 114 164
-88.84742456384696 -170.51251986303913 556.3627761432741 223 142 189
-72.95619356566175 -173.90056643212466 555.8037127819531 227 155 201
-58.44989441463439 -175.5619611855773 545.4924379083881 255 245 255
-38.78848845378386 -180.41068856596794 548.1396173562318 239 162 206
-21.461521531721985 -188.464685605882 573.0069244552543 253 157 198
-32.03106040060005 -181.49100609846676 542.3545200468423 241 234 243
-23.831941140197625 -182.50608472465063 539.1913304979569 255 247 255
-21.028122636304374 -183.4046017413911 540.3236175573078 248 195 231
-4.904846470389356 -186.9634973466034 539.343424558109 245 153 199
6.34020941388572 -191.3695325692141 548.6325747731673 246 154 198
10.023704785497928 -188.8095036529696 530.2358748870073 240 149 190
18.330142322461207 -191.62796866765459 533.0199112522603 243 152 193
29.739132877229224 -193.57532606235367 531.3192445087037 241 147 187
46.3445714754155 -196.56616712107933 525.7300376853128 255 201 240
56.005243527659715 -199.35262427230452 525.9072537973474 240 147 182
67.18517011721615 -201.908647060803 528.123275565192 233 155 188
-171.42088482453445 -174.3376228280327 702.8547537507985 31 69 112
-164.2359914606952 -176.2561213506713 703.0864598642615 34 72 113
-163.9520950197763 -154.66360505364474 579.777942664987 243 157 206
-131.66861974358187 -160.25748901466895 568.642612632978 245 154 200
-105.00409517253745 -166.43054548091933 567.9121470115916 249 157 201
-99.44789949005691 -165.18071120147277 556.4383007461415 252 157 202
-90.72908777228581 -168.98637209978412 563.0939338063611 244 156 201
-74.07323051380651 -172.08650877942458 558.4208601596519 255 184 229
-64.87471461162222 -172.83028764668003 551.8117685063269 255 160 205
-56.58976545246774 -175.53305031636012 555.5860747448882 232 149 192
-56.87910899867714 -174.20879379465197 548.6643780238431 229 152 198
-40.37123825662966 -178.2392265630598 549.4210132409769 239 155 203
-37.77754319693866 -178.83383379077594 549.949555562276 251 160 206
-28.09679843511265 -182.283918667569 556.4970958407048 243 159 205
-23.063476398778644 -181.63319567041458 545.8531025635695 254 254 254
-14.664648514742924 -183.51158776599357 543.7002969170907 230 150 197
-6.487802127038499 -184.50049118108558 540.365269086431 245 150 195
-3.3128888919064514 -185.51520557683799 542.1463712660722 246 150 193
11.918272716806042 -188.60656802936438 538.91320973272 241 147 189
20.114633553910902 -190.30725086259721 536.1064455372339 255 197 243
19.908809794645734 -189.05391094076194 530.3824563006953 242 148 190
29.433060675261654 -192.086925410255 535.1812776495948 243 149 189
31.444456023595464 -192.22907789253966 534.1956839721582 242 148 186
37.759973872876536 -193.77298171882873 532.5147677475986 255 197 236
47.236021604699864 -195.57504408174424 531.7346199124677 242 148 186
55.636061367418115 -197.3599466134042 529.1825787242543 240 153 193
52.879214646564435 -195.0083723727016 519.092581925864 235 145 179
62.309688691934944 -197.53076192732541 522.8850480921981 237 159 189
66.77785377557056 -199.1537763971699 526.6561742414445 238 155 187
84.05839655123177 -206.5366676046577 545.2061775101749 238 143 179
-174.45194772556806 -167.32969256947254 685.0766403822541 26 64 105
-166.8731047551398 -172.5531440327306 700.0423054961157 27 67 109
-127.60783253876421 -158.70993442773766 566.3432004715594 245 154 200
-94.65246127494741 -164.74239537379518 557.0702238484834 247 156 200
-57.52439698082634 -177.83151716454336 583.556723036477 248 156 200
-60.88675406892292 -171.21258464196004 549.388302758577 251 157 199
-28.706534685670633 -177.88122787128597 543.0730559257346 254 254 254
-0.14144492907711947 -184.5752636598019 543.5077078889618 245 150 195
5.3732196743636536 -184.40830038810387 534.6275356982658 239 149 190
7.458771436824684 -184.37609904918173 533.654907412123 241 147 187
16.12048532008513 -187.34245596519753 537.1886581551546 242 151 192
22.88294505472396 -187.91781882987323 531.159187045189 243 149 189
41.033909618085495 -191.63539049980503 528.6712303798864 240 146 184
42.51802153616588 -191.3387414478457 526.5525850586437 241 147 185
51.45077887611419 -194.2765877369858 529.9841775742955 255 173 212
69.81155939585697 -198.03805452214718 527.3666078080836 240 159 190
-100.35392736633499 -162.6204376989332 565.951838599905 248 153 198
-94.03161809904933 -162.8005043516843 557.8656667412961 249 157 201
-83.11948534168087 -166.22743308071978 563.1553532813311 252 160 204
-66.90975274644721 -168.69400385376224 556.8253801760105 250 156 198
-49.69587204389415 -172.46382598007162 553.7551577158421 251 157 199
-43.99101427556391 -171.9632866328331 544.34814889806 252 158 200
-32.460981796887374 -175.4045158072446 549.6975719164008 248 156 200
-15.188594554584904 -179.20334259835585 546.3048141756022 231 165 200
-10.428369844166896 -178.1843796770224 535.2178069959087 248 154 194
1.482751224016455 -181.8056006094151 540.6688346471518 247 153 193
17.505424146040035 -185.71082185989118 539.3966675626535 244 150 190
19.245186856179803 -185.538117669013 537.709115255107 246 150 189
36.364518642037304 -188.55843916923317 532.950972469043 241 148 183
52.80189953424064 -192.6396312203505 531.997249158264 239 144 180
55.00234505245703 -192.7830063819468 531.3064263766676 238 143 179
58.73733919401587 -191.41041248537394 519.3990009855419 240 151 183
68.70696505842518 -194.76642711207793 524.500195920964 57 0 23
74.64930441150392 -196.99369777712295 530.8687072113877 241 152 184
-98.12008917757619 -159.51799347417546 557.9049808438226 250 155 200
-84.11698183560384 -163.10471063142276 559.2675190104999 255 160 205
-81.64329340265246 -162.6508242210549 553.2968471383056 250 155 200
-64.46861870049214 -166.0801252088849 550.2556820574965 252 156 199
-47.30754933064617 -169.43595934972424 546.8716744680057 251 155 198
-26.164570413646228 -176.07585031534316 558.5089336185355 252 157 204
-30.409310314079992 -172.60284853970742 542.6171430951633 255 224 255
-13.992917915089327 -175.56834495029102 537.1883185553951 247 153 193
-6.627963131460267 -177.6174772369216 538.0516948523775 248 152 195
-4.635827445836317 -177.8321400696185 537.1182661894208 247 153 193
3.9320676072251897 -179.24611406497584 534.8880842204909 245 149 188
21.340167049381304 -182.64149406627814 531.2266851750187 244 148 187
28.477666760109024 -184.5868147378592 531.3047227379035 243 149 187
39.42358969919209 -186.47018200814108 528.7844136027348 244 149 185
48.204036037960215 -188.56055400831278 527.1637838633939 239 144 180
56.973679759103554 -189.79374114354886 524.9014002046445 238 143 179
63.36027932446429 -191.29414990541645 523.2651463961603 239 153 184
65.41096310915111 -191.56386732490265 522.4464159833119 161 94 127
-47.48068012641198 -167.9530802252448 551.5095867277007 252 158 200
-30.185699587735883 -171.2726839921761 547.9935882246556 250 158 202
-13.191497430725809 -174.51885562603982 543.6714044682747 250 156 198
30.143378518998773 -183.12088508286706 534.0462307603653 245 150 186
48.66520042571236 -187.1050645545984 532.1800663780404 242 147 183
56.726430567525526 -188.0760970219163 528.5570405724438 239 144 180
64.68383089203259 -189.58427143052282 525.1401517004444 232 137 171
-84.82970798395958 -157.65476460925905 555.0152623341261 235 149 196
-74.7893376691901 -159.43109801118243 551.3688950729183 240 149 195
-52.74080859250076 -163.0836412416106 542.9964281731686 251 157 199
-43.87193565959363 -165.07119090776183 542.2059627261046 252 158 200
-36.34878448743464 -167.05794166824646 543.6527675009356 249 157 201
-33.952097119982135 -167.37450814984118 543.5883498409634 249 157 201
-19.552183861110258 -170.2399659126505 539.1794039397445 247 156 195
-9.27846909627337 -172.94163253213415 541.1836682915758 247 156 197
-10.69484025743843 -171.17847950989665 532.5219361102581 248 154 196
14.094253395157287 -176.45825533346013 529.8491295391851 246 150 189
16.29343954743284 -176.78941940795218 529.3728601477131 245 149 188
23.173474399666045 -177.59675254462599 523.8634371313245 241 147 185
32.564744990545634 -180.43527168028027 528.3643157224833 243 150 185
50.66010425736386 -184.15927331404149 525.7716739893772 244 146 183
-170.82714340620507 -137.5914636021752 568.7996618154925 244 155 205
-136.70581316432018 -164.1276367539184 684.7200121635473 22 21 32
-117.51068101445864 -149.47774553275448 564.1118177119382 245 153 202
-108.57222070317776 -151.24548276271582 563.7176907097611 254 162 208
-100.95345849023789 -152.51036287230403 559.7335368597871 255 202 252
-91.66528846815962 -154.79627504274032 560.536876480698 249 158 204
-74.45812611611352 -158.22471698579446 557.5846524807976 251 156 203
-67.6173989432561 -158.69673522941108 551.1517345950695 249 157 203
-49.09381271525049 -163.98005005086225 557.466778969577 255 219 255
-50.586356340097545 -162.0249904602042 547.585449024593 251 156 203
-40.51998145070905 -164.65878266721526 549.6110325759767 255 188 232
-33.16159359727478 -166.56933379070128 550.5682042692673 250 158 204
-33.592098917736564 -165.2258093147091 543.6328683313395 252 157 202
-12.590917002185282 -171.79165054603195 554.4812593977808 247 152 197
-5.538184350431954 -171.60103163476563 543.2822430437388 255 189 234
0.48875153391974513 -171.65298484478308 535.4298568415636 245 151 191
45.70415287766223 -181.107077830698 529.5802419634324 241 142 182
54.34658049273601 -183.60218495745494 532.2474675210943 241 142 182
63.19993296375041 -185.33025157866186 530.3489834886266 238 145 180
-105.91828937292347 -148.6961718464134 557.1155433568078 246 154 200
-72.54810375069434 -154.98447728383474 549.1392632597596 249 157 203
-55.03189740184144 -158.66854938996153 547.0741858418502 253 156 204
-46.52657943350009 -160.5588743355055 545.4672700056783 246 149 195
-38.71466817821444 -161.46075618855457 541.5742001818893 252 158 200
-20.20252820807755 -165.8875898913263 541.4813551758166 246 155 196
-11.064218100240353 -167.89226185640507 540.8657916882605 255 186 230
-3.430246509801124 -168.62766836200296 536.4585670032468 250 156 196
48.67863679683849 -178.7711190983553 525.1593036246178 252 156 197
58.262952545263246 -181.1724153140459 525.0103737408731 238 145 180
67.06534805487162 -182.72010524657082 523.00028015874 188 134 167
-146.8924843507489 -138.63882578748058 566.7449010602971 245 156 204
-114.88946142494014 -143.84506157877266 555.3292067589908 249 157 203
-105.11258846021003 -148.04940604208952 565.5118230170433 250 155 202
-97.81368648696062 -147.8290660213886 553.5383664576689 253 161 207
-86.23791574781572 -151.66712468797093 561.0555675674739 252 160 206
-80.42191588510536 -151.11681468122669 551.2790647999603 252 157 204
-71.5351552601357 -154.4184410610262 557.4118366146414 252 157 204
-54.710003671904296 -157.55061859892902 553.1317324289971 252 157 202
-52.75869948980023 -157.79591584477652 552.143004490036 252 157 202
-48.011606021734856 -156.57881158152762 540.1905908359304 254 160 202
-37.4369822618626 -160.7848417214282 549.6659387155864 251 157 199
-20.812076711658445 -163.8913883328982 544.6754868494213 253 157 200
-18.639966585709423 -164.27258937396616 544.2144001209924 251 155 198
-12.315919058288017 -165.66805219162504 542.6659440237776 251 157 199
-12.79394915007715 -163.93752592739398 535.6442719797142 248 154 196
-3.963305619668876 -166.83336840469488 539.8709350037223 249 153 196
4.890371799001876 -168.94731895694989 538.684927004358 244 150 190
13.565180837866452 -170.38776143029347 536.610912246072 245 151 193
22.171029674579103 -172.22719488780305 534.6704832996834 244 145 189
48.73682593554802 -177.23503353922467 529.4702144799024 243 147 186
51.05292478949074 -177.76987616065736 529.2593208428865 241 145 184
57.83579107901815 -179.32283469948086 528.296735891452 236 140 181
56.560216655106544 -177.41241584140946 520.7916218437114 242 147 181
65.1454740852165 -179.70283513256993 523.179039632406 240 162 192
68.14323852715825 -179.77647402474543 519.5511684363508 17 0 14
-164.24233868912893 -150.99181907365485 685.8148602236972 0 3 11
-109.38104362112968 -143.58692978452518 557.9568721300276 252 160 206
-106.08758441481183 -144.92868955437746 561.3403107329768 250 158 204
-77.77569381028476 -150.81715735196084 558.0798057706912 252 160 206
-78.51323258089678 -149.41857189361838 549.7021117445372 251 156 203
-76.2497406073302 -149.7775517489448 549.5348204077101 254 159 206
-73.371003569563 -150.66791328175347 551.1945349423947 251 156 203
-44.40564349487631 -156.15803533781911 543.1696557557626 251 157 199
-42.602044310131824 -156.12411000728446 541.6803369892265 254 160 202
-10.302146426382958 -162.65568371489533 535.5663024188659 249 155 197
-8.319698518862605 -162.71802922996835 534.5268261196044 251 155 198
26.1483772094086 -169.36659012011546 526.9892736255968 245 149 188
35.194303897132734 -172.41346093553938 531.0515696665233 243 144 186
42.71139253087942 -173.47458223556134 526.7106093116764 239 143 182
52.93324151518119 -175.85873978227292 527.650149114517 246 148 185
59.077958239747815 -175.88895336374995 520.4796052498895 239 144 178
61.65943055347501 -176.45536673121458 520.7164765383945 231 153 181
65.77815328109666 -177.3779092841386 519.3879874045613 23 0 29
68.25006641670065 -177.83489888288793 519.3678401007134 25 0 31
-169.59666946833158 -151.57373034053066 713.4959588687708 33 70 116
-166.04945763086636 -151.55958052037707 707.7877416182545 33 70 116
-114.13900929504065 -142.11157926295868 570.0131898659073 253 161 207
-107.99359556378721 -142.24363613642157 561.2299062572989 252 160 206
-98.26181030219813 -144.76803268710896 563.4697953602123 254 162 211
-93.20694714398759 -144.15546950847497 551.7524788924145 251 159 208
-81.61344683447832 -147.72143983507917 558.9483660883544 252 160 209
-72.3596130273099 -150.89897214263252 565.7503769891591 252 161 207
-74.98594731894046 -148.2216120445272 552.0558181985972 252 160 206
-65.07933366642716 -150.78918918290688 554.1800338598283 250 158 202
-59.59711850331873 -150.560804186093 544.4029185717126 251 156 201
-48.17082011264567 -153.65741790633655 549.8704587017543 252 162 203
-31.220734781941673 -157.1376984426174 546.0322880206061 251 157 199
-27.698070574047 -156.69757366931978 537.6893943336489 252 158 200
-25.66005651227218 -157.0863585523665 537.0322069849857 249 155 197
-14.01713870610887 -160.34150668349014 542.2565129259658 250 154 197
1.1959466923687632 -163.70501160637698 539.5192658332435 250 156 198
3.2458789000158883 -163.731773056262 538.5493959718629 250 154 197
36.01722347120636 -170.4938980001805 532.0608824094164 245 149 188
36.7441107206097 -169.76411735495475 528.3730700607086 244 148 187
44.56464639268857 -171.073652409177 524.7403850692693 244 146 183
55.6429149889486 -173.71852018054676 527.2486148096277 241 146 182
59.87814104493884 -173.04541180857646 516.6237588842057 203 144 177
66.99917663670988 -175.44905866839326 520.9693853572389 79 20 53
74.23849564372172 -177.58151697426052 525.2337120140637 29 0 30
-110.33179186726318 -141.2737182963375 573.764465237811 255 163 209
-95.65711662123762 -142.10326165140427 556.6861617861932 252 160 209
-81.3888947390743 -145.63545713806943 558.7303846041651 252 160 209
-78.66318079763211 -145.40334723390043 553.5038298450382 252 160 206
-64.47255690796648 -148.88040693008256 554.9490619998064 254 159 204
-44.273638930627136 -152.76320398637594 553.0144524280798 251 160 204
-45.14537472662194 -151.61714924450777 545.152952944544 247 156 197
-31.01067857376463 -154.93512066413498 545.7385804519876 251 157 199
-13.88235621394421 -158.19946457460156 541.893983252911 249 153 196
-10.853221745472851 -158.27236271074946 538.0028016296916 250 154 197
23.124034253737474 -164.54492827844794 529.2918765113434 248 152 193
31.460415617690128 -166.35516214848255 526.9267786471412 243 147 186
40.7363496520948 -167.9708284274655 525.974422200237 246 147 187
58.885792611025266 -171.71714194641947 523.5149775443415 237 142 178
77.6607990615105 -176.82380100391168 526.7384568669682 27 0 30
-173.62207419151812 -145.5818253949036 713.152925663827 32 71 118
-163.83598197059155 -149.4601370713134 724.4003667427005 32 71 118
-175.10297762240222 -128.853972933706 604.4851103498455 42 4 39
-112.36495310534903 -137.49262312369717 566.2031378706889 255 177 224
-79.00637390325863 -143.79553596981586 557.9771147194081 236 156 203
-77.4679084401917 -143.73180040586595 555.7947556109008 252 160 209
-62.05016896367814 -147.03529207428923 554.2759470135377 249 157 201
-57.350113346531344 -144.69933710973362 535.8603727348423 254 159 204
-45.249399528864984 -149.98173091199374 549.8026986795815 252 160 204
-28.25782889930878 -153.29017580942192 545.8780179430726 251 156 201
-11.318201391917865 -156.45302691719465 541.5665354004103 250 153 199
-8.907863136698426 -156.96580404465575 541.6532614671629 250 153 199
6.271488631326836 -159.93809258988563 538.5236834355542 251 155 196
12.72321788545019 -159.3152011323814 526.5261667894495 255 163 209
22.848135093319208 -162.63289874300042 532.9408795176694 255 175 221
32.52490996033046 -165.27721429683095 533.3734930590775 246 150 189
40.48658155025843 -166.35055111571754 529.7697172760552 248 149 189
41.479983002321895 -165.9326448495257 526.7650816214369 241 148 183
47.05222270301903 -167.81504231767914 528.4853896826119 245 146 186
58.46220042831783 -169.8976135602348 526.8198050696043 239 143 184
60.39994350661109 -170.1005283589366 525.7895168233991 240 146 184
68.13297906893743 -172.23209891989603 526.6793905491945 238 143 177
-116.24395250686717 -133.4123784062925 559.7311934539903 255 219 255
-51.7068224844239 -145.65063814671524 544.3302180595556 251 160 204
-49.9555594931214 -145.70815469067 542.8193890722023 254 159 204
0.56502950820482 -156.2155627092381 535.804280616944 250 154 195
16.37039625830068 -158.5921454756761 528.8207005582709 246 149 197
17.68764771498816 -158.3418281675283 526.4247172065662 255 185 236
27.795006354588526 -161.91018541293698 532.8806379807997 244 148 191
53.17181650913475 -166.4738940878393 525.524818400304 239 144 180
63.40822476494224 -168.92586823295045 526.4538950387541 239 143 182
-192.30040934914743 -134.5026828948005 699.7804583881067 33 72 119
-167.68828436495903 -141.81589880568487 713.6654380445013 36 75 122
-153.06851914542884 -123.02981229207569 559.9283794587518 247 161 212
-129.2145851523094 -131.34802397056242 581.7385451226886 249 160 212
-98.01804225870814 -136.2747462045891 566.5416549933747 251 162 212
-89.3267892302902 -137.14032473145122 558.8277875041853 249 160 210
-86.02013361509854 -136.2022470102094 548.5965170550464 249 157 208
-83.52825015967892 -137.0333715554402 549.4694224802295 249 156 207
-72.20693729791215 -140.52658038439807 555.8504789090226 254 161 210
-62.62107299329217 -142.95215892051343 562.5123073842516 251 162 212
-55.266187768312484 -143.70191907249733 552.0422478427685 253 161 205
-48.6211851328572 -144.13680958004494 545.3330327305019 252 157 202
-38.4674245667069 -146.8192128301047 547.7147063070281 242 150 194
-30.26937506747346 -148.8617488670551 550.5232150413652 255 160 205
-31.64628804000834 -147.47817297155035 541.660035119935 252 155 201
-20.59765438418102 -147.7678918200103 529.0155985679487 246 149 195
-16.59749875869473 -149.5499162691735 533.1711125833219 255 161 207
-4.5936297086420605 -153.00654235903536 539.1273685995762 254 155 199
12.441341970243647 -156.21233521436935 534.8835807463544 247 147 194
28.340583523288043 -159.7399096782684 533.2573212231681 236 141 186
29.88126121396555 -159.59408381057085 531.3142198489728 245 151 193
47.406888357022964 -162.93973676777105 527.6756943383037 239 144 180
50.70764945093469 -162.52273739988837 519.8597238539037 240 146 184
53.52387997394185 -163.27429012228302 520.6408954288667 237 144 179
64.78428057012368 -166.23347622464135 523.586463959193 239 141 176
75.29062506628598 -168.9013520685012 529.1966146759561 236 143 176
-171.59122539914085 -139.0589880362304 716.4979187656465 28 70 116
-170.2615356766168 -138.5684527864517 711.3722700019958 31 73 119
-134.48588709325622 -126.43310049785723 570.2250475133222 251 159 212
-101.43047684867486 -132.50775452891676 561.7826148883252 250 161 211
-88.10002907177687 -133.67965143902785 548.2747534551615 254 165 215
-83.88905886621896 -135.32338728857317 553.8084444756155 253 164 214
-68.28667690242125 -138.39919999573308 552.7457743933433 253 162 208
-67.09084046902665 -138.4681459427447 550.0088344672961 248 156 205
-52.330533684922536 -144.9334532654717 576.6554595468659 247 207 234
-53.12669041988236 -140.820905655684 544.6589986655115 253 161 205
-35.248386459613045 -144.495891374501 543.1901087796186 254 159 204
-33.653707153008725 -144.58917194803098 541.4118999761471 254 159 204
-20.07637187320186 -146.85930371537663 535.1455556849327 251 157 199
6.399961793096856 -152.3722869035806 531.5065164914419 242 145 193
32.89616561299754 -157.27465284525218 526.8825606547721 244 148 189
38.80520730221138 -157.3665754641781 519.3356715716657 244 148 187
48.95380897484101 -160.03518919371976 520.55294181599 237 144 179
59.80770484559706 -163.034436633796 522.9535222856882 240 142 179
68.55418791132776 -164.3047650948612 520.7867395452705 178 91 127
-169.8389854921965 -137.62506184919388 722.1964620865724 28 70 116
-161.71675944001174 -140.0463301394436 725.9367246753974 34 73 120
-163.0685978419855 -137.04644703071972 708.5672876410067 34 73 120
-162.86911955850493 -135.95471849542562 699.2589590702103 30 69 116
-126.60671619032456 -125.2716185601264 565.6333171005268 253 161 210
-118.39025587809653 -127.89925762174833 570.8393515736639 254 162 211
-99.95571841179202 -131.1020022487782 565.1816814519769 249 163 214
-93.9577860127517 -130.855178252043 555.8533622572318 251 167 217
-85.55985349532071 -133.7271847016764 560.9764391083464 253 164 214
-69.13091063341037 -136.7352508985938 556.0246020936767 253 161 210
-67.11127426995695 -136.91112969638579 555.1368520859294 253 161 210
-57.89289620812533 -139.78920978812812 561.3599859450645 254 170 216
-60.05969241698579 -137.54865196690145 549.3807437661235 252 160 206
-52.58562668799278 -139.61567388399126 551.1063174350413 255 160 205
-35.513133214056694 -142.87597923512632 547.4709845550883 254 159 204
-33.556480745876726 -143.06255427326852 546.4677507176353 247 156 200
-18.65951551341 -145.91736794994804 543.044644968263 252 156 199
0.562608730832 -149.4354172468466 538.4673074735238 249 153 194
7.6922425528671425 -151.42899586532934 538.7907746535466 251 152 194
7.196317552200052 -149.41335219870192 531.8063099594784 254 152 195
23.718245873460507 -154.03559584623852 532.2091858975341 248 149 193
34.839231085987755 -155.85468664577684 530.1449238653453 243 147 188
40.95390263898058 -155.8381603909234 522.8233580246601 246 148 185
62.68687126144578 -161.29299544991466 523.0895442557817 238 143 179
70.27752611341437 -162.73344033277263 523.3923070167975 245 151 189
-162.0920377515295 -135.34439758664564 711.3605504598958 36 75 122
-158.7006458763516 -135.04877574466497 704.7336231616378 29 68 113
-90.1483273543545 -129.42709087413374 553.1774246062595 251 165 214
-67.45858577463702 -134.48930823436868 553.3620690977406 253 161 210
-63.132592518229224 -135.25448529146345 552.6132341496221 239 158 203
-56.124099053815115 -135.98560794029956 546.9056424229797 252 160 204
-30.314768228076712 -141.91955848617545 548.0067779045427 255 207 241
0.44551917371430894 -147.21014921889272 537.5796928923314 251 152 194
10.97575667143437 -149.58308887843367 539.6914927596978 251 152 194
34.60623930960256 -153.5540712903605 529.0944200159681 246 147 189
46.51174913367673 -155.40391626282755 523.9295221098763 245 147 184
68.26693444250888 -159.5904271342635 519.099874994438 77 0 29
71.48335911932816 -160.540476866038 520.5684259082719 77 0 29
-166.09207540405558 -131.97647710196333 712.7775103529726 36 73 121
-161.691932318403 -132.96419440177766 711.277977996397 35 74 121
-158.26065089087467 -132.66293520225432 704.7553937451612 31 68 114
-128.47000786516622 -121.3426699950637 571.839765374265 251 162 212
-105.51787323125814 -124.70199835740075 559.683671750809 241 171 221
-95.5932634015009 -127.19238642101197 562.4886872508088 255 253 254
-89.40364418701228 -127.48053416928593 554.2450247655343 245 164 211
-62.083174386648565 -133.20167701393288 554.201164047285 255 253 254
-55.70434979637064 -133.86660204214473 547.0717310892699 249 157 206
-44.94072412612352 -136.89577129985653 551.2013509828943 253 162 208
-39.955951046078496 -136.3557706148135 540.3677728883321 255 218 255
-29.092153010438295 -139.2168509587923 544.2729936387193 241 157 207
-5.586079939107018 -142.97790542493667 533.732531893206 251 156 201
43.272425787420694 -159.00941722065133 571.7295234569671 253 154 198
39.35679353804211 -152.08538372309079 528.2053007648767 243 147 186
56.19859058888562 -156.16644418583658 528.2124751659969 245 147 184
72.48133344749262 -158.65493147290803 521.8249163427868 87 0 34
-160.95655956780436 -132.13746249023802 723.1282800290095 33 70 118
-162.15309781876104 -129.78502402449436 707.2450074397822 33 72 119
-158.56340063417198 -131.1849356118151 712.2005153458874 33 70 118
-154.71425868831003 -131.57862284858646 708.0584876767749 29 67 110
-124.75187873388842 -119.43873851679542 568.1782445676251 253 164 214
-93.36093017508765 -124.3109894398152 554.5877649052522 255 235 255
-57.568054380167396 -132.84832330548178 559.3728214773618 255 254 254
-59.97130045715136 -130.74424315716547 546.9828942476014 238 158 203
-34.849918255740505 -135.5452542188023 540.9278036152391 255 184 231
-9.30778644217485 -140.2434541496821 535.235670763434 232 153 195
8.97410277930217 -143.90900016973936 533.8876393328957 254 152 195
24.66294332198416 -146.47981907427166 526.8857489390188 246 150 191
41.89258843736242 -149.63810721376382 522.9428770412229 243 144 184
50.94266960352335 -151.89629822549827 522.0312415178485 244 146 183
60.018282366176734 -153.49566101595784 520.7120983540266 241 142 182
65.3950374104411 -154.39436056328753 517.1851890059822 209 113 152
68.79447942760413 -155.20317825883149 518.9030843118381 91 0 35
-169.3189710790478 -126.9243619677543 716.4663957953488 35 74 121
-151.97470373006385 -130.95005355835224 717.792305647724 31 68 114
-59.47200168617492 -129.3918874779075 553.3524586345962 255 247 255
-42.28977982627049 -132.820617509991 550.2229854274425 226 185 217
9.911984702821957 -141.9881907393165 535.1611994094303 252 153 197
18.529581789430765 -144.7052417240249 538.6174451197029 254 152 195
33.89447296267344 -147.02596756437617 530.6368405669236 246 150 191
42.246133701661165 -148.24459712096743 527.8911306904237 246 147 187
42.88610284882173 -147.7017532538766 524.225291407987 241 142 182
51.75051370299078 -150.49962559047793 527.6801633079547 246 148 185
-175.11697040645288 -122.50296310099807 710.3107127818045 34 73 120
-153.66568058797017 -126.77519494489836 708.5671312713995 30 68 111
-91.13027977961444 -121.15375706575074 559.227037829627 221 169 218
-69.37558527023661 -124.77030496312766 550.4328949844535 221 192 212
46.58931918653366 -146.93910701029426 526.3913775159131 244 145 185
46.444751578273625 -146.08183918614202 521.2359270249402 241 142 182
58.05924187854984 -148.39295705551308 520.293661227416 242 148 186
62.50097310176111 -148.64890356420403 514.8969341801115 235 142 177
-183.01531672288783 -120.1822601361622 727.2653922407499 30 72 120
-172.4663349592904 -121.73075948359632 720.213656921851 35 72 120
-169.21447244384422 -121.42016211279984 712.7969586570454 36 73 119
-166.16380546383573 -122.39908701325331 715.559631100756 35 72 120
-155.07895167072044 -124.14287757998159 710.8089373228094 33 72 117
-153.38562266193878 -124.21178962102618 707.8302982752388 36 74 117
-137.39459736413176 -109.6292496565576 566.1339648703498 247 157 212
-130.91653136628102 -110.87533059818828 565.6316063242724 253 164 216
-96.51403194820023 -117.20703353193615 555.4119035750838 223 187 219
-86.30984569935754 -119.95051792617922 559.0637771098923 252 251 251
-79.66446447401533 -120.4789817753086 552.2121327798762 255 236 255
-70.97055855600155 -121.9433457050361 550.9680207912088 255 243 255
-45.715653249047264 -126.99984809361243 545.5893661182889 213 202 210
-18.75976235200329 -132.46785003887229 543.4166678532922 215 174 198
-9.726893031160389 -134.931054798784 548.0015028982472 255 248 255
-5.39807151072803 -133.33176172920258 530.8170991954984 250 156 198
-1.1753195287649254 -133.30936361417974 524.5251388910382 251 152 194
13.913245172334895 -138.13858097644345 532.2031235834404 252 153 195
22.092746710273083 -140.26265362653243 534.4694998547117 248 149 191
33.512454334576475 -141.98493705120137 532.945994203258 248 149 189
49.004371000979425 -144.89550216956425 525.6086340360735 243 144 184
57.10103240115228 -146.89758050860635 527.2427514185396 244 145 185
66.30805201640023 -148.12212427338295 521.5223194582474 241 143 180
-186.8828497814155 -116.05104021884915 718.6742751564173 34 76 124
-183.31862811950336 -117.5532255728823 724.3618594294094 31 73 121
-172.0415013680657 -119.52977285484633 720.5053701369148 34 73 118
-169.85314028799579 -119.52285750712738 718.8269333610228 35 74 121
-169.4192865720055 -118.52985749891354 709.8951175228749 35 74 121
-166.00368139859367 -119.91344189696595 714.5250041629379 35 74 121
-152.89959813245898 -122.03564142171949 708.3217717197921 34 74 116
-100.92207114228948 -113.98190527620811 554.5326535554308 255 250 255
-83.99027475592449 -117.23457651983229 551.6653183480389 245 214 242
-67.84488271248017 -120.03306757659946 546.3746729075044 255 249 255
-65.45709238978537 -120.67686254267988 546.7794197005825 230 207 228
-50.30693382052733 -123.625939772279 544.6418561493292 210 185 209
-31.67755565265405 -127.00041933790624 539.5076661481685 197 174 195
-15.079611785962285 -130.02423601026982 534.9106246577352 240 215 237
16.496227655911696 -135.75787129957766 526.8642481651196 248 149 191
33.212743123688696 -138.67523708377638 522.084011723524 247 148 188
36.695005539183455 -139.86659271631387 524.3978768545296 246 147 189
51.44216923766554 -142.47720303493176 520.2655931672399 245 144 182
57.651605939759335 -143.14767963066706 513.7299466300066 241 143 180
69.65467692482444 -146.17848262008926 518.0505330170804 151 78 118
-193.8347632449807 -113.4460119062639 729.7911611197497 37 74 124
-177.56900053249404 -114.86439959954258 714.6369374182298 35 72 122
-163.2989254591785 -118.05995304605418 714.0481753182489 37 76 125
-159.89070315911823 -119.2000726512147 718.1434346207102 33 72 121
-158.7445339948572 -117.58324919496745 702.2728398954954 34 73 120
-152.2334141513436 -119.80812724076111 709.2847451082424 28 67 112
-165.5285450845862 -108.91079157103539 643.7056698333307 67 38 42
-142.85810610201167 -103.17332603757585 559.5877969147944 253 163 218
-123.75129893596245 -108.19313163082057 565.2933077802865 252 163 215
-114.57604427045445 -110.31235630881862 566.3106060825094 252 163 215
-99.72306168376291 -113.19408867903631 563.8356103727549 253 168 221
-84.13461300086604 -115.63609894434975 556.686698031035 255 250 255
-78.74787750709423 -114.38806017545504 539.8859930612057 248 168 217
-67.41697463450664 -118.59620831282912 552.6355290572274 233 166 210
-34.35675740808857 -124.62020402919761 543.350100635099 241 172 213
-15.842868819634953 -127.84101014853712 537.6480979882017 211 171 200
-12.947617653942178 -126.1798916760039 522.6636598496652 249 153 196
8.300589915252147 -132.8789490665639 534.094509657562 252 150 195
18.574458837962986 -134.42424167470355 530.565587979357 250 151 193
25.21829350310849 -135.9605230348131 529.6726776288515 248 149 191
26.758655369988045 -135.28608604492922 527.4630108032501 246 147 189
33.69732884888324 -137.11567051527834 527.2308815121604 250 148 189
42.715281253017466 -139.32774815376297 526.2960911085894 245 146 186
51.62293204250675 -140.8062307569377 524.6931635302211 245 144 180
53.531022824201244 -141.1100688231368 523.7047562629875 241 140 176
60.4411194687169 -142.72221616998866 523.1156249338393 245 147 182
58.637473404604286 -140.7757525940758 514.7373594510697 239 141 178
66.35498851051786 -142.7745808780301 515.7313690742058 170 108 147
-187.01292220665232 -111.92936717496805 725.5581683710503 33 75 123
-181.4402623867566 -112.1519418853881 717.5376983330118 33 72 121
-178.168642492752 -113.27896451526892 721.5092478613676 36 73 123
-175.21488844166979 -112.84137856741697 712.74188326933 33 70 120
-163.334111191924 -115.07252602742479 711.5707844561189 35 72 120
-148.4435770273505 -96.90571328439529 538.2885258993833 252 162 217
-104.30418993943748 -108.97151924641426 555.5465476666715 253 168 221
-72.02193573194306 -114.57941725744455 545.3467617397721 246 166 213
-38.20203870540899 -120.96172778398594 538.6591455817244 255 171 217
-5.067782387912159 -126.97590410860046 529.5556800556218 250 156 198
28.536255002461214 -133.88058358502917 525.91583473731 248 149 189
28.95032170235378 -133.33962381828232 521.7920194337628 251 148 189
61.253117515763854 -139.64109352099194 514.7976210073514 240 142 177
63.29087495027841 -139.82574592870913 513.9980976165764 236 152 187
65.70185019357997 -139.91654402462734 509.5134208212232 11 6 18
-188.59825888961555 -109.15440491117023 727.1185116067958 36 73 123
-178.2063154748257 -111.56709028083573 730.1898791373865 36 75 122
-174.94332232668773 -111.7071408918781 723.2531673607309 40 74 123
-170.96304452623204 -113.28055336626039 730.2242337114072 37 74 122
-170.75041288016016 -111.87202500538882 719.6084364114538 35 72 120
-160.82199366375605 -114.0681538136501 720.4808418023298 36 73 123
-160.13213430012408 -113.55356096881023 713.2248777114077 37 74 122
-165.16439017587555 -98.57573634566445 596.0735616852061 249 159 214
-141.23978722084541 -101.44894229174548 578.2154710902362 245 164 218
-109.77464832403163 -106.68888142866635 564.9885824882376 254 167 221
-99.4817335792012 -110.1304396766821 575.9586581982994 254 169 222
-103.03240341896526 -107.39286120642606 558.3338459572024 254 169 224
-93.2778117687767 -109.75271634312159 560.7487413778341 254 169 224
-76.25293098949756 -112.69056088291451 557.4653592639908 251 170 224
-60.86281241548003 -115.40410767076396 550.1126535033669 252 166 215
-43.86895093795303 -118.44951310406229 546.5594272337152 252 163 213
-37.340455711336155 -119.1452014619102 539.971784908833 253 161 210
-25.981107526208753 -122.37085409110618 545.2556828336499 249 158 204
-21.100703613618954 -122.11323079256931 534.7483950669317 240 156 202
-10.316774117066402 -124.52184035518921 537.9858303359639 255 248 255
12.513153617622336 -128.2069940048235 526.3220722753514 252 153 193
24.11746822094866 -131.1025751377746 530.7808099004666 248 149 191
40.33727650908677 -133.8480822908821 524.83844411185 249 144 183
44.00036490639338 -134.0233882897285 517.9446977148597 245 144 182
47.46908428543141 -134.91182816240536 520.0072844526194 245 144 180
58.46587379388123 -137.29904829891643 522.4984748187923 255 158 198
61.11962790220614 -136.4792738319305 509.2473292635161 16 0 31
74.39907001052077 -140.84835666859442 520.5952835105335 184 129 165
-189.6228102719839 -107.12142187172763 732.0591969153196 37 74 124
-177.88914725964764 -109.29246512111034 729.9820457553543 34 73 120
-175.3561254607701 -110.01319553347199 730.6727825097809 34 73 120
-172.6076277642848 -109.1402951688639 720.3182163449064 34 73 120
-105.70743725417546 -105.03140802372342 562.5868207493611 254 169 224
-92.92440751788878 -107.60621438778237 560.712017785595 251 169 223
-90.04682853519682 -107.44230151929754 555.769869062524 254 169 224
-76.68933294090905 -110.45174040043341 555.520114887044 249 167 219
-60.221237465690585 -113.4042030017095 550.8655118658517 251 162 212
-40.27051058917361 -116.5942156819911 543.1692820704505 254 162 211
-26.993475355506295 -119.41046755740996 541.8891030325409 250 158 204
-24.848738433309624 -119.03045149816174 535.8569178905162 253 160 209
-5.656746660566368 -123.89541078780606 542.5527224836102 255 232 255
-7.626496869172773 -122.41396695674938 532.7978620384094 255 241 255
9.180776683547606 -125.52161408484324 528.5489514829417 253 154 194
27.487201738278085 -130.0039939318049 532.2911810532635 250 151 193
27.585075124778758 -129.23543359414492 527.4053990631635 243 147 188
43.25950536408268 -131.7328274633117 520.4579175948277 247 145 183
52.35376323341255 -133.85605502657637 519.6215981121663 243 141 179
62.94658458782511 -136.54687089644034 525.8920294276043 255 219 255
60.87415641137583 -135.20483172631987 517.3449535210087 241 140 178
-199.96428610357324 -103.2117605410612 738.7224863914292 40 77 127
-195.76527478614346 -103.73114436301228 735.4442745193437 35 72 122
-191.5045652257724 -104.02573330337943 732.0275054675413 34 71 121
-184.00695253683034 -106.01296688829893 733.6831149009238 35 74 123
-182.85803078172884 -105.3794727846183 727.1775560773077 35 74 123
-180.41019052657612 -105.95162596386895 727.3815347061683 33 72 121
-178.79292872091602 -105.74606031238494 723.3661176135715 36 73 123
-174.07795562335204 -107.91939924425732 734.0670327017849 34 73 122
-170.0528152397471 -107.15494877793772 719.1088659830623 37 74 122
-166.01272492729683 -109.04066949145646 726.722889399012 37 71 120
-165.82305204775133 -107.45318565736669 715.9009423586316 35 72 120
-104.31492888979669 -103.47310089474242 565.7464716095672 255 169 227
-89.89279034928157 -105.26144474681006 555.2199462078859 251 169 223
-73.94949164451417 -108.73983479267677 555.7446483601618 228 178 213
-41.21491999957775 -114.6229425247499 545.7963796682939 252 163 211
-38.609736402204845 -115.09203929209606 546.4300565188187 249 160 208
-23.97590108376544 -117.88437657939122 542.7027357789325 252 160 209
-24.039880614468057 -117.0822868396514 536.9386253542709 241 155 202
-7.3576390320591045 -120.84243204016482 537.9439791075893 231 151 198
26.380466685316865 -127.00256465154375 529.1861392567355 244 148 191
28.157551678556626 -127.10492451410359 527.8611709206417 249 153 196
43.77326819520993 -130.27614562750372 525.6413592594611 248 145 186
44.271072731466184 -129.74162737340654 521.7500325131915 247 145 186
60.77858569800799 -133.24431449785288 521.0969557989548 243 144 186
67.12374247891594 -134.73922976127028 519.4930928554924 242 141 179
68.66824705931447 -134.8298517718987 517.805120784181 232 151 182
-190.69323136526774 -102.12897464606613 734.2660998443869 38 75 125
-180.3894091207034 -103.25737771602492 725.3863684438821 35 74 123
-179.0521992303547 -102.88334238473496 720.1239223201968 35 72 122
-171.06637246928 -105.10982055001996 723.7973381383156 36 73 123
-162.8116312174422 -106.02616178105932 717.0922288177916 34 71 119
-149.7311534656714 -91.74013218142635 567.1767884213997 222 174 212
-88.74222973290631 -103.70975077728569 557.6525124800696 253 171 225
-39.21133572036282 -112.63768760094257 544.1736847948066 251 159 208
-20.389507915065444 -116.08582068527369 539.4002859901261 230 165 207
-17.74653448330613 -116.05802205801649 534.6829630320073 249 157 208
-13.490480718117974 -116.9077662752262 533.8272382097738 250 154 206
-11.578022950061145 -117.11777505792794 532.8289313338144 252 156 208
31.659029119170263 -126.06127722805353 529.6257290160429 250 154 195
47.72903658331285 -128.7355360610148 523.3651005678408 249 147 185
50.349780768433625 -128.70584198622706 519.0265390613192 236 134 175
54.74026196589277 -129.6418340852644 518.2664541640294 253 153 200
56.81106675365428 -129.79496983655537 517.5143793255079 241 142 182
-217.02432314379521 -95.36232106663829 745.7277789653282 38 74 127
-214.70608395129216 -95.65818347629387 744.9584992012393 44 77 131
-202.64894278772582 -98.36882829767416 745.3333554167708 36 73 123
-194.97580316738254 -98.60861637460863 734.4345765191085 40 77 125
-185.3583514368659 -100.56124982088012 734.1007477447091 34 72 124
-181.63209579869516 -100.87579512095395 728.8665955327326 33 74 125
-177.61101860183393 -102.2574723462632 736.0075941745196 34 73 122
-177.9820105864087 -100.77010790200039 722.7908516024744 34 73 122
-169.23706293694778 -103.65695132359734 730.0833461364005 37 74 124
-168.84410158470442 -102.36942398276598 720.2329877877406 32 74 122
-166.33263500117278 -103.02854066010809 720.7573283756785 31 73 121
-158.84074018155098 -105.24799540366153 731.4484502741911 34 71 121
-160.37448999355166 -103.42898390013534 714.5958882625296 33 75 123
-155.86077508814523 -104.31372961809492 713.2622428410446 34 76 124
-151.56668362080467 -104.80396640570972 710.6539319068397 32 71 116
-156.86428211077867 -90.32951517249465 587.9003549448913 248 162 220
-117.90205447043118 -95.80817064048497 562.5965593516577 231 175 220
-114.38273253815792 -95.01428318169681 552.3432254364616 255 241 255
-110.11879631582138 -97.17968192276136 559.3304414525514 253 170 229
-100.5430304143181 -99.45488825200799 561.4532526353147 255 250 255
-92.88812027610157 -101.02972157500582 563.9392999061789 247 174 225
-93.5728176298393 -100.2369037757415 555.5421377250123 252 170 227
-84.3210095931276 -102.30671870816504 556.4015964645421 255 239 255
-51.11641045222007 -108.29050893578336 547.9507353020668 240 159 206
-48.28887233901701 -107.32615822935178 537.3870405071929 250 189 225
-44.82126120562584 -108.76713373041639 540.6596471129619 250 164 213
-35.177395935784524 -110.98242221540514 541.8803115311206 249 160 208
-11.21167870535216 -114.99124570410687 532.8888902666574 252 159 210
-0.5371868633535181 -117.63889840712682 535.9498684702937 252 156 206
1.7786298862029186 -117.56484955895976 530.6893827729814 251 156 203
15.191451522509288 -120.14914520746606 529.1512601884893 255 198 244
22.19951434020973 -120.9825946573104 523.9624932609468 245 149 192
32.65069870536839 -123.46555159701187 525.9873326444038 248 149 193
41.41176890377451 -125.35377405855061 529.0436950441343 214 149 189
49.52119194691164 -126.49351319274916 521.4286116420861 247 146 184
57.66316303643221 -127.89143725944561 518.5472029935265 243 145 182
58.43787011397496 -127.31255805584613 510.88488669377296 235 149 182
68.63124547129996 -130.70838315822633 521.0925209969012 237 139 176
77.19502552756653 -132.55894930771217 527.6459365974106 241 140 178
77.58846697763171 -132.9570371513309 524.1412414087052 235 149 182
-196.30430909315777 -96.29804199513096 737.9118608777407 40 74 125
-193.93171955132468 -96.7770721817902 737.6988209938996 40 77 127
-185.3180557996761 -97.92838989157333 732.2227663069405 40 76 129
-183.36184766397943 -98.22382153452159 730.1751416061711 35 73 125
-182.82316578924747 -96.90511108754303 720.3527420579601 35 74 123
-179.04026586510463 -98.64081342749844 727.313820831563 35 74 123
-175.020853262078 -99.18844224751463 723.640197361875 37 74 124
-174.3774855917231 -98.4404329994494 715.4212911912692 37 74 124
-170.90365918711598 -99.48212223400012 719.9782560407493 32 71 120
-168.31002861286572 -100.08742315426416 720.730349763833 28 70 118
-164.30212883664478 -101.8712921373542 728.1026134562518 30 72 120
-164.15358444322945 -100.583766501845 717.5681798967394 31 73 121
-162.18484521746015 -100.69651889098559 715.4368361487296 34 73 122
-156.6318555999974 -101.1950009792578 708.213987353241 36 75 124
-152.55896015365488 -102.7711421795517 715.1750559229706 36 75 124
-150.52169214584507 -102.94494180298511 713.3922222394441 35 74 121
-148.82609208876568 -103.04985034591637 710.4126806768919 32 72 114
-128.5327336950811 -92.30769305891054 570.093883795219 255 251 255
-115.55488112117771 -93.33616086322297 554.9186221971078 250 168 227
-96.7217262613851 -97.52541092222361 558.2344282849531 241 171 221
-82.23197737927887 -99.64463100655763 548.5060411165048 232 170 213
-62.81852708041707 -103.39742597795771 546.1430776605029 238 177 213
-49.40329127566816 -105.56160336514091 539.7541356762999 233 164 205
17.086678869338005 -117.63029113072899 522.4773101303894 238 146 197
44.03188161831117 -123.13257280078118 519.5275069248527 248 147 185
52.011482050357955 -124.28088511693531 516.3150306616348 245 144 182
74.46867930040334 -129.69497527246844 522.225742805713 233 144 178
-206.91484157610947 -92.25579315501962 743.4240668337601 39 73 124
-198.0974258662353 -95.01165184048925 751.8484705462414 40 74 123
-196.1040659951875 -94.95219245921537 749.0903694558365 40 74 125
-193.5635301089995 -94.3854160075322 737.40855607429 37 74 124
-190.58234300897564 -93.68918299909342 727.4999973582572 38 74 127
-187.06820210140341 -95.25133288493788 733.4317126981122 40 76 129
-180.52812333260223 -96.07050230106535 729.6238554208226 36 73 123
-176.367997317846 -96.69825341505671 726.5377872056467 37 76 125
-173.02966238535092 -97.87119375427324 730.844087017573 38 75 125
-174.2737754465893 -95.8335985758904 713.8758359512666 33 72 121
-169.8934421037636 -97.589351361136 722.7400579809051 35 74 123
-164.14286834765986 -99.068641084316 726.5372837721255 34 73 122
-161.8513547214995 -99.29432614270571 725.6117187076263 36 75 124
-162.15386700283992 -98.19283262157631 713.8790679672467 35 74 123
-159.24045918272645 -98.99532622499802 715.9767343608886 37 76 125
-154.53920655836987 -101.01860531704439 725.7816780043452 37 76 125
-157.41327432695942 -97.69621124746797 702.5931736075217 35 72 120
-152.49698824411897 -100.08564110510129 713.5326471216014 35 74 121
-149.81956405808222 -100.78916454292107 714.5987078281471 35 74 121
-148.61979844920583 -100.33014503417452 709.2284211733748 35 70 114
-153.13199973724804 -85.29607235616407 574.4994654244795 248 165 222
-127.91066707782869 -90.24713361374552 570.8489972088618 255 251 255
-121.04602155256651 -90.86170661699678 564.2364241888824 246 175 228
-95.84459150961183 -95.71742598524789 559.8093944173892 234 205 225
-88.86708773643102 -96.54674828964413 554.0067606724789 255 233 255
-62.606384759148305 -101.7080049265044 551.7219493412185 214 198 205
-48.08784985026411 -104.43763378685183 547.990280195237 255 242 255
-40.31371184576741 -105.21937148161965 538.8433402182926 247 163 209
-31.80581181097099 -107.39643313795631 542.8132738573324 250 161 209
-29.502427046638832 -107.72210036391115 542.7009773340892 239 156 197
26.515630213517422 -117.9915210892878 526.7749638835094 239 151 194
35.37208223643334 -119.5772834512606 525.361966194198 255 231 255
37.157366500028125 -119.62691596216929 524.0498359767821 255 247 255
43.64541823856587 -120.09744428564098 517.8339280276905 237 149 192
61.307931811441996 -124.4834576548309 519.7437892121278 245 144 182
59.742213634783184 -122.03858579120791 502.9689693150066 28 0 19
67.33757604485992 -124.9100049566555 512.8260188095419 173 89 128
71.42635121032065 -125.90904534952138 515.8566924277593 188 97 136
71.94881334338838 -125.48976446039184 512.2586303156396 23 0 18
-202.64455802891848 -90.08433047471154 738.0196501097428 38 75 125
-199.5200542851656 -91.01174401419843 741.6127840009807 42 76 127
-195.5995319751138 -92.64198517587973 749.487649199516 39 73 124
-191.18937287175467 -93.37186961517439 747.2012022613341 39 73 124
-186.26271772400915 -93.2191374152236 735.3885857779017 38 74 127
-177.4031149617699 -94.56356963774452 731.1759145731202 38 75 125
-177.66999346364125 -93.02534501516459 718.2258957965311 37 74 124
-173.79282456244462 -94.44234789700242 724.9289962752227 38 75 125
-170.05465878777724 -94.93907421622104 720.2211150100263 33 72 121
-169.18794442699965 -94.07681655137189 712.7362551620879 35 72 122
-160.09719960495224 -96.95872784153674 721.0945727275555 34 73 122
-155.54243227182872 -98.67875969334402 730.0490356207227 32 74 122
-154.59314693201944 -96.95615064127837 712.8837410907796 37 74 124
-153.53364693753653 -96.79201697151736 707.3798356289801 35 72 120
-155.14661657319598 -94.59908174549558 690.3560410446435 0 9 35
-153.73700934427416 -94.25356519426444 686.0262322407208 0 4 5
-153.1733644218289 -82.97537575549867 572.9951487805275 249 166 223
-120.02527997439051 -89.29868343463087 566.5506163989187 230 180 219
-87.5696536138629 -95.00763162886084 556.8105878653623 240 172 221
-62.32192503725959 -99.69775327046473 551.6492701268425 205 187 197
-29.758204576130233 -105.41989032594434 541.3162332707166 240 157 198
14.193079037945264 -112.88091437470925 524.9027008876823 202 156 198
41.92122570981546 -119.13256897006397 528.318387923121 255 249 255
48.60282681850424 -119.29152071650445 517.7444247717126 243 148 184
-206.23915913023134 -89.92436455620886 768.8898202688147 41 77 130
-206.3360909079408 -86.85027459515261 740.9603793235578 39 73 124
-200.45757345927618 -88.79245606597019 746.9299921522603 40 74 125
-198.2256451438619 -89.23217780861177 746.059720984533 38 72 123
-196.1215932204285 -89.48967713688539 744.3652695730761 37 74 124
-193.09731405890852 -90.42114563087891 747.4433732891816 36 73 123
-190.35107822723734 -90.90906920393437 748.6202385923116 37 74 124
-188.11797389937598 -90.13115597415624 735.523486845007 38 75 125
-185.9623690684635 -90.1421350371854 733.7282247893182 42 76 127
-175.63729446518414 -93.00653824763044 737.3350445401153 38 75 125
-173.56934860482497 -92.94965880906051 735.1105333862339 37 74 124
-172.91848348136324 -90.88788032999668 715.307268483187 35 74 123
-168.43317830081887 -92.86758012647145 724.909405060357 35 74 123
-160.3080046608011 -93.9095116776357 717.9338200454476 33 72 121
-152.84255119520395 -93.26842689097056 697.9858755297747 46 77 114
-156.26053089641766 -90.37847113103369 674.2192778221679 0 2 0
-163.41270192848958 -85.11002391709283 635.4464707385305 62 35 40
-123.65003516603193 -86.38173358788288 567.8215184499421 255 215 255
-116.27431935799103 -87.54138643616665 563.2027521004276 240 174 223
-91.05244856940703 -92.17639392874257 558.5890963305905 250 176 230
-83.9987255720913 -93.85571868312675 559.6080549960394 243 169 223
-67.68313594941758 -96.70604886848346 554.6270811196224 239 169 217
-68.74550111634028 -95.49960075406808 545.5477694762077 207 178 194
-41.54310637212966 -101.20495536213231 545.4377598243773 222 174 212
-35.24331200203583 -101.74466103782281 538.296154051471 253 165 210
-7.794641525410585 -107.42225172358592 537.6210218283641 255 252 255
7.632487671928234 -109.63401227822563 530.152696107536 255 243 255
15.157080371838488 -110.97330238232585 526.2271719873693 233 206 230
25.37980576917095 -113.28164899716995 527.8816548685481 197 157 200
41.67190596741426 -115.89122901195988 522.1958115830612 255 238 255
60.4301259053858 -119.87390236512289 521.3846728446215 237 143 185
63.72796289816486 -119.21701479545366 509.31144120704715 215 122 157
75.09119182433344 -122.42838067384477 517.0066706110424 87 2 44
-207.0784079361729 -86.59226957828024 761.8188309802227 40 77 127
-204.12787285362785 -86.02980283036258 751.0271976571216 39 73 124
-201.15341195449213 -86.9864540529341 754.0782173502095 39 73 124
-199.9557261170716 -86.56376641006693 747.4510099129947 39 73 124
-198.10814989034182 -86.64237614312138 744.4060651594591 42 76 127
-196.52487693545558 -86.47285263560127 739.9248533837804 37 74 124
-191.12413217965144 -87.77895458108455 742.6492984308182 43 80 130
-188.44602122476226 -87.14991185830438 731.5940117732671 40 74 125
-185.1844520656074 -88.26078017984672 735.822753799628 42 76 127
-181.05964557949352 -88.86827052184267 732.4673762650835 34 71 121
-181.41356174131656 -87.47121648305077 719.169048113172 41 78 128
-176.26706083400873 -89.75933064460985 732.0742533014775 38 75 125
-173.91046827725847 -90.05645806355822 731.496427076361 40 77 127
-171.1931963976341 -89.48943171196619 721.40217072213 37 76 125
-167.8991497765277 -90.69383893798116 725.5646212258566 36 75 124
-161.35263047968232 -90.50247135528356 711.3679621026057 35 72 122
-157.21361275545127 -92.08280408065583 718.8161823448747 35 72 122
-155.67689216273902 -92.1528689808108 715.1394202831301 36 73 123
-150.68341397903782 -93.10980563757816 715.5224214570808 36 73 123
-151.79786183911781 -91.50591186247554 700.8258673803143 33 70 116
-151.0408871953331 -91.0003755932002 694.0170299508445 0 1 14
-101.11481275262639 -88.2603716328514 560.9206575692399 252 220 246
-58.6942740363734 -95.65721694260864 547.373024966023 233 196 224
-56.15859804454022 -95.59223744417316 542.0938852507766 221 212 217
-41.929468925484834 -98.76863534169414 543.614057761615 210 178 204
-39.14910786897565 -98.82763586346036 539.0985544407961 227 163 198
-25.72258572525879 -101.5824458417664 538.2982891168188 224 194 208
-22.74560024964211 -101.68975925779908 534.3520279903349 255 246 255
-6.11596938356237 -104.72892458693084 530.0593989772725 255 236 255
11.153647675499933 -107.91713807341742 526.9440853211245 255 244 255
25.23560829843509 -110.96767630636293 526.9051806016794 203 162 212
44.42893928400106 -113.9042097525519 517.6084774986934 232 152 194
82.9498715739272 -122.34186815615129 521.8973446643054 105 15 52
-218.83413092489704 -83.00549422020927 775.911282175741 38 74 127
-211.72143631100477 -82.73403732884765 760.0130814429941 37 73 126
-209.59546147438644 -83.23177021395718 758.7300969836803 41 77 132
-207.09491619257963 -83.75349676747905 759.0614885828425 40 76 129
-203.242654485656 -85.33129405711918 766.9185924356 38 74 127
-203.54177263465712 -83.53467877190006 751.4186340534983 40 74 125
-200.64671810473354 -84.53679633666522 754.2309867393586 42 76 127
-198.89025103413928 -84.66221188543199 750.8214480787126 43 77 128
-195.7840410778378 -85.60603015121293 754.2996335099493 43 77 128
-193.43603858293463 -84.64010810729783 740.923382581996 41 78 128
-191.3084253129301 -84.88728431218868 739.3557430346124 37 74 124
-188.03408318221912 -85.9230866496377 743.5627396223009 37 74 124
-182.60031207118408 -86.18837420170794 734.4618081497774 40 74 125
-179.2901896073458 -87.17899474885122 738.5731112284021 37 71 122
-178.78068782710255 -86.22192040314998 729.121974556968 42 76 127
-176.6997750139792 -86.62231246073357 727.7035111665441 38 75 125
-174.26166887187068 -87.09053384434733 727.7245326943895 37 74 124
-170.19591920626243 -87.34549237772595 723.7987900906039 35 74 123
-162.91187264964836 -89.09471148363632 724.1461953985302 35 74 123
-162.27442020700863 -88.12854988931264 715.7973854617704 34 71 121
-153.3839062778126 -89.60195019645553 712.3292039915203 37 76 125
-150.654162898972 -90.43523886807422 713.7803651389557 36 73 121
-148.02183182754428 -91.15471509211878 714.7239841966109 37 74 122
-162.2317419846339 -80.79080732408802 636.8424857403346 60 31 37
-111.74598736291404 -83.7966957069612 561.1226378879901 228 187 223
-55.428940936687766 -94.26745582555193 549.0315752333203 209 174 199
-39.755875251903696 -96.85533351415252 542.4230959367164 255 246 255
10.10114444703167 -105.7918038627984 529.061063858581 206 189 205
26.873947599185342 -108.80343607151778 524.6685970639252 255 250 255
53.90115386575319 -114.20787195069187 521.5449038641918 242 148 188
62.23253450125814 -115.5552093406463 518.9795598694548 239 140 180
69.76499299616302 -116.83893411715195 515.0102752241398 248 153 187
-212.08250563299944 -81.26339286496291 769.7323136117637 40 76 129
-210.14685267540142 -81.33276268702058 766.7248589751348 38 74 127
-207.43264383301613 -80.63977350497808 754.4356836117686 41 77 130
-200.3423938316784 -82.07453679319754 753.5322038204448 39 73 124
-199.9335698825373 -80.96051721287202 742.4773230906968 43 77 128
-194.24152532906123 -82.49403280056866 746.856497487733 38 74 127
-192.30557516631188 -82.78858831640238 744.5466837072771 38 75 125
-188.5745217488574 -82.80805771929134 738.5448703893242 40 77 127
-182.8942339998496 -83.13335186627556 730.618246449936 37 74 124
-179.24464833139245 -84.67513042970249 736.8967340237714 39 73 124
-180.7126968480926 -82.56992905735308 718.2484140993921 40 74 125
-175.64608907764156 -84.92196766444845 731.0110662058345 41 78 128
-166.88754800781598 -86.05975503864617 726.2585513882741 34 73 122
-167.16063854292926 -84.99149051466043 714.3144359874033 33 72 121
-161.07501968962586 -86.4095357782212 719.4007337255508 35 72 122
-158.68471853077205 -87.02437265939339 719.4152588304298 35 72 122
-149.65427270367107 -88.55058844053607 716.3524665715158 36 75 124
-148.79312322227653 -87.95825363424728 709.6175887263132 33 70 116
-142.2324250428007 -91.45010945510128 727.2727726886221 35 72 120
-221.9841595488697 -77.68037018427476 780.7112676830882 44 75 130
-211.7683756904027 -78.68602395422175 768.8164427950175 41 77 130
-207.76809116232673 -80.20604900541419 777.4409358980365 39 77 129
-206.2960836421392 -79.9344607886499 771.7620930766516 37 75 127
-198.35872706821792 -79.18106521839736 748.1620982724558 40 73 127
-196.1017046663037 -79.70221332848875 747.5125590004517 39 72 126
-194.0167060810896 -79.94225332610813 745.7049205414826 40 76 129
-191.98484145853115 -80.04172590827189 743.4795671699592 38 74 127
-190.24447756023454 -79.99933400813215 739.8907409793281 37 75 127
-162.7120403014649 -83.78017032822146 721.0036316613516 36 73 123
-149.33432248509408 -84.0442366277422 695.5927441823035 0 1 14
-97.04478504602217 -80.74490565527485 543.2691161039115 253 171 228
-63.38151295496551 -89.3612880458017 562.3340504663698 252 171 225
-64.75471667385766 -88.24563389257673 552.515124557061 252 171 220
-38.818435951613395 -93.65767283649686 554.4494504597195 255 238 255
-39.0259420765701 -92.70226579885205 547.9542500837861 248 164 214
-33.245079515913986 -93.48093435471415 539.7755684695928 254 163 209
-15.636618626220088 -96.85543432954215 537.7611525900711 253 161 210
-8.258073134302903 -98.59019897961228 538.7684002049816 237 154 197
-9.60818622326191 -97.42160882638319 530.3364060193688 238 158 200
-0.3268699386842457 -99.88990011683632 535.5681277982707 228 154 199
0.9427339316010086 -99.8109202672413 533.1281429053183 248 157 203
7.404925568495306 -100.57438647695108 526.815117766023 234 151 194
16.64578589691738 -102.45933769354156 526.5451179944685 237 152 194
24.117438656657125 -103.56508086083507 522.4509875407584 208 202 206
33.532846485052396 -105.51083351114599 522.3905227016602 223 168 206
59.0760744926861 -110.57430405931954 520.900995853537 242 146 185
58.13926995439855 -109.75786914880624 514.4892584549056 241 143 180
68.80357970137679 -112.09604180366286 516.434994958093 243 145 182
-222.70968265618683 -75.71412967173467 788.5131777896839 43 76 130
-215.2607840224801 -75.95053466302606 774.2612143626368 38 74 127
-212.8782047891239 -76.32019378727028 773.7282247343256 40 78 130
-207.31331387229815 -76.36214444957187 763.3432113970549 36 74 126
-203.01424618526295 -77.18248490731072 760.5562890527013 44 80 133
-198.80264410797392 -77.53771038845244 756.6603024611454 38 71 125
-197.00588300976375 -77.49257860236105 753.0957255924953 43 76 130
-195.3497305987435 -77.60204403108781 749.2495474558975 39 72 126
-195.11496528821445 -76.38733291326818 737.5284722091144 37 75 127
-192.0186271337179 -77.1658994106107 740.785909310135 34 72 124
-181.17321411334464 -78.88380251612392 734.653543045051 45 82 132
-178.21592858557457 -79.92446918099473 737.5014359826366 37 74 124
-164.2456228029614 -81.12090983194803 722.961073230876 34 73 122
-161.36744963682426 -82.10983432203015 725.2313243210058 35 74 123
-158.67673563977928 -81.36474794224037 715.2209059836503 35 74 123
-152.59585352630023 -83.4606634700311 720.9231761662529 36 73 123
-144.17266876678605 -84.63115355933596 715.2723828431729 35 72 118
-111.79937820474878 -76.97875356271715 557.573372931808 254 172 229
-108.47593113562182 -77.96644182441213 561.058354440059 254 172 229
-98.37604464700068 -79.08461403734246 551.354612999807 255 173 232
-92.81360177533594 -80.55959660737815 554.7220950249563 253 171 230
-64.25724501018135 -85.34039495159762 546.6333201694847 246 161 214
-63.576565011523854 -85.43818259884894 542.6621160098865 250 165 218
-60.608935163280314 -86.1495672035997 544.5127794531006 252 165 219
-46.24216269937188 -88.78536839210186 540.6985287881105 236 164 208
-13.435128857145854 -94.61661847133509 531.4198614351197 252 160 204
-11.054350198100627 -95.02418535126797 531.5301885922771 250 158 204
3.783163779514426 -97.67975005091897 528.3156956861679 251 156 203
5.387649857743671 -97.93419346501919 526.7609377431177 251 156 203
19.786082327166557 -100.52376757444904 522.5513987298596 245 223 239
22.048837377814873 -100.98220109385687 522.3773948132521 224 215 222
34.41201399410215 -102.90781657860185 518.6019265843807 246 150 193
35.966338264111 -103.32944638188727 517.0800064305272 244 150 192
39.33272918289705 -104.1102901204546 519.0436804615751 245 151 193
53.72552138460548 -106.77331325707053 514.6335421311874 241 142 182
-225.1180314626001 -73.55658383332532 800.9042737013948 48 80 139
-224.26118484782666 -73.07727230653842 791.2317899949273 44 77 133
-221.5175095840993 -73.73814818417272 792.8538600901891 41 72 127
-220.78730989210194 -72.95963061530313 782.2639665369065 42 75 129
-216.3030132638922 -73.51868607360511 779.4910178996801 46 79 133
-215.12565938739996 -73.1411676907172 772.0809711147799 35 73 125
-213.04697878613015 -73.27590916322062 769.788988989516 40 78 130
-209.5578106858247 -74.48229819062364 775.7299029373265 39 77 129
-208.498534233337 -73.99919850553547 767.8222098173145 43 79 132
-206.80001754953003 -73.90968600708261 763.541180384294 41 77 130
-205.04813773728608 -73.9724516742678 759.817028375127 40 78 130
-201.84342493463433 -74.97941242752921 763.9956166940942 35 73 125
-205.59833568141286 -70.90001746754227 729.9525855147311 37 75 127
-199.8790525639593 -73.94026211266755 748.2566338189273 42 78 131
-196.8537947029386 -74.79589250757742 751.3822574703672 38 74 127
-193.52763956644313 -75.73152100163524 755.8207696342611 36 72 125
-192.45352357735834 -75.38169380379397 748.8380625187999 33 71 123
-190.25406522640893 -75.65420402728718 747.5471752999526 42 75 129
-189.42450980473075 -75.15423290931051 739.52002890708 38 74 127
-186.29197444968185 -76.15330202624368 743.1481977464462 36 72 125
-176.45846719641855 -76.95329060521338 731.6922401738432 37 74 122
-172.60498234269286 -77.35116417094488 727.0868431012042 36 73 121
-169.4155518748936 -78.33075207477881 730.6400967852783 36 73 121
-172.21816454055892 -75.07683797628526 706.1187390871639 33 72 119
-164.09648961913325 -78.4799640373649 721.5794372376187 35 74 123
-161.1103539346239 -79.22162368007095 723.9631757946137 34 73 122
-159.72978506534918 -79.10477250609726 719.3694000729525 37 76 125
-155.50862600703476 -79.80867903051838 716.740228305485 38 75 125
-152.2233286440394 -80.72304174258743 720.3007125463424 37 74 124
-153.40834848579905 -79.04867656378349 704.9369327431881 38 75 125
-149.82778708796275 -80.31056799468837 709.9375655170098 37 74 124
-168.357055646692 -64.23975097387472 570.5314514983454 242 159 218
-126.54421531469256 -73.15568888805086 572.8410418566327 253 171 230
-94.87205040966673 -78.41077290354501 560.6874993359941 252 170 229
-77.07614332442353 -81.50238021538168 553.9269024187626 253 171 230
-72.54622205104056 -81.06093049380324 541.5021694911042 254 169 222
-62.46530771930792 -84.13764563304024 550.6618072938576 251 166 219
-62.50441374216887 -83.55078523297199 544.5129117058117 248 164 214
-52.68078175942779 -85.80613558257805 546.5871213050938 251 165 216
-45.46189660377812 -87.41827905728061 547.5991672957458 241 167 212
-44.49086557930603 -87.2447829562498 544.2266835760838 240 166 213
-41.153921306864426 -86.17420967553194 529.6168242459438 255 221 255
-19.88241821952768 -91.55878858853241 537.0668069869437 250 157 206
-13.261471653331983 -92.86477225071442 536.3423034239034 250 157 208
-11.970143970737368 -92.86092995667516 533.9535403158786 253 160 209
-6.418627166345557 -92.96764395890526 525.4299908981111 249 160 208
3.3325930882543178 -95.75708237155742 531.7495750228115 249 157 203
19.836947772452433 -98.74169061747205 526.9147332972843 255 179 222
20.890186206063934 -98.60135058323867 524.1301716263404 239 166 204
29.11177877647121 -100.56604457424065 526.544552764447 255 240 255
26.636247240533496 -98.8254979984139 516.4394794292098 246 154 198
36.73895513078121 -101.7365267600452 522.7291111778095 247 153 195
55.50673207978163 -105.09414769130662 517.4106909991153 240 142 179
62.418367414509724 -106.60827764072613 516.915277953767 245 147 184
61.58168049709317 -105.64562023594536 510.6866603827446 239 140 180
67.92335803088424 -106.69505478963057 509.05277627858715 57 0 32
71.85410748437003 -107.28308514445092 507.4060804423149 13 1 14
-228.28614708933435 -69.81761261325818 793.693177457525 44 77 133
-225.66754212565488 -70.45950801625213 794.7310898009588 48 83 141
-217.70565220732152 -71.11050647942098 783.2012032737249 41 77 130
-215.71849888632852 -71.23157297780071 780.3325008140108 38 74 127
-212.27329011531285 -71.0770406312857 771.6190755578639 38 74 127
-209.62512735411084 -71.7373275064745 772.8207831287453 41 77 130
-204.81221466167406 -72.78728127589474 772.5040206949125 42 78 131
-201.47142471715938 -71.30453814835796 750.2768558276299 37 75 127
-199.56842209183435 -71.58155337777197 747.7216516435534 39 77 129
-197.90834994065824 -71.20161460617442 743.1595969166262 39 77 129
-194.50708530741343 -72.40729267343356 748.4135805352374 36 74 126
-192.62306352944194 -72.60658416259237 745.7008057478024 41 77 130
-189.76557051658875 -73.48858019581179 748.0657868657228 40 76 129
-188.60145622048464 -73.28488874758501 741.8314983032348 38 74 127
-185.91026503443518 -73.67937258272099 742.7812458055713 40 78 130
-171.28117084043672 -75.80244228922759 731.5750152077419 37 74 122
-169.73422204499158 -74.21830756177683 715.769289971392 37 74 122
-165.4442968637808 -74.7835292159382 713.3320651928342 36 73 121
-156.84960997715282 -77.41576882425922 719.6727189403304 36 73 121
-155.5551345766853 -77.32200209263735 714.8758578832005 38 75 125
-160.18029863688037 -69.7831900767371 637.0651949793815 56 34 36
-131.20528674408035 -69.17859789077622 563.2774013606602 250 168 227
-110.59962523838288 -70.3514116761034 531.9196128911776 255 220 255
-99.53731109778434 -74.61995371826592 552.352982818037 253 171 230
-95.99933287752366 -75.71270150538504 556.330044866016 252 170 229
-68.65603051585977 -80.78739688612279 551.3201893209574 251 169 226
-67.76904685527919 -80.0612741151652 541.5185684466013 255 222 255
-34.890978231463464 -85.94166441866093 533.2142070769488 247 155 204
-31.209846071900248 -87.04509401406732 536.6429727089992 247 155 204
-1.7038147091770737 -91.93727978979474 525.007611627445 252 157 204
1.9905098822851552 -93.02753922250142 528.0814840373132 252 157 204
31.896416890864558 -98.0587366235462 517.049434028016 248 152 195
34.97298927921084 -98.81778990185255 518.5061827808775 248 152 195
63.065250240276896 -103.89620243844705 512.8700987136785 240 141 181
66.19700799297112 -104.33996337506595 509.7700798969986 238 155 187
-232.75421444877546 -69.28794489515724 826.9053944364507 45 77 136
-229.92615599733512 -70.05583021235879 829.0209272084066 42 74 133
-227.37192668811133 -69.07651329317972 812.572842916215 46 79 135
-226.61320184429485 -68.17452402551265 801.2298901394794 44 77 133
-224.73784774586196 -68.35722665561171 797.6687278561595 46 78 137
-218.42421597371953 -68.91942998700041 790.620526945829 40 76 131
-213.6519671735461 -68.44148380490694 774.9107970327647 43 81 133
-213.94448195988883 -66.9309525574613 758.9000878294227 42 75 129
-210.1523138770027 -68.57966912291343 767.1053658341019 41 77 130
-207.5547447087137 -69.085807476751 767.8471820523 38 74 127
-205.33822760711197 -69.38429250698441 766.5149750484884 39 77 131
-204.55314715727394 -68.36909496586541 756.7692882645938 40 78 132
-200.1708763553978 -69.3236409521033 754.6348772792943 35 73 127
-197.40061334346848 -70.05425533810535 756.472366076702 35 73 125
-196.5508285956907 -69.28296159275162 747.7838415894596 40 76 129
-193.94271213318987 -70.09419026949914 749.0380950193496 36 74 126
-189.0154739387923 -71.11294807304184 749.3687561877417 35 71 124
-187.02772087783455 -71.12811148672765 746.8454874357367 38 74 127
-185.39568599598596 -71.30505708318836 743.0985863079773 40 76 129
-184.07189741969586 -70.96743082749457 737.4579661450628 36 74 126
-181.36563700776605 -71.64109960582181 738.8575555118712 40 78 130
-172.88309246189215 -72.82715858023184 732.9616206165084 38 75 123
-170.4491299098117 -73.11532917095747 732.7354470454858 37 74 122
-168.15537791034646 -73.47951667104273 732.0450636171653 37 74 122
-164.21034430014652 -73.98819587323419 727.9445352475615 38 75 123
-160.73647645784678 -74.2293046674764 721.8561588499961 34 71 119
-156.00114141444527 -75.11894577725964 721.2978953346529 37 74 122
-153.78151293741368 -75.2491769347576 720.1272084364201 38 75 123
-157.6105398405722 -68.61475965915527 645.6983337998769 58 38 39
-136.4105068826332 -66.86572485413929 574.1005407921481 245 162 221
-128.69257422502173 -68.80794220032534 577.9961079266466 253 167 227
-129.6764807219127 -67.67792951005228 567.2098759322151 251 168 229
-120.43515482733736 -69.68089761550797 568.7276941891424 253 170 229
-104.5930376104545 -72.14715942466509 562.6678149563918 254 172 231
-97.56325671119623 -74.338598093011 577.0481261799487 254 172 231
-98.1172438638584 -72.98229291794159 555.5077697263491 253 171 230
-72.5418873406086 -77.73814952813613 551.9504544625669 253 171 230
-66.00639195830631 -78.57862371539642 545.3162313645207 251 166 221
-56.56421360510349 -80.58447272312017 546.4294179287542 250 164 215
-40.324912788407005 -83.1003208171424 541.2770859632986 252 163 215
-33.30678759316222 -84.34524767290333 536.2330711714494 252 166 213
-23.733732108834218 -86.38910112572377 537.225037196449 252 159 208
-17.066081493813318 -87.24559342379416 531.2909785061421 247 154 205
-7.133474777272905 -89.25214579925623 532.8153775015978 250 154 204
-0.3260815381357409 -90.25400149502782 527.3289403338091 250 158 204
9.373641607184336 -92.26975273234176 528.1644173885913 252 155 203
16.01442530776691 -93.17881956262706 522.3890277663367 250 155 202
26.12867816490963 -95.01940581121785 523.7643267100482 248 153 200
33.13356474398992 -96.23255076245454 518.8791732219483 247 152 197
60.34875992634512 -101.46251604015205 516.2267566811961 255 204 243
64.31361307023376 -101.49256816418777 505.68860590890813 75 14 48
76.36896726774506 -104.79005681974171 514.6948826336555 75 14 48
-235.29018248543383 -65.8471661397505 823.3736197251376 51 83 142
-230.34416750350903 -65.44182224332333 806.4461570927207 43 76 132
-226.82878935319093 -66.70900306396649 813.1448557762197 45 78 134
-224.66726731152622 -66.81806480091034 810.7096788517338 44 77 133
-223.6826563379355 -66.35026046546704 801.4118395355356 46 78 137
-219.64432406418118 -66.55412724964233 795.4631870153186 43 78 136
-217.48858144134164 -66.74961861084263 793.3842450292925 43 79 134
-213.4497658399648 -68.5821420362805 803.164609078967 42 78 133
-212.77525837479263 -66.26447909025255 777.2918745372589 45 81 136
-210.8672881083346 -66.36063329422804 774.1082725059118 37 73 126
-210.25308312446 -65.86912856857694 764.0632373485486 43 79 132
-208.68296783258444 -65.54752072206001 758.8353359844092 37 73 126
-206.23328028345702 -65.90231433784207 758.7477304274872 42 78 133
-203.2869733213448 -66.76967478368223 761.6573412304934 42 78 133
-200.22584114885785 -67.23650642811036 764.4348105211193 42 75 129
-200.2593238725388 -66.52082594898631 751.6681332417461 39 77 131
-196.66519298641097 -67.76891421376257 757.9003714083091 36 74 126
-193.60841205707533 -67.63661307136034 748.4678643428452 42 80 132
-193.38485417277252 -66.70805274801096 737.1022734411474 40 76 129
-189.76346554765877 -67.78452860093816 743.0545494046171 37 73 126
-187.1186828098273 -68.41205892428027 744.1747600383677 36 72 125
-183.93274770789444 -69.58180028770651 748.2226796852758 40 76 129
-181.42673497478566 -68.80470392961078 736.2337196542329 36 74 126
-179.09652802188702 -69.22900237326411 735.7807866967815 35 74 123
-177.76159980938826 -69.33717149008582 730.9171607599741 39 73 122
-176.98927241532937 -68.64061912776386 722.8986769466403 37 76 125
-172.34100063674813 -70.43380248509295 733.3643835589671 37 76 125
-170.9974454373166 -70.18111634688128 728.2160095328451 37 74 122
-168.94539064234607 -70.58371052573506 726.667319965936 37 74 122
-167.46639264059215 -70.37656138794928 722.2186751507284 38 75 123
-164.7481227033852 -71.03354888981974 723.5672867159079 36 73 123
-162.55917923870194 -71.36712250656275 722.5015397785942 37 76 125
-160.36646231297638 -71.82049747385818 721.5833962823142 34 71 119
-153.40648465033325 -72.89734952999447 719.9523764925367 40 77 125
-149.0022176848431 -74.82468893689831 728.6582340402258 38 75 123
-147.29047262166222 -73.70221593303397 714.9597280018936 35 72 120
-103.81730859426841 -70.43922250463352 564.0932346489358 252 170 229
-101.16864224556514 -70.71199292549612 565.1281429697827 255 172 231
-88.03113447770968 -73.08084059073163 557.9689511379025 252 173 231
-69.29352990556106 -75.9947870285635 547.6603810295394 252 169 226
-55.686025614949685 -78.70285002589091 547.8141737064618 250 163 217
-38.086182000581914 -81.06850629319912 540.2029097849131 251 162 212
-37.62732530098866 -81.33609432575348 536.0052862265569 252 160 211
-20.72387846827186 -84.46052722505549 532.6938097288349 254 161 212
-4.317847572875231 -87.38211942076974 528.0399270486157 248 152 202
29.088247396517893 -93.28406981900666 524.2528870118624 250 153 199
28.868523287610053 -93.36366373536663 519.1908113662569 247 155 199
63.36469310121423 -99.66461707891342 512.2921125144785 237 142 178
84.21246555600732 -104.40016159392721 519.499868091779 121 54 87
-235.29688753985394 -64.31991308533192 837.1872023896451 44 80 135
-233.89275537046151 -64.05658936021864 829.6610817642259 44 80 135
-232.32216931802762 -63.77692629311921 823.1286738933493 41 77 132
-228.85288678021962 -64.94358008934981 829.4148046490957 48 81 135
-228.19882185606727 -64.03802984138383 817.0848962415823 47 80 134
-227.19968174846565 -63.51389805629736 807.4911821812678 42 75 131
-224.8537011233387 -63.858211305558754 806.4951943124355 46 79 135
-220.39617849610315 -65.80719835766237 818.9693258857025 46 79 135
-221.60556206154752 -63.453069420640986 795.4207666512559 43 78 136
-219.56089232145038 -63.712471036048576 792.9073189769451 39 76 133
-217.51171255330854 -63.95929452588676 790.4304534254237 42 80 134
-214.68699091377306 -64.53473088847568 792.2844267505028 43 76 130
-212.5728384014643 -63.637406037123775 775.7576898582489 44 80 133
-210.6333557633936 -63.75891559907269 772.7792983375188 41 77 130
-207.38132987833092 -63.43402244845772 763.2026796931374 43 79 132
-205.03071476315196 -64.0136063153496 762.9579203537822 43 79 132
-201.79747407054322 -65.0711318882868 767.412119940756 46 79 133
-199.80586646482203 -64.94602970837245 764.4749409433276 43 76 130
-198.86955008439728 -64.601515573379 756.5467112066967 41 77 130
-196.70372461719896 -65.00241805946692 755.2410931035934 41 77 130
-194.54939987179267 -65.31254000221642 753.7704579071516 42 78 131
-190.2858969670065 -66.91654486621555 763.2261116342615 40 76 129
-191.67855247811926 -64.88849561347506 743.2871272125283 43 77 128
-189.19511587712648 -65.47710350717772 743.6951720588027 40 77 127
-183.53103027242017 -66.84316078922573 747.6104786049307 35 73 125
-178.5343248647274 -67.00906225535027 736.4824251236407 40 78 130
-176.25362740946443 -66.27664608271263 724.1137006013693 37 74 124
-172.7064168165971 -67.54111869668782 729.5697580387279 37 76 125
-170.53736000151798 -67.86098207260862 728.3787065878117 37 74 124
-167.37501637555525 -68.6705463429786 731.6487620866495 36 75 124
-166.12332034685005 -68.44053773273448 726.2489248197975 34 72 124
-164.45687108731283 -68.59920321223731 722.9535412845827 36 74 126
-162.17213842723422 -68.99477793864689 722.3295364351366 36 74 126
-157.70917343892668 -70.66562635371824 731.3388483950234 36 74 126
-158.41164710222418 -69.15323447140973 717.3629164587987 38 75 125
-156.18767254624353 -69.67380673212836 716.6571954878392 36 73 121
-150.48288644136264 -71.00120519723662 720.1674292389926 37 74 124
-147.01521687915795 -71.27187529084756 714.3512403192187 42 76 125
-161.93223894799766 -60.8848130168342 616.1505026996738 11 17 30
-140.39787496477615 -61.622013316441574 572.8452364077561 246 163 222
-101.43941571366717 -68.63995950941876 563.4214994112082 251 169 228
-67.77572857261485 -74.32655914225462 550.7902726828482 249 167 221
-53.368632120062756 -76.94004301075454 547.0383609442879 250 163 219
-37.36453691054658 -79.57044046442745 541.3762488290915 252 163 215
-18.9573104705993 -82.8796988626251 536.0202462099637 253 160 209
-4.531780230281852 -85.47638148374251 532.0006638695774 249 153 203
-2.7734928619838426 -85.67705934615616 530.7170823330653 255 160 210
12.502299885438735 -88.54887054528693 528.4334398085247 251 156 201
45.837883584813916 -94.45628731711746 519.2994526106968 246 150 193
63.12883391969664 -97.68469641671554 515.7701074907295 245 147 184
64.41532408505464 -97.72129138281248 513.6457191696754 241 143 178
-234.50948201547487 -61.98712081029366 839.1984325240081 48 84 139
-231.72152319989794 -61.23649225356866 823.686831027954 40 76 129
-229.31160926925654 -61.665140156456125 823.0280513623387 52 85 141
-227.35529643809988 -61.81353857727306 819.48393227912 44 76 135
-225.2921204260049 -62.0904174708865 816.7855370485643 48 81 137
-223.63686281555047 -61.875084803250665 811.1654647926795 51 83 142
-219.24898068827758 -61.149356364017635 791.9537721335801 43 79 134
-218.4067139312759 -60.45529165799987 781.9986390183718 48 81 135
-207.7378540995993 -60.33271356840681 758.4291070614532 43 79 132
-204.38704215750062 -61.75467145374015 764.0571116359903 41 77 130
-202.97904662959692 -61.37007980794399 758.1085843303995 41 77 130
-200.88392642129693 -61.60124842778177 756.2415236154018 40 76 129
-198.7617959775595 -61.97003682942957 754.7002367862002 43 79 132
-195.8981749376728 -62.84248232843837 757.1578817473563 42 78 131
-194.6669489539593 -62.697562647459705 750.9890395528898 43 79 132
-191.48890301203554 -63.531868499043384 754.7254665046235 40 76 129
-188.15149089880774 -63.49566862308842 746.7916866803741 40 76 129
-187.24858720248358 -62.95577445667121 739.0018209016595 40 78 132
-172.39578260844485 -65.1005461006357 728.9927525519636 39 78 127
-171.6888035401572 -64.5533281675102 721.0265218418448 39 77 129
-158.16930035216038 -68.8868463420917 738.4610565531993 39 77 129
-155.46265565068802 -67.56996646581725 718.0321440995542 35 72 122
-153.74333287881558 -67.4821398555673 714.8327511311255 40 77 127
-157.054033668443 -61.5314563161722 642.9984094783708 58 34 36
-106.02408161218457 -64.89379155786175 555.0518975116855 252 170 229
-102.71333674792474 -65.77471519495025 558.4011885022584 254 172 231
-51.718710158014126 -74.84433799338449 544.5077503761833 252 162 217
-41.77780302115686 -76.0445313569309 535.2344281792247 251 162 212
-38.70051805381149 -76.80076715993513 537.2272013619846 251 162 212
24.018947745063823 -87.72668154821733 517.4499072374596 249 152 198
27.388467895538724 -88.61847683721538 519.5858955518584 248 151 197
-243.68678875415284 -62.33020523542563 900.3392443152482 44 77 131
-243.79721961204982 -60.63046175722172 879.5003087523845 37 73 128
-237.6204698139351 -60.96075516323359 867.8542022944862 46 77 134
-237.1467754413037 -59.832516222083186 852.7709739374 45 78 134
-233.28333836883476 -57.05910631357129 809.6213344310498 44 77 131
-230.1081040526138 -58.15904578885373 814.4165103552687 47 80 136
-227.13100113688623 -58.95028672374213 817.4918660251689 43 76 132
-224.17671615019145 -59.78285508905703 820.4269790307574 46 82 137
-222.03697379416172 -59.92418705232828 817.8897630451867 40 76 131
-219.19194610601699 -60.72282623095517 820.0952071663521 45 78 134
-210.45022052866872 -59.35153366248841 782.4329980580401 44 77 131
-208.9042443155622 -59.18402066665344 777.0817590192196 44 80 135
-206.60239273010333 -58.40478588199239 762.3216409467959 43 79 132
-203.75826533524 -58.936976339346025 764.3387844440365 39 77 129
-202.240246739602 -59.01671357988449 759.5183558816316 44 82 134
-200.02971166644218 -59.4845811024793 758.477815716179 41 79 131
-198.39990916642904 -59.490740493858155 754.2027205986916 39 77 129
-195.49724670044446 -60.229637571030544 756.6705677982811 40 78 130
-193.83957737451686 -60.13749740945165 752.469378095275 40 78 130
-192.21977438033545 -60.11281503645591 748.2503554350973 41 79 131
-190.04608857582605 -60.504563650955006 747.032459011113 40 78 130
-185.93535600013664 -61.67725304512366 755.1969974982568 39 77 129
-185.92813769059296 -60.98415025854575 743.2740128439996 37 78 131
-179.42510689892705 -60.79978810367753 727.5269905931752 41 78 128
-174.47637829544686 -62.75683851763257 739.6288785282599 41 78 128
-177.05714738238072 -59.49911987670908 704.9068160807429 37 76 125
-171.37133669155514 -61.96663208691883 720.3291130872375 40 78 130
-162.0414237607362 -64.57039958623928 729.7464112998914 37 76 125
-159.8845744448514 -64.77140833181524 728.3820425229662 40 79 128
-156.93563594094502 -65.38591637514301 730.4897615367147 34 76 124
-158.07667923642552 -63.93945822433219 714.9127535395737 36 75 124
-148.26590917106404 -65.12300411933273 705.3594674792902 39 78 125
-160.5076092768941 -57.28453002314013 627.4062051362523 51 30 37
-154.00665173914288 -59.73605276383363 644.2436734154857 56 32 36
-127.49723613704019 -59.582254254705205 569.5359386165372 251 165 223
-111.98905194795444 -62.106697886136345 562.7485219501077 255 172 233
-105.93067107959772 -62.85056092896793 560.7705655697245 253 170 229
-104.95882125007745 -63.0711485357849 557.1828098607657 253 171 230
-95.51995276509984 -65.12211195070513 558.9761223822629 254 172 231
-87.39161224190337 -66.83091110286804 563.047042359255 251 172 230
-80.006057340018 -67.61331962499504 552.2130706337554 251 169 226
-77.84810817551843 -67.05721574315278 539.5864904226142 253 171 225
-63.28674670944945 -70.7287522053445 548.8422177720591 249 167 219
-54.05685086305107 -72.5919693683583 555.0211818643206 249 164 217
-57.04221411775077 -71.36272644700533 541.5025231724707 251 164 218
-47.34393640442722 -73.3923745568794 543.1771637969875 252 163 215
-41.58191214664075 -74.17632811452673 540.4399953492265 252 163 213
-40.40900160353248 -74.34719356537981 537.7780343693244 252 163 213
-31.267020663269857 -76.22440833749033 537.8745170826882 251 159 208
-23.983543355141396 -77.41305759658789 538.6888664356658 252 160 206
-17.904887098444874 -77.81637583585393 526.1426846753535 252 159 208
-11.718517481097031 -78.98989380573798 524.6084313512955 249 157 203
1.9638434765231252 -82.10558567638705 529.40919737327 250 155 202
18.144002266467577 -84.93144417927323 524.0641552059154 249 152 198
34.98595509588701 -88.01548434480159 520.0185412211775 249 153 196
40.16032761929275 -89.16210369925618 520.9259914741128 244 148 191
42.98581276992991 -89.58149539930389 521.7467216233422 246 150 193
42.40666784366065 -89.19518873244984 515.952500432887 244 148 189
50.95884479228174 -90.50089048705583 514.0289225823967 241 146 182
53.11854633575204 -90.39458412639048 504.566045584277 239 141 176
57.7082388198462 -91.68843975868516 508.8142266993774 243 145 182
69.35396364524809 -94.20055430794277 512.6888021925648 239 141 176
79.21112265077232 -96.24919794695714 517.4128141374288 242 147 181
-246.80057852368932 -58.33733072368898 892.4876140578011 47 80 134
-243.97174697243366 -59.02010393896751 894.125757712297 43 76 130
-242.6825446146787 -58.56868564773791 884.2217629108214 38 74 127
-237.06664634064256 -58.3847889449451 868.1687272572133 44 77 133
-236.5001262858787 -57.372434195307044 853.8139753462606 49 80 135
-237.77811326846285 -53.536970714490145 809.3801452939053 43 79 132
-232.28196328941752 -56.17410518628675 829.8832111593812 43 79 132
-230.69233548125166 -56.20006818296248 823.9885450765308 46 79 133
-229.52831465102673 -55.804474203404446 815.1945525351477 45 78 132
-227.52856858515662 -55.78281559766732 811.6813860364521 43 78 136
-224.4159097110256 -56.757812605635706 815.7642457367733 43 78 136
-223.1544256569319 -56.35397062753152 807.8057569706722 42 78 133
-221.47488939264608 -56.27730532348608 802.6981669613585 45 78 134
-216.5515804620334 -56.02103695310443 787.3264143763264 48 81 137
-208.59892065575082 -56.705890025561466 776.2765918881986 43 79 134
-204.84967452098408 -57.95198256421668 783.5396111365162 41 77 130
-207.0963507869287 -55.166169402929285 756.7319592670842 39 77 131
-203.23511458334636 -56.78133279751847 765.0073880937722 42 80 132
-201.64937596524092 -56.85019818760808 760.4821156685151 41 79 131
-199.53851339746328 -57.087704483736694 758.6782630418118 41 79 131
-199.25395429045193 -56.41605648607718 747.3887139274073 36 74 126
-194.48035134970553 -58.16482355677647 759.667884599485 35 76 127
-193.47434399519196 -57.79282955441675 752.1682029875129 39 77 129
-191.58247385216663 -57.912534901788625 749.3371100270622 41 79 131
-190.68134909230776 -57.47407994047501 741.5154294671263 40 78 130
-187.99483136554764 -57.96975989968504 742.7296967615727 40 78 130
-185.83489179668854 -58.37899785314512 741.5146780024911 40 78 132
-182.2712273852925 -59.756022272564046 747.4280849850279 38 79 132
-177.47981874154337 -59.5253037474578 735.0123010870351 39 78 127
-176.23151382980888 -58.38560885702876 718.0210025332531 37 76 125
-171.25830800183076 -60.281326443532784 730.0023418112761 37 76 125
-169.84066942158626 -60.27249065423455 725.4441897135035 37 76 125
-165.60342770206464 -60.89099134030309 722.7310467968248 35 74 123
-162.5466848110121 -61.70809090218679 725.5785651649941 37 76 125
-161.00062776329744 -61.661011275755875 721.6303362538404 34 76 124
-158.77363575621848 -62.02346186562554 720.762726571024 37 79 127
-121.83421796473893 -58.210092953352635 565.2804078707652 255 172 233
-109.11022395687262 -60.0786915044366 556.8492437560197 255 173 234
-105.94971524229943 -60.91371611048006 559.8097657888111 252 170 231
-92.05856621119528 -63.25971804945818 554.9556218866019 252 170 229
-90.34724490197358 -63.5147845761302 553.4845162632863 251 169 228
-74.56325668458935 -66.19347280940119 547.7087808638715 253 171 225
-60.63849898529919 -68.47040092309337 542.8868213344529 253 168 221
-58.35227784872956 -69.04762519198542 543.0476266184692 251 164 218
-45.42322430361864 -71.02682830109823 535.7059670018514 252 163 213
-41.94648071372081 -71.96804538854286 538.7541576464249 252 163 213
-27.96019110067884 -74.3043593718061 533.9582159805635 252 160 206
-26.078259299073952 -74.67417689854342 533.0324233937079 253 161 207
-13.552796356459071 -76.59803535768668 524.9373283439717 254 162 208
-9.26488254360828 -77.69425631928908 529.4253618544057 254 162 208
6.998250635048887 -80.56050404894496 524.4483501756678 252 155 203
37.37800060834374 -85.71688299936463 514.6199499091897 245 149 192
40.40967603914355 -86.53074868741678 516.0045975533324 244 148 191
-252.42453938982172 -57.04995472732323 927.6791189296539 43 76 130
-250.1511972486211 -57.38891307462976 924.7399643401557 43 76 130
-247.21726241487428 -58.01905011658983 926.6358173919589 40 73 127
-244.8441644609596 -58.19084595871869 924.007815622815 47 78 133
-245.4956832466643 -55.97273433231333 897.9081400764243 46 79 133
-243.5605766680257 -56.21911227149534 893.1539277581273 41 77 130
-241.4688335320161 -56.34204798106978 889.2083569376124 38 75 125
-237.35658173126052 -57.929585677768486 900.1922532582954 41 77 130
-241.96678239448272 -52.842506860867985 846.9362704283227 52 83 138
-238.58841199833057 -54.19945157146438 853.4220105902954 51 82 137
-232.65812902607763 -55.61815665655599 858.8491640010941 53 84 139
-232.65380529389097 -54.2053082729605 841.0558999892581 51 84 138
-231.02512523889635 -54.18907269988085 835.1017102645512 45 78 134
-230.03694655634996 -53.65054459470301 824.8678775192672 47 80 136
-227.16204650257862 -54.48331117480778 827.4075344558681 48 84 139
-227.31908888779694 -52.77336716008778 809.4200338391292 47 84 141
-225.98679411334277 -52.76315546942531 802.4417748383237 42 79 136
-221.74315322793984 -54.42905028485402 813.6246631056913 43 80 137
-219.5330282069311 -54.5536191188465 811.5439729595049 41 78 135
-219.2701753606262 -53.49653881266611 797.634169867968 42 78 133
-217.28696923566486 -53.865726868876095 794.919314162359 44 80 135
-215.57075996901952 -53.82478444748062 790.3111549782835 43 79 134
-212.1205330364386 -54.80823381755237 795.9625577981917 45 81 136
-213.1550403586662 -52.97399533766883 775.2278887319546 42 78 133
-211.25367118179966 -53.33454406461626 772.3768606274464 44 80 135
-208.25279318507933 -54.0840224946819 775.4746409236433 43 81 135
-204.90999651783682 -53.83205237665659 766.4346175526427 42 80 134
-202.76598163409037 -54.39608957582696 765.1215524179474 41 79 133
-200.5805741394013 -54.75260471401781 763.7693587004462 36 74 128
-197.44955194931688 -55.499757551214564 767.3165380388932 41 79 131
-199.73799969939932 -53.27622668771655 742.18162111907 35 76 127
-195.6820913646769 -54.74598818837256 750.922352526057 38 79 130
-192.95604389796813 -55.266220458642195 752.343849565257 37 78 129
-189.58659641078057 -56.21374179374747 757.0975112603527 37 78 129
-189.1577561331738 -55.37800387677006 746.6628417942893 42 78 131
-187.32938816855568 -55.771443434097804 743.921184159517 39 77 129
-185.45130311826952 -55.91423154150951 741.1750321778615 39 77 129
-181.81441112199326 -57.13712662692696 747.2362320928622 39 77 129
-180.3361025017346 -56.15673488087908 730.7552031174183 39 81 129
-170.49428846393158 -58.06334788532659 731.5074779440226 37 76 125
-166.31570502402175 -58.73895474323102 728.5095946058674 37 76 125
-164.64495693684364 -58.57333326036405 724.8897613291355 35 74 123
-151.77263080498975 -60.70883739451722 717.7227936304129 35 74 123
-148.83876190298503 -61.33090808165971 719.7552654802256 35 74 121
-151.89805412432074 -58.89343286058123 696.7367273582666 37 76 125
-158.24056031075898 -53.59913339775083 633.2986473670329 53 33 36
-153.59090526249486 -50.945351280985086 582.6464589648957 246 166 229
-139.00209739253185 -53.12490938032239 572.454345859457 247 165 226
-123.85256813667304 -56.10140111978192 571.8754380774805 250 168 227
-122.47719577139341 -56.026618811759725 569.0450258848666 252 169 230
-116.05407387011432 -56.69914637053786 561.3641352622593 244 168 225
-108.06865170150776 -58.14273570225435 558.8676750708395 239 160 220
-92.40905752716945 -61.37406712886171 559.4276875278636 252 173 231
-90.87132168942236 -61.379386498352154 557.3094469234177 250 171 227
-84.27033506956762 -62.22711600490377 550.6829006553228 254 171 228
-76.36859914987964 -64.10520642371746 554.1254506695292 254 171 228
-60.17107319581974 -66.99702276560899 549.2357780629819 251 166 219
-59.02271508847431 -66.8123691024784 546.1979654953442 254 167 221
-51.847830612058644 -67.90098783740102 541.3922282894416 254 167 221
-27.950880127865656 -72.50627998483664 538.6566337761144 252 160 209
-26.518545510524813 -72.504687309197 536.5389435932376 255 163 209
-11.02533690731095 -75.61872859040443 535.1820226120519 252 159 208
4.836516167184937 -78.29555341364109 529.1418715140774 251 156 203
6.371565654399022 -78.30329719814351 527.3441791171449 252 155 203
13.1446044415029 -79.23130811518305 521.8816159326287 241 149 195
21.31957621980924 -80.69347164024792 519.464828842991 250 155 202
37.97830419272244 -84.16242411491484 519.9463555576754 249 153 196
39.97091033910795 -84.31361871314292 519.1324996372456 244 148 191
47.09859746869842 -85.43085556617409 514.51360597549 242 151 192
55.05710815866232 -87.18106218541246 516.139271604457 242 146 185
74.19943112644151 -90.54998621455017 511.5276748733441 230 135 171
-246.9557390628061 -54.92124830528123 924.1028442777539 45 76 133
-244.91351645728417 -54.960609467914516 919.1681389515651 52 83 140
-243.75240540584343 -54.35914108978519 907.5856585390891 44 77 133
-241.34719709790983 -54.88497447068655 906.1222160229876 40 76 129
-242.10252760519828 -52.67753814573205 880.2708808886767 41 77 130
-239.63988594389087 -53.018608360830605 879.1661995710166 45 78 134
-237.14813586315626 -52.44603152251337 860.4045608201914 48 79 134
-236.9893468200381 -50.9279911065066 842.882534699688 51 82 139
-233.68028860384024 -51.92132369271265 848.1977483974606 52 83 140
-231.79619744954513 -51.88926999975383 843.5367497132726 54 87 143
-229.5853743860519 -52.3525083287154 841.6004752260457 46 79 135
-229.4789934203843 -51.00497360504914 825.0814567631231 45 81 136
-226.1679359445123 -52.15156022635042 830.5115714734798 50 83 139
-226.4741942714137 -50.76026584655697 812.1529363432469 40 75 133
-223.0416622806885 -50.60019451843761 802.170545139804 40 80 136
-220.94569144280675 -50.77344459222813 799.7022756526143 44 79 137
-218.57862038652442 -51.20933752323155 799.0576892149439 46 82 137
-215.73313801337451 -52.173057932606454 801.6165378485913 45 81 136
-214.77552663901182 -51.35221197807298 791.9898129623126 42 79 136
-211.06053190050912 -51.59836367578795 784.8438831423578 42 80 134
-209.86200616136648 -51.572673437993 777.8800075129549 44 80 135
-208.62672055292475 -51.03967169511442 770.5981954147035 41 82 135
-205.77666729924866 -51.73481031498196 772.8700028204007 41 82 135
-203.4075658234627 -52.10551314040547 772.3545673472917 38 79 132
-201.14928301708386 -52.69572142600405 771.5515245101423 40 78 132
-200.59530977628688 -51.873494585470546 761.0075328084727 41 77 132
-198.40776196695353 -52.172252404653285 759.6416191404459 42 80 134
-201.408024971643 -50.04968011209263 731.3832239498913 40 81 132
-195.37146082481692 -52.427958041100005 750.3798420067194 34 75 126
-193.85629194655777 -52.04226635711441 745.2849024366257 40 78 130
-191.1021297401316 -52.671433060545375 746.9882621170693 39 77 129
-188.38408759091567 -53.30004758562039 748.477099385261 40 76 129
-186.08657131089632 -53.84430061004993 747.9580671286461 40 76 129
-185.6687170363427 -53.066645251764854 737.7987952947014 41 78 128
-179.28350511130432 -55.66772993933316 757.2889873847254 40 77 127
-179.3090004036934 -54.25905924700815 733.7490431826229 35 76 127
-172.28688806355026 -55.182393228205775 732.2930681304471 35 74 123
-169.6595009233871 -55.97522742404051 733.4263040969673 33 72 121
-169.38478212435527 -55.16661269297496 723.4196387366846 37 74 124
-166.48423129210883 -55.85252607764255 725.6002748680229 38 75 125
-165.40111504058493 -55.76110238588259 719.7096323350248 35 74 123
-162.65028441574418 -56.49521442662738 721.2976767816427 36 75 124
-152.5587430611043 -57.666170939440484 712.5196521042233 40 79 126
-143.3051700389465 -50.06991427350863 571.324794203266 251 169 230
-121.58620395376785 -54.311367055342046 570.8765143577492 253 170 229
-90.11503640044111 -59.5884004292552 558.56143131801 251 172 230
-80.58127367797519 -60.68756699373501 547.6004998423526 253 171 228
-58.26356315500841 -65.01393607517284 547.3507042123663 255 171 224
-50.76666695075774 -66.20342787885002 543.3381994041393 224 142 194
-48.36998572969309 -66.22446226206904 537.8894313306391 251 165 216
-25.943816705617067 -70.62881460519431 537.1607147658767 251 159 208
-15.957433610383083 -71.92160315059333 528.3279296205678 252 157 204
17.268764538700363 -77.91394550925875 520.1213559176343 250 153 201
39.736213131212146 -82.17965784492229 518.0769428760169 244 148 191
50.30327647721775 -83.78672092927374 510.9599297018991 244 145 187
64.57163398036981 -85.95147172718104 502.0316921562895 65 0 16
-247.04735510085908 -51.56818239816329 918.8253819392909 45 76 133
-244.2008233423201 -52.33107814437426 920.4783633294227 47 78 135
-242.4329570906793 -52.24367789585271 913.6601869157352 45 76 133
-240.69508765005796 -52.068744451550025 906.658512362564 47 78 135
-239.83570144202335 -50.881312388349926 892.6496450613871 46 77 132
-239.10254767049622 -50.397771286583755 879.3375941372215 49 80 137
-238.40720976937058 -49.494235317771974 865.4577185241066 46 79 135
-236.10881495301817 -49.781532292384554 863.4674083312146 45 78 134
-235.36590504339185 -48.92728104651411 850.4696671315754 47 80 136
-233.80299890475337 -48.95552630851355 843.9472498700404 47 78 135
-231.4153671841267 -49.26933467433267 842.793519040113 52 85 141
-229.00493480071398 -49.69684965606424 841.9460028886701 45 77 136
-222.16346788461476 -49.42540956922027 820.441492586047 45 77 136
-220.2010671668749 -48.468409336775174 801.3985166272831 46 78 137
-217.9518410366195 -48.818498732323896 799.9982320963511 42 74 133
-215.76009505371132 -49.14533654111274 798.2778725563145 46 81 139
-213.80657692752257 -48.931801883315906 794.685445579753 43 79 134
-210.77670597769855 -49.07267201440607 783.8406449270087 46 82 137
-207.82258587088018 -49.817199964889554 786.6428733549664 43 79 134
-207.21786225581783 -48.952378120571524 775.7617146975315 41 79 133
-202.85822065133675 -49.787442377322684 772.9395513875756 42 80 134
-200.40735863411203 -50.33631920239942 773.0087868663852 36 74 128
-197.6158331402482 -50.80275546644969 774.6071568910841 43 81 135
-196.4148618663852 -49.7328103333019 754.9107728708631 40 78 132
-194.42854593310665 -49.88652559914901 752.5188091002311 40 78 132
-193.05260532355388 -49.66672676428409 746.963751454256 39 77 131
-190.22567922683078 -50.50395676454673 749.1909436964826 40 78 130
-187.73682961734718 -51.04021380324166 749.5313445996212 41 78 128
-185.53555892205355 -51.394439051741664 748.3806731507509 42 79 129
-183.82387938253467 -51.15464299380388 744.5047772642031 41 77 130
-181.976768444845 -51.56990428822883 741.8794124609921 41 79 131
-177.8418836982298 -52.14229478477808 738.4196373952661 39 77 129
-168.34263058756426 -53.96351595980165 737.4119249095372 37 75 127
-160.07394664732126 -54.93499701156572 730.5837342053715 42 79 129
-152.59551075315557 -55.72965861827547 720.7940368286975 42 79 129
-144.77130078855322 -56.73285641846628 712.902063361742 37 75 127
-159.95247863854007 -45.20881299757466 580.3284396910673 228 142 202
-149.52152421497027 -47.125990768965885 578.8203772517902 251 168 234
-118.5139211977478 -52.011465943828924 565.125683504268 253 170 231
-111.993866836674 -54.05121293715908 578.909115965811 255 169 231
-101.07063710913926 -55.67218940049108 564.6194175114316 213 164 225
-95.83911630123488 -55.88787455044482 553.6599066421091 177 103 161
-80.04803325480755 -58.601700221735626 548.0647330238392 233 177 232
-54.647959536590456 -63.20849270117631 544.0253844068211 250 163 217
-46.97620902449356 -64.99991754167681 546.3513659749251 172 91 145
-37.17278901853845 -66.63441455027791 542.3739480318762 255 169 220
-31.51699342012267 -67.10297021613276 533.9028762485129 252 160 209
-22.03138398485143 -68.89936538874764 534.6938679676158 241 149 202
-15.07313071080188 -69.99267065363598 529.57726876316 249 157 208
10.624678192951441 -74.41536391799431 524.9637889281405 252 157 204
28.214498830511566 -78.04636343433027 522.7272312115517 238 143 190
33.7445667381559 -78.53019579621157 514.8261183977057 247 153 195
43.53186827869623 -80.44145132210251 515.5402604768652 237 143 185
51.02643114609287 -81.72573002156595 511.7126072451945 244 148 189
68.7053592696152 -84.00636257740246 500.1646207538348 14 4 18
-245.33190223119726 -49.74447634931887 928.2352594678418 45 76 133
-243.5454419957804 -49.70956160019538 921.4430768386525 47 78 133
-244.79363589122883 -47.38896437228861 891.3562335734199 48 79 134
-241.79989027274624 -48.03992331300812 894.047150313886 46 79 133
-238.46005910641114 -48.981192593926856 899.292282321994 47 78 133
-236.0302875579611 -49.64015601302841 898.2435392174208 45 76 133
-238.0098468158098 -46.724356843817965 864.5452830899765 52 85 141
-234.8425108471736 -47.654404461123775 868.8276906895464 51 84 140
-233.6519471318364 -47.2541153398053 859.1216652315424 48 81 137
-232.34957260512007 -47.01443680558767 850.5385203524768 48 81 137
-229.34869781053072 -46.43070832142604 836.1090666332655 46 78 137
-226.90899764140295 -46.79682892267857 835.424756021038 41 76 134
-226.62252877283993 -44.75068792583894 804.6105480989967 41 76 134
-223.21492614541305 -45.79017037583354 810.5059814084356 41 76 134
-218.6130197286514 -46.766728590980854 808.4231263164606 44 76 135
-218.67626830084322 -45.5863810076891 792.6587395466886 43 76 132
-215.49846877114433 -46.410452263892424 796.860824363179 45 78 134
-212.8724616580681 -46.87806534429197 797.6311420159191 48 81 137
-210.4774273489524 -47.273619450163515 797.0779092883289 43 79 134
-208.35374691445062 -46.60321965791199 780.7385305292189 44 80 135
-204.23121268186088 -47.32528720839976 776.508369574567 44 82 136
-198.2420438881032 -47.726793072636674 768.7226843763248 42 80 134
-194.5675761726163 -49.142291383427555 775.5310913717468 44 82 136
-196.31565738295959 -47.024436997039935 752.9547156496369 41 79 133
-192.99789797234354 -47.98186370600417 757.6255331834253 42 80 134
-191.09808213433678 -48.113865091180664 754.7968659723874 37 75 127
-189.22613145323007 -48.508375440994676 752.1245678809984 40 78 132
-188.56867729601538 -47.93195308169065 743.045516273753 42 79 129
-185.75771038670126 -48.50843554661748 744.9225449119585 42 78 131
-182.8596362962332 -49.118079741873515 747.1684316940944 43 81 133
-179.82193127434002 -50.20572007248571 750.3902874713671 44 80 133
-177.6826747765738 -49.492043183170196 736.9735751363274 38 75 125
-175.33513483634923 -49.91823247047701 736.612765276272 40 77 127
-148.95239557935378 -52.69989257744239 703.7399215791665 39 78 127
-143.59071329022322 -45.93754366751175 575.3688759956373 249 169 232
-132.616039485723 -48.11458208438798 575.5975571770334 248 166 225
-127.68553624397646 -48.645108566488204 569.9835082590431 252 169 228
-117.01231468928623 -50.67516868361848 568.9823582805664 253 170 229
-115.689809992996 -50.45114410386903 565.9688773787062 254 171 232
-101.35730077968216 -53.29332962295517 562.6246497704599 246 192 251
-85.69301962541999 -55.89861529631696 556.3330367854941 250 183 235
-70.03279099128771 -58.538922337431465 550.0897463193422 217 158 211
-37.574961148309654 -64.1837190705234 540.4912636228454 149 113 161
-32.53203739204749 -64.86661100685832 536.1144608310651 230 152 203
-21.632866825337125 -66.93404109815098 534.880387096034 199 114 167
-5.145121386238016 -69.84934694543612 530.46135638906 183 121 171
0.5340694916715812 -70.75003510408163 527.6492995793819 181 112 164
11.505598703497904 -72.81167533499227 526.2627889479579 251 156 203
13.504378532361457 -72.85912169965661 525.4451743785916 252 157 202
27.77325331031847 -75.64476022527478 521.132327665274 250 155 202
30.094372421422747 -75.84038830707355 516.3052467267535 250 156 198
44.656492584778725 -78.67195761560987 517.1504035624528 248 154 196
-244.16057944863584 -47.42992980527236 933.1995396859134 45 76 133
-242.15435463392896 -45.94906399332736 907.1692143848318 45 78 132
-240.49900649657172 -45.80589866922004 899.780303924648 44 77 131
-239.45039369100436 -45.215526834600006 888.026788092959 47 80 134
-237.28679143203664 -45.41781779121811 884.7624937008062 43 76 132
-236.8905983489282 -44.373164446498 868.7630539723182 43 75 134
-234.54759731451566 -44.76181119544953 867.1529574253432 47 79 138
-232.81687450810148 -44.82669368552378 861.3862861892661 48 80 139
-228.4747372360334 -46.39500584500679 873.4829285584352 43 75 134
-229.43748612390738 -44.84652819945284 849.6037513849122 46 82 137
-228.62493859964695 -43.91345567475644 837.5389923807929 38 73 131
-228.21079444722162 -43.073272994839 823.5549032814713 46 82 137
-224.38718363417044 -43.2794770835985 815.847496184651 44 82 136
-220.44329225316676 -43.68182850168827 809.3176605814498 42 78 133
-218.86498709440295 -43.63792987133013 803.6975505093109 45 81 136
-217.89482227255795 -43.08231287964629 794.3192917589647 42 75 131
-215.4026517214873 -43.576572211606134 794.4664559372846 45 78 134
-214.0875527998443 -43.377067426455305 787.5866836077846 47 80 136
-210.91956050480934 -44.21047377779168 791.6831155568167 43 76 132
-209.57597723751877 -44.11056275705573 785.2006388389784 46 79 135
-205.82418214201894 -44.47016286036319 778.5986369356606 45 81 136
-202.93326635879745 -45.19858737104546 781.0358444249314 43 79 134
-202.57313014926612 -44.39339064898622 769.289805752965 39 77 131
-200.6725407094696 -44.51606372896063 766.2721672855126 43 81 135
-199.42235550049992 -44.32348385700405 759.826415121725 42 80 134
-192.4818248078832 -45.53419912248408 757.9151505133256 42 80 134
-190.67701881347972 -45.786600670243374 754.7476769557848 41 79 131
-186.9354110691825 -46.98456520352113 761.4511199812317 39 77 129
-187.7688266595791 -45.51536923459251 744.6636899900931 39 77 129
-185.2967371910803 -46.00604290558417 744.9164967094142 40 78 130
-184.08841874325947 -45.8438563655246 738.900866945432 41 79 131
-180.24183571865785 -47.0626740040789 745.9128703774946 40 78 130
-175.45586330350315 -47.20707548594281 733.930654233702 44 81 131
-169.24825619343702 -48.0271831260716 729.0045454161166 40 77 127
-167.73646151808572 -48.0308476417785 724.8582914855533 40 79 128
-156.02917696928122 -45.02587275821223 635.722113778576 53 30 38
-161.87280619762203 -42.09479627986099 603.8502693577391 23 24 37
-160.6665357944862 -40.95660253490362 583.0106123054952 246 163 224
-115.09057506416035 -48.57417888485532 566.7930897019622 252 169 230
-98.91264626479364 -51.54657495206797 562.1980050673847 255 187 246
-83.05773389620363 -54.236911742835765 556.4578484547027 211 131 196
-82.82562118282422 -53.891943249011355 550.7552005563537 153 104 163
-57.40555469782624 -58.28745628329791 540.9591801271588 250 165 218
-50.0251784845324 -59.69856663099059 542.51490824656 251 172 228
3.243430021252534 -68.54117137754929 517.7189303406324 254 159 206
14.161709565160114 -71.04335852527005 526.208453586565 250 158 202
-245.3941994020207 -43.77415408673046 919.7683401602834 43 76 132
-242.54837998443872 -44.033454470339045 920.6410990838117 46 77 132
-242.42894798098988 -42.882306454124716 901.3306960345707 39 72 126
-240.35875984556912 -42.985033148078735 897.0922984758681 44 77 131
-238.5138087179697 -42.865260496880005 891.1871168887203 51 84 140
-232.91460806422367 -42.9647607760469 875.2496074109628 46 79 135
-221.28533994179477 -41.43675833261394 816.7634394674378 49 85 138
-221.41808840322688 -40.53403077038409 800.496560686058 48 81 137
-218.85874264832938 -40.7805435363879 800.7251619616712 44 75 130
-215.15168185574697 -41.00323866669502 793.1932879597483 47 80 136
-213.8394571518698 -40.810848722121406 786.323601583859 46 79 133
-211.3379455598453 -41.28497346167635 786.5529586566214 46 79 133
-204.6047115922024 -42.50589997581341 782.9475058167056 45 78 134
-203.36209201986742 -42.186202730140515 776.0038218152978 42 78 133
-202.70563340566966 -41.77606293551693 766.1708509793394 40 78 132
-198.86728388189542 -43.232194226900276 774.0277470972469 43 81 135
-198.22081672219068 -42.33025095759432 763.8928289919277 38 79 132
-196.0833166798406 -42.67261279928063 762.3090540030975 42 80 134
-192.2652235684286 -43.060364490633404 756.7594828881527 39 77 129
-191.48967644921797 -42.75870660516257 748.2837514814676 37 75 127
-188.37521338542706 -43.46867717852918 751.7220266473237 39 77 129
-188.64240228983084 -42.7693586677466 738.2950757827193 37 75 127
-184.68363262812483 -43.812092002522135 745.8597439036189 39 77 129
-183.74093261795818 -43.469926016565836 738.4917379066867 40 78 130
-160.36194913756813 -46.66996771232492 713.2049243501298 36 75 124
-151.87859639322411 -48.32075150033467 718.3497799770583 35 74 123
-140.64676480221948 -50.642390518385966 714.8358114271031 36 75 124
-158.3355233769621 -41.77838066289985 625.0537230088167 45 27 37
-17.02536121414018 -63.423653935194004 533.3509654124241 178 94 144
-0.631063765019207 -65.8377591275019 523.5666562318589 238 157 202
0.42986087337761353 -65.66758471329989 515.8493394988384 250 158 202
9.199704023358676 -67.59268832577733 519.8761887194169 254 159 204
-323.1469925771706 -4.835566434799996 579.2730197361564 45 78 134
-318.03758416327406 -7.9340329690452425 613.5205101162114 47 78 133
-312.20154075528797 -11.551531085847044 653.929265985562 48 79 134
-295.3932766276498 -22.660374975235776 781.5082777246761 43 75 127
-286.4706625026787 -28.40551453292839 846.6113410933124 46 78 130
-241.89324429501198 -39.90260265051195 901.0701412635503 44 75 130
-239.24362236776818 -39.14333583289964 881.742070716774 44 77 131
-236.79501803550448 -39.69230396047289 880.8196895321441 46 79 133
-233.54355756127222 -39.45979183005013 867.0692586786458 45 78 132
-232.69653136159033 -38.77428353374647 854.9379995679711 47 80 134
-231.04507969831454 -38.78105676544792 848.8117047458448 41 77 132
-229.11358363834702 -38.909165125426135 844.6638633760326 43 79 134
-226.97897019129783 -39.05596666280616 841.8498949074058 44 77 133
-226.8496845035744 -38.1140551066544 826.0239557092743 46 79 135
-223.14484891767214 -38.38228448062547 817.6433947759664 46 78 137
-220.07565974660227 -38.07181546424558 805.4363158349406 41 77 132
-216.36899516306983 -38.448058816781085 797.8854002581178 42 75 131
-214.29606507945948 -38.672210432339114 795.4526984705545 45 78 134
-213.32653786212398 -38.18633036551962 786.4480196682307 45 78 132
-210.98170522917118 -38.7501633189556 785.9145295356287 47 80 136
-205.76486289908752 -39.761026168322736 787.496946064084 42 80 134
-204.62918779257728 -39.44376791649897 779.9113937131186 44 82 136
-202.2065315378903 -39.90743714685866 779.7161862720754 42 78 133
-198.81593737537386 -40.04591370718609 771.3513229091658 40 78 132
-186.25536132532207 -41.11877407556569 747.8851117027517 41 79 131
-182.93437981229616 -41.92022860168255 752.2539315819649 39 77 129
-140.62488505674506 -40.44545310474242 581.9605499044999 248 168 231
-139.97290035635916 -40.13530469414711 576.4530926522647 255 232 255
-131.54246072737038 -42.31716032461262 590.4222281274195 237 159 226
-132.16560041310947 -41.94032917103584 580.8083002999106 248 168 231
-133.43744042984594 -40.93006901099015 568.8844034446294 250 168 229
-124.41527313628882 -42.736800633430015 569.8658015156622 242 166 223
-117.31278035917104 -44.29450212872776 571.5860235215658 251 168 229
-117.92016446856682 -43.49553938952111 562.44046136047 252 169 233
-109.09339059029799 -45.272090248328944 562.6326741898973 251 174 236
-103.51045770962163 -46.61776852945396 566.2779499195649 251 174 236
-101.0403802091348 -47.07127186684682 567.0103223615192 253 177 236
-93.90907373717528 -47.506711846683345 555.0118366815892 251 172 230
-86.12368035609731 -49.06275278450641 552.0067739276517 251 172 230
-78.06707140724211 -50.81807782003062 555.8983576837604 239 157 218
-77.71015426710264 -50.540856573820975 550.6170392931319 254 172 229
-69.47907236533156 -52.44095042371215 554.8415329448744 250 168 225
-70.76886149884366 -51.50813525770408 545.1445203533385 248 166 220
-63.052445987496455 -52.73933755747378 541.8529401568883 251 169 223
-45.381590744365575 -56.635333300115605 546.8494915953197 252 166 217
-44.40245056368231 -56.573006540723625 543.5554074503784 249 160 212
-37.50877038625686 -57.901544607014145 543.7297439456903 253 164 216
-38.516298111174656 -57.18124336916316 535.6107057169091 249 160 210
-21.76717303906868 -60.52437306880602 537.5398985105709 252 159 208
-22.44467288044225 -59.953144967700204 530.5487329987403 251 155 207
-13.124599673761262 -61.742465164459375 530.9300206255672 252 159 208
-4.918352536281648 -63.56660131316114 533.8926240729342 255 164 213
-6.046748992056705 -62.848536746094396 526.1536549144001 253 161 210
2.9026795295586947 -64.86378022035755 530.6541538480916 255 164 210
3.6083909621212653 -64.75816564419803 527.0975897254312 247 162 206
10.602850776803441 -65.77435321289552 522.1548505864122 252 160 204
19.743834221723723 -67.62314550731107 521.849956748736 250 155 202
27.75756316330377 -69.23046986738268 523.8927876295364 251 156 203
36.90188561726262 -70.46638627678756 518.4991334311193 245 153 199
43.3647640938613 -71.60450393167412 512.6896864292197 245 151 191
52.298409524006495 -73.23666006821342 511.682896434385 242 148 188
62.0301234850484 -75.37984533307875 516.6348477870398 243 149 189
60.2965483346557 -74.61112871273316 508.8386654821927 241 146 182
70.01278079475081 -76.57980188449879 509.19367726595715 238 143 179
-320.6582948462268 -4.872234751463104 602.5729816268491 46 77 132
-242.88627913957177 -38.72018983093669 930.3247582543019 45 81 136
-242.4085521140944 -36.598463521991775 893.3104903660308 45 76 131
-239.46286836503035 -37.22463166847456 895.705005179916 45 78 132
-237.16804117629974 -37.5083609864339 893.2917376153159 44 77 133
-235.7312786530319 -37.399996895230395 884.8507723450412 46 79 133
-236.4457664264923 -35.842592594031295 861.166698200892 44 80 135
-233.9546796084985 -36.19344248048963 860.5763703052378 47 80 136
-232.00863821661284 -36.27918896088417 856.2641280892517 48 81 137
-230.6769763834957 -36.11974265366715 847.9591791901153 48 81 137
-231.51013237138574 -34.647195558570004 825.2518291896587 45 78 134
-227.93363511127066 -35.6383986186399 832.2740986138963 45 78 134
-226.21568107535353 -35.65635528339841 827.0172100168583 47 80 136
-223.81682221388044 -36.14149173674984 826.3349928593857 50 86 141
-224.05142285549036 -35.07364661067742 808.819277306128 43 79 134
-219.04281074981958 -35.93993195414849 808.9685993737254 47 80 136
-215.40592337110562 -37.09711860330095 816.027835427384 43 76 132
-218.2885171297092 -34.56390445761521 783.3647163026442 47 80 134
-213.60363200096424 -36.243834170922604 796.7419876891689 46 79 133
-211.83736854824983 -36.285188924791925 792.5151157775824 44 77 131
-210.40897998880075 -36.301977127238615 786.5177238148891 44 80 135
-209.95848701788208 -35.76393665358335 774.9846784264803 43 81 135
-204.84517860507006 -36.661956758725765 776.1419144290232 44 82 136
-201.4057012552516 -37.66665192059359 781.6479705446341 42 80 134
-195.54618573536445 -37.54291645185772 760.2957358819408 39 77 131
-195.8543521812459 -36.61040631136621 745.8890502351271 38 79 130
-191.39078460176844 -38.055211725688224 756.5219783912283 38 79 130
-189.52182088625423 -38.1945741388834 753.5884652373146 43 82 131
-187.87201762731988 -38.40833391587106 749.7084330956802 41 79 131
-188.39351677135213 -37.29677539402268 734.8148320817749 40 79 128
-184.14952638507765 -38.638248591883396 743.9694442121529 42 81 130
-178.98181257490717 -39.10024532140219 733.8628683487269 38 75 125
-171.28376637035672 -40.764684404937846 736.0201868674748 36 73 123
-150.34255879073243 -36.057021742350564 576.8934846249941 250 174 240
-134.94215616659798 -38.56870365965105 569.9293479730431 253 170 231
-122.77660756705828 -40.6868789204586 566.8151215428285 252 170 231
-119.39795484938577 -41.15610175795873 563.5705158881414 253 170 229
-103.74572292174295 -43.7862590376942 557.5991361622936 251 172 232
-88.09229060196401 -46.424532240780124 551.6476551773195 251 172 230
-75.47343609883029 -48.39033438412642 543.4921267302195 253 170 229
-72.64991702179286 -49.06931999404568 545.1644630254976 252 169 226
-56.57131455591614 -51.85195215934981 540.3638257992335 251 166 219
-42.83552523850945 -54.218866379798676 535.2698833289713 253 164 214
-28.555037039614035 -56.22628908643543 531.2776903132191 229 159 207
-27.152644164689885 -56.8790395892089 529.393769567397 249 156 205
-24.18752720692066 -57.509484016433106 531.0189927764654 252 159 208
-10.430908371921412 -59.87951217766625 525.8758441163857 249 156 205
5.646408153150268 -62.68567163261432 520.7633351271132 249 157 201
22.02772938039835 -65.53396503935474 516.2011028741696 250 155 202
-239.63266415403118 -36.231362207980965 930.4297593589896 44 75 132
-239.67012210646826 -35.19547988227922 910.0043941958941 44 77 133
-238.70058723471556 -34.76371129231358 897.6211715400802 46 79 135
-236.841418922447 -34.73388817484978 891.9578781495201 51 84 140
-234.42541021776628 -35.047283262629456 890.4503224525663 49 80 135
-237.310590732347 -32.26986150952488 851.3563561487451 44 79 137
-232.87520029233153 -33.89978412040346 864.6345217809477 50 82 141
-230.70123387596232 -34.206019985310434 861.9196971854757 50 83 139
-229.01085882141243 -34.08758310974021 855.8490831781058 51 82 139
-227.95722939799342 -33.73267008123239 845.7418989143973 46 77 134
-227.2274491373457 -33.25505327986684 833.7807723194502 48 81 137
-225.9149724614665 -33.00156382060366 825.8307642147826 45 78 134
-222.9835418541974 -33.68838342814122 828.5172603814754 47 79 138
-220.58051161961563 -33.2148527236684 811.9564816973175 47 80 136
-218.43559122764566 -33.501802513962105 809.799808775922 44 77 133
-213.57905639937852 -33.534981734433885 794.1147244831806 43 76 132
-211.7481887671984 -33.66838920414512 790.3484719515908 43 76 132
-208.7634477802677 -34.366299306644066 793.33277255403 50 83 139
-209.44996136865427 -33.30381964926466 775.2390280749103 43 79 134
-206.41457442276356 -33.95497153893427 778.5256114425008 43 79 132
-204.37869253448827 -34.23133648864104 776.2045273537292 41 79 133
-200.30944121354264 -34.69020714997411 771.586432744734 40 78 132
-197.31630324181845 -34.716489176757996 761.3990319908143 41 79 133
-191.26246766980782 -35.432705479163936 754.8398199022022 41 80 129
-188.4351622057915 -36.14429016009415 756.9038796157912 41 80 129
-183.82072660471363 -36.28310760877909 743.4711962149208 41 78 128
-176.38295720194392 -37.02920148203827 732.6574978100115 37 73 126
-172.4581092901485 -38.1883093246112 739.7779312098332 38 74 127
-168.1794357384277 -38.21237116573728 725.9626825015907 40 78 130
-165.82663239116187 -38.61035617810656 725.6754274121391 37 76 125
-154.77489123013694 -36.02573907488516 634.3407888622028 52 30 32
-151.7622675296135 -33.64451145841457 578.213423992507 246 170 236
-144.45731959172412 -34.83886243990348 573.3396624643482 246 169 233
-136.64516866612612 -36.57668148169535 577.8870968409132 246 166 229
-135.29404726849137 -36.644291476339795 574.9701134225089 253 170 234
-131.79996476137 -36.143057168676286 557.1778347957495 247 164 225
-120.99131837366409 -39.09202304800912 571.4547618929431 248 165 226
-120.3846037804989 -38.91821412182928 566.2598364322953 253 170 229
-89.75451822937919 -44.32425743349362 558.6647249195777 253 174 232
-73.98348335642267 -47.081216348343666 552.8093669489917 250 171 227
-58.53342364275212 -49.53859218037941 546.0262759865135 226 144 203
-49.52726095876403 -50.99296347278443 540.2263814451188 247 160 216
-42.259564628667334 -52.51510074654842 541.488509621671 250 164 215
-41.23240595615562 -52.48737271078815 538.3793963786424 254 165 215
-34.9705629423914 -52.90437349262224 531.3937363522398 233 157 212
-25.649306116457577 -55.35052246470745 537.5371577793603 240 166 213
-17.11453088520007 -56.650678928054226 530.7412861569445 250 157 206
-8.710845750320205 -58.15413975441066 528.9856469262298 252 156 206
-0.99065072230753 -59.786765676091406 530.8099252656381 251 155 205
-3.8090849042900783 -58.43909058484241 519.3862830966225 250 155 200
6.614633896221529 -60.997079378364646 527.1434520517354 250 155 200
14.976093181429126 -62.56022041202414 525.1554003115102 255 222 255
24.273766980336223 -63.95454282362977 520.1576068469791 250 158 204
30.657792346236395 -64.60678934770237 514.0287763010934 247 155 201
66.00024636427051 -70.81773672595747 500.55358431612336 48 0 36
-245.0676081596926 -32.21239753337858 925.799938639694 46 76 136
-244.11748394229488 -31.706443554666215 912.503203341645 47 78 135
-241.05470785857017 -32.321525304053324 915.6015256077867 45 76 133
-239.21226837064108 -32.41206272504917 909.5406974951237 44 77 133
-237.1831237119798 -32.73147189178727 905.1035576674661 50 83 139
-236.81491594894104 -31.72326986289616 888.402006052758 46 77 134
-235.1873907022693 -31.64444284241387 881.3362059570259 46 77 134
-234.32798760088875 -31.104902201460817 868.9914210559217 51 84 140
-231.88669285395687 -31.63265445598635 868.1160142936216 45 77 136
-232.138006876625 -30.465805264359528 848.5957177336957 46 79 135
-229.77523913078383 -30.814015728830935 847.3467395214252 49 80 137
-227.38608672760236 -31.17697872117152 846.283855548076 49 80 137
-225.473948105752 -31.433536673770675 842.1823786430379 47 78 135
-221.75529583813167 -29.77743205922661 801.6154617648 46 79 135
-220.15590268823817 -29.834388333609354 796.2592217223016 44 80 135
-215.36495983632983 -30.63361777598061 795.3712955609328 46 77 134
-212.26299052380054 -31.530114865890827 799.19522956716 44 75 132
-212.56855337173934 -30.503563525560445 782.7870110761793 45 78 134
-209.69664218732672 -31.129671000315472 785.2002573660027 51 84 138
-210.94202575807853 -30.15024544221966 764.254576291283 44 82 136
-201.8261192168862 -32.0109043273351 774.204691059809 43 81 135
-197.49498449726002 -32.773903024357914 771.1735761398893 41 79 133
-193.62038235828402 -32.46532097390293 752.9221156438533 39 77 129
-182.633936624768 -34.21759844534009 747.1503538455547 37 76 125
-181.99384300016288 -33.79702814781414 738.3622082618979 40 77 127
-177.39664789936197 -35.354293440752826 748.9962664992208 39 77 129
-178.23104550594763 -34.27497963188602 733.2680754178285 41 78 128
-174.89200491920528 -35.17852931858956 737.6925010758341 39 77 129
-152.74565960859536 -31.318618250932616 581.1212442199461 253 169 233
-125.84467056051176 -35.567432865438796 561.4997653390589 251 168 229
-122.43620949059004 -36.360832099735816 565.5172865389062 253 170 231
-91.36517453449568 -41.552338193347275 552.9064854313275 253 174 232
-63.13595070274553 -46.27649048061345 538.9277440680181 180 99 153
-59.96296569845729 -46.924883061915956 541.3731982509 182 118 171
-30.3887340273571 -52.155375920737356 541.6841653953829 218 147 202
-31.78862679090629 -51.91603363066552 532.963224210672 191 118 167
-30.995093693752153 -51.850191436951036 529.4154872477344 234 160 207
-27.67437885598044 -52.51931035342802 531.9013628066044 229 159 207
1.7923517687385702 -57.62238791105091 520.9469690392041 249 154 199
5.264534710279727 -58.32942234611469 523.4663309565611 250 153 199
30.34594506502928 -62.58944548029623 512.8160461910655 247 154 203
34.4452996510316 -63.31744259548385 511.67357394199587 241 149 195
37.284123264055495 -63.85882065975787 512.6591068615062 239 146 195
70.52542434165728 -69.7085663123584 503.943327145347 172 93 133
70.8119524079481 -69.5835982340926 500.10914938928465 24 0 21
72.01544417895934 -69.33017279634308 497.882334071238 11 1 11
-226.15799403292465 -28.95616951641701 851.2077715265871 46 77 132
-207.4418043753559 -29.627509238554516 795.6274946724575 45 78 132
-209.3944793023163 -27.9551044298195 770.2983352773721 43 79 132
-176.32182192429238 -33.25702670387089 752.0662311821604 39 78 127
-154.69039172641138 -31.197871753514043 631.4523356944965 52 29 37
-156.68663834602023 -28.271430184398454 581.0770523514077 244 158 218
-155.13816725628996 -28.73815984088406 578.9382130500607 254 168 230
-140.99254519558679 -30.881957518016183 567.6461677955415 245 162 228
-130.94738608461594 -32.79923061335107 572.2480064398416 248 165 226
-126.7255170820852 -33.80455644563153 579.0670028809288 247 165 226
-124.37744574982213 -33.78939784910646 565.0860583222142 250 168 229
-115.12796997420084 -35.59785633849108 566.694890447072 254 172 233
-99.88191570586496 -38.02909624003828 559.297471634289 251 172 232
-92.46993406558863 -39.63534369598848 561.6352055136852 252 170 231
-93.14639433826724 -39.09040008591637 553.1138058180695 252 170 231
-84.14810566705926 -40.79057843522598 553.5258993037027 251 172 232
-77.3084110635239 -42.17635458010652 554.0091395011012 150 105 165
-68.8432667125302 -43.6676681126387 552.6492947543708 197 145 203
-68.02604199867504 -43.49046465382614 548.7241310188349 239 185 248
-61.447936929754526 -44.53847632863741 542.4307466997378 149 86 145
-52.78374309560751 -46.10856285499223 541.6246753410453 153 106 162
-44.94210947930772 -47.820782363182495 544.3910201381506 233 157 214
-36.150233091225864 -48.979365465290854 537.990455695308 234 167 219
-29.27168670679579 -50.15405950628527 532.7133191622389 205 135 185
-20.04408479953952 -51.888583639961155 532.9850711801832 221 138 195
-18.056810539314196 -51.35557822863773 521.6479859576997 251 155 205
-14.028217307964166 -52.69435580437521 525.786681023244 252 156 206
-4.248122037544459 -54.467577305754276 527.1354711198456 249 151 202
3.1446226535226582 -55.784192672261895 523.1594742320005 252 155 201
12.924367550222685 -57.646313676157604 524.2815468196931 255 159 205
29.177354935897156 -60.418055800271375 519.2545217408467 246 154 200
45.22199244290582 -63.31608021172583 513.796414208585 244 149 194
61.72262602639933 -66.06279150586764 509.0917992338792 242 146 187
65.7758466541901 -66.30148050281461 498.96149703572837 71 0 47
-239.96374880751048 -26.06583771612522 896.2882913371834 49 80 137
-231.19697319444023 -27.97944243918836 902.681748631221 51 81 141
-228.88781301910512 -25.70247952574448 846.80119693631 46 77 132
-215.3156994609935 -25.26191680623874 790.1110241201367 45 78 132
-208.20931273547458 -26.507700960673365 788.4947176039079 46 79 135
-203.21175296854537 -26.19086225199461 761.6394319864963 35 71 126
-177.64827277887267 -29.94241292833452 743.4614760425028 37 75 127
-170.78232645280005 -30.65383024459288 730.2242448242649 37 76 125
-157.1670620602038 -27.786722827678194 611.5492333206562 19 24 33
-159.7372332583109 -26.436387239303542 593.0195255956133 249 175 229
-158.17105626010468 -26.176398620375995 582.3618912953904 247 165 224
-156.042814460402 -26.632309956029708 582.2756745591798 243 155 216
-145.44196812928064 -28.55970469397847 581.3634817886591 251 170 238
-143.9008175479653 -28.286764720743072 571.2786177466279 246 165 233
-140.6491050636448 -29.14701791576608 575.1660081088017 248 167 235
-130.04129686891935 -31.07503159683865 574.1571074450794 253 170 231
-126.33166020574592 -31.737160136791125 579.1588489629495 250 168 229
-124.88807729542448 -31.837479184935724 569.4461826689552 253 170 231
-114.54337536809844 -33.640958570643626 567.4213652573881 253 171 232
-109.62655125948298 -34.290954433967336 562.1156515038444 253 170 234
-98.8996779442059 -36.297369443311545 561.2379213364909 250 167 231
-95.94066429951471 -36.49773752397024 556.8008667895225 252 170 231
-94.14345255777377 -36.894641518761766 555.6318019397931 251 172 232
-83.27244581581948 -38.90849314668465 555.0233479102242 251 171 234
-81.76089832786006 -38.680397230886385 546.6822717504084 170 105 165
-67.65122895194555 -41.584563721677206 548.8527164756546 241 184 244
-63.476191368605015 -42.43324688761735 553.9940830357001 174 116 173
-62.85672260311849 -42.20995892769287 543.704795209817 217 135 194
-51.370332895586024 -44.40052227641464 544.3852166562145 204 150 209
-46.473680365085876 -45.09794380136402 539.6264351555409 182 118 173
-35.59837675593678 -47.109093115057014 538.554598453031 236 172 227
-32.84061576551925 -47.389444213314235 534.2141174878876 180 111 163
-30.26226985475294 -47.98398238600504 534.9864412171814 194 123 176
-19.534495156152435 -49.927020610961215 533.408577713022 245 163 220
-17.09790349471701 -50.09116814059214 528.4412561026203 255 164 213
-14.451533687360437 -50.621598374300895 529.2745093824032 249 157 206
-2.928263972214888 -52.824208945783084 529.3832931740624 250 152 203
1.0059194139118297 -53.59819685089556 532.9538482584063 253 155 206
-0.8369935369289103 -52.99003912287813 523.8177790060714 253 156 204
13.27979934117116 -55.63706389448168 524.3576680340159 255 159 205
32.32740872104526 -58.7766736196482 515.5123549726613 248 156 202
34.353220842707316 -59.14406584868275 514.8848994508954 249 154 199
48.01781622136285 -61.404258311968434 509.41767838794533 243 149 191
62.26277020610136 -64.15941844587864 509.5455224787544 241 145 186
67.84654072570397 -65.04877130407613 515.4492520337196 244 150 190
64.8722942093323 -64.46959985770557 505.53676246723825 240 141 181
-200.1069600373147 -24.908235429278864 776.1912275495566 44 82 136
-157.29454722284825 -24.98584568342745 600.9410060631083 44 10 46
-158.45501656745216 -24.228874290080547 588.0959361567802 245 166 226
-157.35416859387027 -24.092582696764595 583.9530175874902 247 164 225
-143.12034580854012 -26.20960161470675 572.6662317085016 251 167 236
-135.343083679757 -27.565049757313005 569.5798543613317 252 169 233
-127.70485820927723 -29.25870634393342 573.3805206981962 248 166 227
-127.24940520621264 -29.03070767678028 567.5625470841337 253 171 232
-119.45096156789941 -30.319237145593483 564.5011280347259 251 168 232
-112.30155170515133 -31.79890255713767 566.3697229909844 253 170 234
-104.399391939112 -32.74000725455972 556.7422027034991 251 172 232
-102.48847137030369 -33.272255462477176 555.9679135783794 253 171 232
-96.60169277848227 -34.47931757827253 560.3886262362912 253 171 232
-95.02025609193329 -34.55285050636086 558.4541979608659 250 171 231
-87.65323872457111 -36.287792993715684 560.6483890156727 253 171 232
-88.2715329042787 -35.59584566379009 552.3355817282779 254 172 233
-81.09875641561965 -37.11128463161055 553.8659824813243 255 179 242
-80.92908075307183 -36.70593808386961 548.0113882117358 252 170 229
-72.94792874054743 -38.10901964463299 545.5440874966381 251 169 230
-65.21789904727808 -39.83455210191589 548.4154911574907 224 157 211
-64.8854544469892 -39.56696897998204 543.281731405128 248 167 221
-57.2198747646678 -40.83200903691918 539.92872201288 255 171 226
-49.270033196138584 -42.54018039372056 543.0824261663635 252 171 225
-41.575208897999936 -43.45858288374431 534.0621810825764 255 168 222
-33.422779072021136 -45.259018320660964 537.4679746668627 187 118 170
-32.043121139613504 -45.316244761106574 535.2771988857961 249 168 217
-17.172267578311036 -48.13938827535199 532.7791265395779 192 117 169
-17.04432509568629 -47.73021429275835 527.7287662765216 248 156 205
-8.708424798254706 -49.29881325548882 525.9321377366817 252 157 204
-0.776661755956103 -50.92902623972472 528.2689041298673 252 155 203
15.754894452685084 -53.87438958814164 523.9620782125654 251 156 201
24.14451392917129 -55.03095290641849 517.1539463102087 245 153 199
31.734766928934558 -56.59915793316182 518.3848171098533 246 155 201
32.94265765629467 -56.59687676592008 516.0582550695093 247 155 201
48.68586036893086 -59.30449759036641 510.0697256082661 244 150 192
55.81661764214982 -60.44833317654579 505.66809984596824 244 148 187
64.79579112371353 -62.44695511256112 509.23886603429037 241 142 182
65.54666187971225 -62.36963306114579 506.18283587849004 243 144 184
71.52834876499773 -63.45526052630762 504.0649462288376 214 130 167
-231.52407691852991 -19.49836946832368 839.5014548261512 50 85 143
-181.00510450842202 -25.744583359013454 770.7677208865344 40 76 129
-175.0015547997156 -24.43262643631625 717.760171751736 37 75 127
-153.47843042252882 -24.71247453688167 631.5922241694298 51 31 34
-155.19926309472046 -22.726188879427223 590.7508161430994 248 166 227
-130.95724193525112 -26.264928337872522 568.5034553487183 252 169 230
-94.50837572036228 -32.61222443178836 558.9443590713935 240 166 224
-80.51080421535677 -36.2112084513577 580.3391871000841 250 176 234
-69.37038640731058 -36.67387472709359 542.2989289241182 252 170 227
-31.386417500954455 -43.45769608896354 536.080543039405 249 168 217
-5.097487282565538 -47.814974724208994 523.049632940714 250 155 202
60.860634336252225 -59.3681805559044 505.705549133521 244 145 185
-155.91532357066606 -21.385062546517442 620.4150710295058 53 42 50
-161.75308081777945 -18.896097574790904 580.7571141429687 247 165 226
-149.83655283385363 -22.05241857405577 601.326846768297 246 164 225
-153.1957334238793 -20.501880043959208 580.547288930731 231 156 219
-145.21952350825066 -21.604804989609757 577.9420582344588 248 171 235
-138.21599884784197 -23.362418660039864 579.8099028464478 248 167 235
-137.74679220062606 -23.07410122360019 573.7660085576111 255 225 255
-130.50702370073907 -24.17486892910954 568.7646485512083 250 167 231
-106.88149919889698 -28.200055611256257 560.4075185162097 251 171 234
-103.61704236842522 -28.170694074279435 550.2258014991237 250 171 231
-100.12263755492212 -29.211952980896065 554.2536278302385 255 231 255
-91.44196038546725 -31.193689008438756 560.4359315770932 249 169 232
-90.92714302452993 -30.962813042317734 555.4019337303541 253 171 232
-85.27094817605874 -31.721845527420125 558.8097473962486 250 168 229
-84.59454924919594 -31.69684102394399 554.3732862496554 255 173 234
-84.15358605146919 -31.967024471874996 549.4341915179454 253 170 231
-75.46456609834031 -33.61467640261149 548.9581058344951 253 170 229
-68.63896488008997 -34.59294384681245 543.2868766450139 252 169 228
-58.383374049197556 -36.732207396520145 546.8301432329295 251 166 221
-43.710490644284995 -39.04181867740821 538.2795994727288 253 160 216
-41.136446886979556 -38.8027203602486 527.8632296194977 252 159 210
-36.65473210032547 -40.15948890395639 533.426478937615 251 159 210
-27.685704292391137 -41.8339057406355 533.2324107793028 251 159 208
-23.64295297292508 -41.86051442380917 531.8682809974893 253 160 209
-19.684936566385193 -43.22178372493907 535.9289265139646 253 161 210
-20.691870634032778 -42.88493910841256 528.2904531818268 255 162 213
-11.545197437217341 -44.60309523572208 528.3608921556462 250 157 206
-4.108075349111387 -45.83549125264081 524.4886496242522 250 154 204
20.902585505951965 -50.28310044035333 518.7402546862776 247 155 201
24.768542903442803 -50.48811294687331 512.2849204596129 255 192 236
28.309524546160855 -51.48345628650139 514.834029705822 247 155 201
37.4398455522766 -53.15956229510154 514.4146661151426 244 153 199
41.58034751602229 -53.65288186346068 513.2748872234949 245 153 199
45.00406632396086 -54.16149924598739 515.3458748182509 234 142 188
44.53877933851079 -54.29782609560567 509.9176120108142 245 153 199
53.81880418290194 -56.060361934529695 509.67587909862885 246 155 196
61.30804951294577 -57.23293122145211 505.93604902151793 241 147 189
-162.88557852260905 -17.00912634499477 591.6675278522534 30 2 45
-159.58489792119096 -17.716531342010473 596.0424941426502 34 6 45
-155.09585700310004 -18.694500730828896 604.8661656654181 36 7 41
-152.14126847800802 -18.76054721213939 583.1246328818792 236 157 217
-149.50697738094976 -18.692416263709372 576.7589736844848 251 174 236
-147.60170441954907 -19.172669780890676 575.8980587737061 247 172 235
-136.73876041643877 -21.280984740812325 576.0217604221098 238 158 223
-134.9929037263026 -21.23434630889451 567.0392022079202 247 164 225
-132.1215790715493 -21.751728637263536 569.4065251944663 251 167 231
-118.75141002135662 -23.909682512511246 563.2068070919121 255 172 236
-116.78613205751198 -24.287453002415006 562.5260745775822 252 172 235
-103.9139100674073 -26.499972513076873 554.9920427321272 251 168 232
-101.27996544080155 -26.90995989150402 556.2893345624907 251 172 232
-87.0972545255741 -29.35013418738987 552.6277212194938 254 172 233
-85.57711984850599 -29.611376026264228 550.6650937905528 254 172 233
-72.69473464881159 -31.83362842425885 543.4175483074192 251 168 227
-70.22523357377521 -32.21853184273606 544.0688861662709 252 169 228
-54.39586219359816 -34.90107160974692 538.7612117781347 249 162 218
-41.23974619779842 -37.196180937870665 532.4009510210608 251 159 212
-38.15272601320147 -37.75289735065345 534.4353482234945 251 159 212
-24.38980958329674 -40.09782533720901 529.4691367246886 252 159 208
-22.042370714142248 -40.52912820544453 529.649532035496 250 157 206
-13.971958411159052 -42.30401339649683 537.7911899350438 251 159 208
-8.780217365740311 -42.85357343572626 523.5387668261943 252 156 206
-5.747585864218607 -43.40431213669031 525.1948585072115 249 157 203
9.986886101637936 -46.34393038598578 524.3820245160549 247 152 199
10.468640323072595 -46.21412838220662 520.4409762688532 249 156 207
26.590299288109332 -49.03836640826825 515.4098587295152 255 173 217
40.66369835848573 -51.415308853144346 510.8674118556543 255 196 248
-151.90971502086458 -18.15614103173016 633.059558937506 53 31 35
-157.7374100781386 -16.14483300761495 601.7499455828079 28 22 37
-160.19259120745463 -15.140302235318062 583.9165392368565 241 162 222
-157.66405562880828 -15.292594311480968 577.135992181563 252 169 230
-149.5539047571713 -16.956148560634603 583.2311069771648 246 167 225
-147.55633584765226 -17.121306295733234 582.5338144924468 252 170 231
-141.46036846717755 -17.938412921465563 573.2896569942458 246 166 231
-134.41933676801517 -19.390060885898812 575.1745963662845 248 165 229
-126.61225926630895 -20.840694418396026 572.1054618537132 250 167 231
-118.73658928324514 -22.062938253994773 569.1801413046724 253 170 234
-117.10535009052597 -22.149350319703853 567.3210888590883 252 170 231
-114.14958806145528 -22.80519237692195 562.8668657356552 254 171 235
-111.20370658152837 -22.832722810309946 558.2600066094611 252 172 235
-94.57042811686199 -25.970646896486638 555.5500508263239 252 170 231
-87.73053953575435 -27.306385998824776 556.190197657962 252 170 231
-56.32053178612648 -32.648293961639816 544.4982699564629 250 165 220
-54.69224825953849 -32.7541704133365 542.8613446610689 251 166 221
-48.24495189152809 -33.689632931163736 536.4009773383261 251 161 216
-44.20528950279654 -34.54864736074785 535.3192589254455 253 161 214
-39.129686606567816 -35.84121735387891 542.3723302213349 250 160 215
-24.16269780689257 -38.193734427963484 534.5722259904816 249 157 206
-23.020377895455848 -38.19294724837287 531.8699400810135 254 161 210
-18.289311867936924 -38.54887307419322 521.7353659112686 250 157 206
-8.082881723178566 -40.958093727617275 529.4886557814 249 156 205
4.3399047463160505 -42.971589111708184 521.4101564953813 248 153 198
9.129085453773836 -43.72624454957933 521.7755038904412 250 155 200
16.18170199405957 -44.84047594866974 517.1339705342668 247 155 204
25.76899043336367 -47.084334603033824 522.6624989979315 249 157 208
42.20310047216729 -49.55834944990018 513.2566148660128 242 151 197
47.00928371459604 -49.83392999271394 504.28866384517283 240 150 191
-152.91365986105922 -15.550620456930492 627.6019577532154 44 26 32
-144.78375452046205 -15.79354920301133 583.452119806486 247 170 232
-141.7075589351536 -15.637140148800247 571.0947012647517 246 169 233
-137.5994455727841 -16.55811576548227 570.4120971398124 250 167 231
-116.52905590653903 -20.288975833095584 568.052472430397 252 169 233
-113.7868124117174 -20.981945848322194 569.8528174709998 253 170 234
-109.89285413037899 -21.24100687340298 561.296383858173 252 172 235
-85.38328634797197 -25.562347759048958 555.5364301967727 252 170 231
-83.2854222276215 -26.059758355749906 555.2297753189239 255 173 234
-74.66634010986992 -28.17312621826592 573.3610506765319 253 171 232
-76.29827486272012 -26.83657762729376 543.7203025686074 253 171 230
-72.79542453514858 -27.583486909413974 547.2616544282623 253 171 230
-54.32483918658455 -30.83773794733016 542.9559035496941 251 164 220
-44.20351770641961 -32.318640148341146 534.4491713985014 253 160 216
-41.018956378955416 -33.08974753895895 536.8088311517363 252 160 213
-21.981288413939215 -36.459503660120006 533.5575604137483 253 160 209
-14.791225676077294 -37.60822933370439 529.078331999578 249 156 205
-12.199578641149524 -37.97938830404965 524.5994267159193 249 156 205
10.301844873262604 -42.04778810561011 523.6286488861924 249 154 199
20.241068247646556 -43.592611627010825 515.3196606284725 249 156 205
42.49983965258409 -47.61386512753663 513.2384388587498 242 151 197
-159.0605068217032 -10.929872286299595 585.2999799116204 241 165 224
-152.26249443264805 -12.286212999945734 586.4946065572167 253 170 231
-144.77853142389188 -13.511142111603924 582.0826823872676 241 164 228
-144.20983597140454 -13.133199239862009 576.2334649439641 246 168 235
-140.03027444274338 -13.720169842803891 583.3214566799694 248 167 235
-136.69289399355213 -14.85866636299032 579.8529580698391 248 168 233
-137.0353787832261 -14.42670990856759 571.0508489141982 250 167 233
-127.34474969586707 -16.44120951598329 574.4845629884835 247 164 228
-121.64125440155667 -16.967667995337433 564.4117726806682 253 170 234
-112.95240590595822 -18.543646970507517 564.2798501202212 255 172 236
-106.09954083957585 -19.593178211638737 558.3295277336188 249 169 232
-96.32949275503663 -21.695507681525548 561.3526551913207 251 171 234
-82.40123675346562 -23.652594917945983 550.3536424889312 252 170 231
-75.53993281976413 -24.793816301202796 544.8202752849827 253 171 230
-65.7145418451257 -26.796342942000102 547.4109086724033 253 171 230
-59.86623115249202 -27.45422748769558 539.2260918541665 249 163 221
-57.83932314623472 -27.956467172817955 538.7408298705072 252 165 221
-43.32965312208068 -30.627878842896497 541.4219222587996 250 161 213
-43.960154686123424 -30.20714584218181 534.1976379708389 250 161 213
-33.15936049530161 -32.50371438786264 538.6326858833904 251 159 212
-28.001507536980014 -32.99187388907388 529.2249693453837 252 159 210
-19.151276766426356 -34.81525515737892 534.04509683792 252 159 210
-18.521133024814965 -34.68014974147556 530.1759719660715 253 160 209
-11.377385649742065 -35.91074327105954 525.6785033063599 248 156 202
-1.1724367630910444 -37.97258225784959 528.0572608440995 248 156 202
5.093597049152012 -39.013757537394945 526.6262752609001 248 156 202
4.688861478071051 -38.690714306375106 520.7225865494764 246 154 198
13.277010193060962 -40.437968650142665 524.3303589258123 247 155 201
13.892151669184914 -40.33465758381524 520.6929122607451 247 155 199
20.798218317932168 -41.5006119665006 515.7850255478074 249 154 201
46.370213062182195 -45.95855698869222 510.9694130270963 244 153 199
52.649064654428116 -46.975881051626054 509.45895367265496 242 151 195
-161.9111591431833 -8.547698515258512 589.5505878627656 34 6 35
-158.1131035929566 -9.020875363795772 587.4843313009359 243 164 224
-155.929541486451 -9.271009853205703 579.432492289205 248 165 226
-153.6220455873695 -9.608829573717193 579.984977911794 227 147 210
-142.94315070113012 -11.512478665986558 579.495974880964 246 165 233
-141.9079279571369 -11.396869038029623 575.4087566266682 246 165 233
-137.83668133634242 -12.294258522447011 574.5352419320396 248 168 233
-127.44317198122839 -14.132564792722013 572.8826535719215 250 167 231
-125.14550305480833 -14.447475437314406 566.0466214127268 251 168 232
-112.37819510965438 -16.631568785004596 564.9770566077095 255 174 238
-96.62362825638748 -19.326545492858507 559.3627618629146 254 171 235
-91.95310220229022 -19.963401823886024 553.6142146933514 254 172 231
-81.16035106154207 -21.956428051850253 552.9015744439789 253 171 232
-79.17125717695767 -22.167092859276256 546.0650671685485 254 172 231
-76.18066150452576 -22.668861836067435 548.2069145218468 252 170 229
-66.03574598377162 -24.462848043632242 545.583821428657 251 168 227
-60.78578418561793 -25.272780788989802 541.7611607084317 251 165 223
-49.878158869377344 -27.280868334076985 541.0592282373152 251 161 216
-34.13179449387982 -29.960867460393565 535.4022866663918 252 160 213
-17.79266524928914 -32.820176196112264 531.1102508132557 250 157 208
-14.866324897494344 -33.27302173086413 527.3633017823207 250 157 206
-1.663598659188062 -35.599374502029036 526.2087669484036 247 155 201
11.04993233178202 -37.68104183462622 518.8651780181721 247 155 199
30.568132507880172 -41.17949369424636 516.1196311550548 249 157 203
47.19055475522287 -44.07218756474412 511.9599128060775 245 154 198
-159.1236549637577 -6.835771085630011 590.4760051311621 194 137 185
-155.17395416815663 -7.4267765261732 588.9914666259895 245 163 224
-150.7019878472622 -8.14975737868422 581.456099730236 238 158 223
-148.56243657913066 -8.14468577144863 573.4495312650508 243 167 233
-140.61132758569335 -9.678198603355886 578.7208278465639 245 164 232
-135.3158879222449 -10.73502893313686 574.5010216962042 247 170 234
-131.935371444948 -11.477418324942212 578.6573282752495 243 166 230
-132.08711196181196 -10.991536835739366 570.6185498914712 252 168 232
-130.49834788450607 -11.395960307857177 568.6900706841516 247 164 228
-125.14394530947159 -12.365331167173737 572.0378460585032 250 167 231
-124.2921077074948 -12.36031203553848 567.6185669037884 241 164 228
-119.40972255025052 -13.47918206099261 569.3749743090244 250 170 233
-117.01402833494505 -13.882055656982399 570.0328070236125 250 170 233
-115.25938707359575 -13.94619028614057 561.6268330226446 255 177 240
-101.5398067875149 -16.492627832868777 563.4178848592823 252 172 237
-99.48074854554325 -16.67867902356409 556.3344572750914 252 172 235
-94.3123817731593 -17.56792757604434 558.6048542741341 250 170 233
-85.99425765023666 -18.78417490279966 550.6904336356303 251 169 230
-70.1449480665257 -21.89141924073849 551.6548846852928 252 170 229
-54.7917069281176 -24.45904630261924 544.8707167138014 250 164 222
-31.224505300219633 -28.357309954497886 536.13599072635 253 160 211
-22.76791687747671 -29.635475047208747 529.2943591778202 254 162 213
-13.800602883199732 -31.339064059324965 529.0280391760455 248 155 204
33.5089684961478 -39.55874201676176 516.6920991891587 245 153 199
40.115336244608095 -40.49058062004025 506.62897845067073 245 153 197
-152.39095383886544 -6.532837027293424 623.5384090779424 46 36 46
-145.5087661308853 -6.719448727790798 575.3904877385114 244 166 233
-136.5026425424601 -8.150535577142906 569.0853032396296 248 173 234
-129.0614759193549 -9.410748836210983 564.9918856257476 252 169 233
-113.33422993522063 -12.070333869450508 559.6620866938403 245 173 235
-153.31846747053768 -3.880402801819966 618.4132555990677 51 44 53
-158.37018662256457 -2.3318998527762034 582.1669283592287 244 162 223
-151.48634145085245 -3.640993737066413 583.745751803788 242 167 230
-150.04961136151738 -3.739912347809232 581.0464490204246 238 162 228
-148.13184582877025 -3.7527038522825307 580.1149457724197 243 166 228
-143.30168074221206 -4.7996406931736795 574.2058798347026 246 166 231
-135.9557863803922 -6.316692487473952 577.2266873533978 248 168 233
-132.97856811688183 -6.672269671486106 572.4872857153883 247 164 228
-130.40911352600457 -7.232172516457826 573.8558921683928 248 165 229
-128.88324184647655 -7.166865296981792 571.6006330686107 248 166 227
-120.22508819551352 -8.917950032602569 571.4171389870752 246 163 227
-118.88128743250238 -8.992939600674974 568.64845551331 251 168 232
-112.10389776340295 -10.256518297213564 569.3185220998939 252 172 237
-112.76701130829332 -9.958264086410765 560.2893307870348 251 174 238
-96.36235468746199 -12.954339021562 563.5031713890562 251 171 234
-92.67131034994858 -13.603025521066465 554.8525804581701 250 170 233
-89.67831564292423 -14.17117431738304 557.1592425506602 248 168 231
-88.73565476147168 -14.127265930821036 553.4551604375627 252 170 231
-85.09283732661736 -14.864048755894261 551.2765271770946 245 166 224
-73.38201381585343 -16.694299552319873 546.8909953236978 247 164 221
-65.28538456058158 -18.21186925478524 550.7547149916333 245 163 222
-56.665044342326155 -19.60657925441052 543.9643900804915 250 164 222
-34.77871489863809 -23.26874023027439 531.3313240996007 252 159 210
-24.02908277584751 -24.928140174661095 519.5094282642215 242 152 207
-19.941637391314135 -25.849576827363812 523.7890292611057 245 155 210
-9.159665369456208 -27.79317525023805 527.6646586016005 254 165 215
2.476538869738312 -30.47891164048309 543.508771655588 240 148 199
7.72164637821424 -30.745829616099453 524.4214283874536 243 154 206
13.690215007304895 -31.819819682998318 522.3847253502634 249 154 201
14.110128840605181 -31.822750803440318 518.381978075066 255 184 233
31.960326469112353 -34.91626805860228 521.6831608519415 245 156 204
38.47878972258926 -36.00893119030368 511.33052091355967 242 153 201
45.83327360352103 -37.25262539420396 507.440893444999 220 139 186
55.415939961583845 -38.95168007367645 507.83346771149803 241 149 193
64.84198507941572 -40.597479428292665 512.2312505511552 238 146 190
-162.84723789049391 0.6373834932979067 579.9918779817974 248 172 231
-159.96473180231533 0.12595660705844722 582.84042897521 241 165 224
-157.92171505064172 -0.40303401320894605 582.4651633304377 244 162 223
-155.55559318548075 -0.840436798446579 583.2779485282358 242 159 220
-154.5590139132852 -0.9346276962428399 578.9373647567631 242 167 230
-149.80191599863977 -1.8099519468056386 580.6111758705815 238 162 228
-149.08339468624533 -1.3543420098493875 575.2830385032474 246 167 227
-147.7864162464824 -1.865489026175387 572.2277951453653 250 170 235
-144.43966791312837 -2.5442283010878035 576.5369488137425 248 168 233
-140.3085387765466 -3.428521660870344 575.8816820568784 250 170 235
-134.51074570370895 -4.342600217582151 573.4200433095239 249 169 232
-132.03537250413535 -4.55127742173418 567.0504453392554 248 166 227
-129.40477164414241 -5.037954336640295 568.6283920744596 250 168 229
-123.6933698770451 -6.1607305265318635 565.9996285048123 253 170 234
-118.40725641024042 -7.113921805128411 569.0319536728421 252 170 231
-117.05485325462911 -7.050078363879601 559.3327130418414 250 170 235
-114.19989664600476 -7.5974214738235135 561.5041430021258 251 171 236
-109.78683594561785 -8.571858959279172 561.697307519074 243 171 233
-88.43511872539689 -12.17197882129123 553.3186251215418 253 171 232
-83.36294290906784 -12.833933888888446 548.8835881409289 255 173 234
-63.60485562810701 -16.17664301726796 536.5245201599345 250 164 222
-52.98211415607915 -17.955111565819646 546.7744498860292 246 167 225
-36.44842554623308 -20.86236895874826 531.9094849567385 249 160 212
-25.04051576613713 -23.03000237993782 532.2468171470317 255 209 255
-20.506819733641205 -23.606143752978404 526.9287947821003 249 157 210
-7.055280162486281 -25.866556105207025 521.3930493072548 249 157 206
-3.582272455823756 -26.613896732458 524.0659990448584 249 157 206
12.04228418242478 -29.2743301828052 518.1744583943326 236 144 190
29.29950492450021 -32.440721918594 525.1594657220304 241 155 204
25.29264449306939 -31.54631103965279 512.1655656264684 249 160 208
28.214802679404958 -32.09292640073323 513.4093989103924 255 210 255
-153.90716205703993 0.6969457315312613 613.1412354214084 30 28 39
-157.1518411766143 1.58126934562428 583.9602117859938 244 162 223
-154.55008055684794 1.192404599688743 585.6365314335494 243 161 222
-156.27692454957383 2.0195393182724377 571.0657984388512 242 166 225
-152.23763870406376 0.8212292382217726 578.1826183639112 235 160 223
-147.33503974375188 0.11668098392361584 580.3375891823068 242 166 225
-146.4230111151177 0.08101386451934833 575.8070545363648 249 170 230
-139.39093251682414 -1.3396931788940853 577.7867915674077 247 170 232
-137.16231022494216 -1.696617003584955 570.4505548819301 248 168 231
-131.6793692760715 -2.567754401258557 574.3967624575148 246 166 229
-130.75220675159485 -2.5928882892220075 570.1491821324109 247 164 228
-126.44442699466033 -3.623130632407668 570.075266513323 246 164 225
-123.98542044956992 -3.940357185024662 570.9949141166566 250 168 229
-121.54033895690597 -4.362943720045876 564.7339733091654 253 170 231
-116.53991772107508 -5.057639257750572 566.7949822127354 248 164 228
-115.411220418532 -5.191411691002475 563.4172905595996 253 170 236
-111.2450481434426 -6.163524694190516 562.8309692744199 255 175 240
-108.86230156799252 -6.520325003490014 563.4344312618919 251 171 236
-100.90046236209335 -7.775946034957092 560.9239516027553 249 169 234
-93.5580066139089 -9.107786036897307 556.5929987735736 250 170 233
-86.2520385226181 -10.138520980765444 552.1893573867658 227 184 250
-84.96969678360658 -10.346293340805532 549.5575586916539 237 178 238
-77.83801157777359 -11.846129042598287 551.0300718269928 247 171 230
-77.4143603840684 -11.608580405827906 546.0103745298499 240 179 240
-68.68835288876288 -13.225138970432099 545.6808940808603 243 169 225
-54.01023205541839 -15.634754045273969 537.4695852837223 245 166 222
-46.41194863869511 -17.240685611977856 539.7794183779383 253 163 218
-38.67342918962621 -18.44020936733452 536.6433473381342 247 162 215
-37.73883990014409 -18.462824334420823 533.4011494596742 244 162 214
-30.576270037923365 -19.94210965275327 534.4160632464475 250 161 211
-14.298376721258283 -22.460615080119258 524.7906617925714 240 156 204
-6.252583638845285 -24.06243549743605 527.5637538853249 248 156 205
-5.591974636322605 -24.04182881863629 523.919325899711 245 156 204
-0.3214515603396955 -24.824625064265565 515.4452541740734 244 155 203
9.594203624369984 -26.73077578634346 522.064983410529 243 154 202
10.500027618168929 -26.820492247651316 519.0764446700595 245 153 202
25.714648692802715 -29.535841396366468 517.1102761347811 240 151 199
26.578995236434455 -29.571808507185963 514.1205266400624 244 155 203
31.34792595490055 -30.135186381790785 505.0433427762491 243 154 202
41.82924928583609 -32.15846286448979 507.4666972705226 236 148 193
50.900443619699075 -33.81758536115048 506.95410089133804 240 149 193
59.135149911652576 -35.22410708390191 504.75887263539954 239 148 192
64.81420515652852 -35.93294483528904 497.7911857637515 235 145 182
-153.18157895405966 2.7237054437392487 614.4586431525337 22 21 32
-158.151643204516 3.856055432799221 586.9247587231636 249 173 232
-150.48258450500808 2.8617463697691408 575.3373374776476 246 167 227
-148.15692175223325 2.476098442517218 575.9836297973897 246 167 227
-142.78192197176242 1.2193187424201686 579.8357490496396 245 165 228
-143.15922193899007 1.5684419320395664 570.76903244173 247 171 230
-135.20264145665035 0.23594718749536686 568.4753712071476 245 165 228
-127.5644210635236 -1.0435794965761909 565.0830098018779 248 165 229
-123.38142494392419 -1.7389416169340612 564.5917558615115 249 166 227
-121.21083576812364 -2.3319406167571604 564.6242197398595 252 169 230
-120.58387149967841 -2.150179843998344 559.5847351513587 251 168 232
-117.32425064542441 -2.7979523175052776 563.1099864145233 251 168 232
-99.21460193043615 -5.953946559481324 558.302921759036 253 170 236
-90.03923922499591 -7.294805212912035 546.584334116531 106 108 184
-86.58512946866355 -7.997499041975385 550.2254378208152 169 146 216
-74.32386252623853 -10.118368011520234 541.4309609876007 230 182 245
-59.63442004194037 -12.438032605747438 545.1256024649626 75 113 185
-58.9592972934792 -12.703032508934745 535.2792905585607 230 178 238
-55.496349860661745 -13.31281611202429 538.4977578961976 184 150 215
-27.11147195448104 -18.175563449731904 525.7292599094004 242 167 217
-24.064062725476933 -18.709678637315136 527.5987534916306 234 172 226
5.064365855747477 -23.722792863745404 516.5388563594882 242 150 199
8.435840825464211 -24.298277068096514 518.864077869303 242 150 199
30.15493823228885 -27.74387860736743 502.0118779383177 242 154 199
40.29490136352229 -29.85185521744854 508.4074954238103 240 152 197
-148.98468070129334 4.1380339517986675 629.195989910573 48 35 41
-156.03212747561935 6.066151734498848 585.3432970273441 241 159 220
-149.62704956880486 4.649006584334184 585.0674419471961 244 167 229
-149.5386484172577 4.868069228140059 577.4363253702786 242 166 225
-142.57123737504074 3.398723191136731 579.2459961168039 246 167 227
-140.98547688146223 3.425867954743101 577.168522119112 244 168 227
-134.41295088292185 2.055820603900064 577.419076443169 245 166 226
-134.77557958735227 2.4318241553570514 568.6706659179206 248 168 231
-132.29642119660917 1.7656836951172616 569.7827078736639 248 169 229
-126.56919285038349 0.7411290575472848 574.4700732786008 248 169 229
-126.17107922487858 0.9770488658188431 568.5016294324525 246 164 225
-119.0326355389924 -0.3977948768818916 570.5108825750093 250 167 231
-119.15627665475643 -0.23837235357478154 563.0281607647363 252 172 235
-114.07251002442577 -1.4037746448821402 565.3997029688353 252 172 237
-111.4988657003949 -1.8754573481188177 566.6327886976835 255 175 240
-110.39250788735085 -1.7645667487338477 563.198690255118 249 172 236
-108.654760273478 -2.3065633888085473 561.825250747667 252 172 237
-103.8853783531494 -2.8410879654452406 556.3037125272309 250 173 237
-102.0468619933832 -3.367214578039006 555.2817684372504 251 171 236
-95.50795508047355 -4.190673752671211 555.1736132672036 242 185 249
-92.67891385215746 -4.359765813017286 557.0269208765063 238 183 249
-87.718456693775 -5.845284270814888 558.6756852782297 107 108 189
-88.61752886982585 -5.458106377879801 549.6716715318396 53 99 173
-83.75307626335712 -6.5611633410953365 551.0415276492203 106 106 182
-81.07159626011435 -7.058192235673681 552.3906234160249 111 111 187
-80.36232054572612 -6.819968220568868 548.1279058292818 57 101 174
-64.84225425943657 -9.756983200487214 548.1789107091084 111 124 203
-64.27450766600246 -9.614371475980017 543.7210967297112 55 100 170
-45.24646613489736 -12.826800224534537 529.7369480072833 104 112 181
-43.119673691729496 -13.215200694942027 529.4901945941801 94 102 171
-33.56275215430447 -14.748543717276752 530.9574691766102 49 84 146
-29.771391425441777 -15.014988432152201 534.6304190538616 75 100 177
-26.077070538038353 -16.204739600157758 527.3696289519334 96 98 164
-16.433014812342854 -17.920241936934342 528.7732153119276 122 101 169
-10.349910639077812 -18.909322930164354 521.9516586350983 111 90 156
-1.395874821208198 -20.42217798290786 521.6272857151599 91 88 154
6.432186315654009 -21.860755640423285 518.7795713420627 244 152 201
15.302543482648112 -23.360525412530077 518.111691847614 244 152 201
21.654757618978476 -24.482001120573514 512.1614745444937 244 152 201
30.953673788535706 -25.87961697053959 512.2628324376267 246 154 203
34.27550906979649 -26.25466239149725 514.2591783128171 242 153 203
47.46169029721811 -28.884028086476132 508.1106234915728 239 151 194
64.2662133605579 -31.797498863312672 504.36347694099294 242 148 190
-156.0680979616383 7.783675468991844 600.3497678495472 17 18 31
-155.65915385562388 7.94931149588182 585.333002890402 239 157 218
-153.21307753217576 7.502531022669417 578.3629313676325 248 168 231
-150.85815037971423 7.195790744925778 579.1290769918173 232 155 217
-148.35647896528437 6.661290735960705 580.4108011091724 233 156 218
-146.33026719442728 6.14416979387216 579.937369494615 244 168 227
-145.66489143460953 6.138964244630639 574.5434234491827 244 168 227
-140.09691687870003 5.322064828744235 579.0110661144909 244 165 225
-138.05477260369287 4.688128922469338 578.5792045742185 248 169 229
-135.42526974478446 4.566101207281839 572.6211156137844 241 164 226
-130.3637586290259 3.5653471956769085 567.7562785757782 248 169 229
-124.92377894015702 2.7492649857958344 571.4490476826962 248 165 229
-123.23532497672942 2.2058553276858026 569.8491334330437 247 165 226
-122.45677241622441 2.323087235754538 565.2397973138864 246 169 231
-120.10216931676796 1.992632103817435 565.8349435066937 246 169 231
-116.07896255827154 1.0338095303848454 564.7959973453848 251 171 236
-115.1859477222797 0.9442013947862709 560.6957336487134 251 171 236
-109.95882948064028 0.21530199085653726 563.431915434318 253 175 242
-105.0207115726165 -0.5803295676327045 558.4177470777032 249 171 238
-94.53473153938945 -2.413354763164851 557.0181366489022 251 174 238
-92.93760959885053 -2.4089571985071405 555.2286710517815 146 129 200
-92.1877061570593 -2.8923062561547095 551.0225739920445 61 104 184
-89.80380675038582 -3.154064217195803 551.5663430994978 57 107 183
-79.05435411989335 -5.050606003515631 550.824458143066 61 107 179
-76.78577628405596 -5.503446298785738 544.8546004063712 58 102 175
-63.60828709097555 -7.719041659350207 544.5807411895854 53 102 173
-60.78710415783569 -8.24164793480647 540.2951511605196 54 96 165
-58.72112341145459 -8.511487298772364 539.8798509671608 57 104 173
-43.0832618757862 -11.169437813469685 534.2788286126688 57 97 165
-30.839058523283065 -12.963870565685825 531.2760382839132 50 90 162
-29.67674407061019 -13.57717592106978 528.7174216046003 86 113 178
-26.80325498682499 -14.004231244202881 530.1881234228574 52 84 147
-16.137792397505937 -15.906731098577412 528.6864458907183 77 102 167
0.20985466940416078 -18.700770320442874 524.4469980031247 63 88 151
2.495214964350237 -19.105940631598724 519.4460003999236 238 170 219
15.929834841209619 -21.406123849077332 518.7509596017469 244 152 201
21.25723342428301 -22.284533235354164 515.4310253811767 245 153 202
32.001803853583986 -24.15728254525265 513.7519301944762 247 155 204
34.06746429951685 -24.369550763107068 513.2217222211999 244 152 201
48.248124491232176 -27.004268836204503 509.0291625037458 241 150 194
64.58558244213991 -29.81093802017848 504.3819491360957 242 148 190
70.2272211244651 -30.754947889561482 501.7231313163907 237 143 183
-147.75823839487438 8.42556382097025 630.9366704075502 44 26 32
-158.5735020410335 10.620669411864917 580.9925162230178 237 155 216
-156.6780744968189 10.358709729096349 580.0571441882831 241 158 217
-153.8638984213662 9.914857105329915 582.5767797165016 243 157 217
-152.21731733636722 9.567544085203822 580.6850965173841 244 165 223
-150.2827128763659 9.196390905084277 579.8797542312462 231 156 217
-147.9104127707903 8.68134533378098 580.6788636953345 232 158 216
-145.3498239380317 8.248428053864204 582.1385089111781 255 233 255
-143.27437732072693 8.028232055437993 574.0678668748674 248 168 231
-138.0331888072414 7.126981580735094 577.3402341822499 244 164 227
-132.92003525035983 6.154546006438048 572.5330220875293 255 210 255
-129.87192103101685 5.419370255966978 575.5444527041853 243 167 226
-127.3989516728325 5.298875052439203 569.2118870234555 250 163 228
-122.77061615962015 4.532195725781983 570.1581335223896 251 164 229
-121.50870007746137 4.367042445236659 567.152345602599 255 222 255
-117.12709594188482 3.3907158661947325 567.2563554317832 248 171 233
-113.47359888715948 2.683010233332281 571.9791245533969 248 171 233
-114.25874820653371 3.1747227567864003 562.4765340124106 249 171 238
-110.60525230433221 2.4722332966134357 560.2706865175712 253 177 243
-107.13138214281184 1.8915741495705904 564.3025805932929 246 170 238
-103.07819550676129 1.618296532279031 543.4330490296711 232 177 243
-91.82802172147453 -0.6749306422453929 557.459230258966 230 175 241
-86.9394482013798 -1.735825978832919 552.4890954129817 57 108 181
-83.68203406008536 -2.337666836632199 555.5145231109258 56 107 178
-60.15621683085508 -6.104047533504636 541.0294188340164 54 93 170
-52.025939075427935 -7.772624868375719 544.7993491598457 57 102 172
-40.803819589520444 -9.159606820161 522.5676369614065 86 121 194
-29.745915969108864 -11.27987336954776 533.108585239716 49 87 159
2.7767091322808835 -17.016333880196644 524.3275365418415 54 86 145
18.494264789104978 -19.726658316142007 518.6094169650003 242 150 201
25.581005192688217 -20.66206715631533 509.4212392059359 237 151 202
33.470678331337254 -21.98586226153783 511.36390325611444 241 160 214
50.920023607746344 -25.295762961517262 509.05002246259716 240 149 195
63.76367216741552 -27.37608811744912 497.8954027141893 235 141 183
-158.18917263257956 12.602850830090954 581.0277848934666 238 156 215
-152.98790709231258 11.784356952049533 584.4556796808064 240 157 216
-149.3255365496934 11.045730857314519 582.0320455715815 236 157 217
-148.02073708481566 10.754630483338593 578.9094169572248 255 223 255
-146.17436360921428 10.573550623238253 577.7945028407225 236 160 228
-142.44135736161425 9.885872320284275 575.7204541214323 246 166 229
-142.02882182292424 9.81816331221368 569.5448934389917 245 165 228
-129.29504899475032 7.69797999578365 568.8871157776864 247 163 227
-126.76406441541916 7.189011550718049 570.1155550012762 248 164 228
-120.49091935537967 6.156992428321969 569.2968425977455 246 163 227
-118.39446996005037 5.715870521564607 569.0306814152225 255 228 255
-111.43831827906426 4.579601976608781 563.3753034814989 253 175 242
-96.61392470279343 2.2813249569034157 548.7456353123001 126 109 180
-93.50278030517862 1.7241123885982637 551.4881676590068 93 116 191
-87.91014795407767 0.48993535678895106 555.020178726915 61 109 185
-80.70615288282312 -0.7013380815609329 550.4152782675935 70 102 179
-35.57914764603583 -8.305617825160736 529.0698011746017 47 85 157
-34.39716793839811 -8.418497847033631 526.5134422684249 73 113 185
29.452408696951828 -19.375622187754836 507.29670060673743 233 147 198
-149.71312626076642 13.472135612113194 611.9689485140049 15 20 29
-155.9678610577877 14.55516595130206 579.9332768190261 242 163 221
-151.20827976955482 13.525930551389703 581.6555518584917 243 164 222
-148.712163596219 13.126455722588673 582.9193887820504 225 149 208
-147.79157569336223 13.132412794416046 578.4038369402256 237 161 220
-143.44119657327212 12.481192792540211 578.5607522329238 240 164 223
-138.88716679751582 11.793100924334206 587.121030782816 242 163 223
-140.69318246241667 11.905281627396375 572.9735602901694 246 163 227
-138.10979899558333 11.296029080902908 574.4718909759497 243 163 228
-133.34799108824413 10.5656194863118 575.9859643732634 242 162 225
-132.2155301247757 10.485859474931004 572.4327270558246 242 162 225
-130.35916871639844 10.060775483937418 571.3739972438423 245 165 228
-129.62945132602573 10.095913946936834 559.2973033685568 249 166 227
-125.77203646760081 9.371480459713927 564.9835728124174 249 166 227
-123.75795608658885 8.85304827762987 564.4929150352649 250 167 231
-118.08369771393154 7.963985316502255 568.8529843258613 246 167 227
-117.00791705676322 7.861506313764426 565.2894364377629 249 173 232
-114.68141115442172 7.979066769946327 558.865694389319 253 176 240
-110.03674047695152 6.996480671857141 566.6688673381511 251 174 238
-110.14671387362894 6.714783937803953 559.4506983217427 252 176 242
-102.44481839753863 5.393805251527553 556.3359845424486 250 173 237
-95.23819713644818 4.029619007948604 558.2712749028898 250 170 235
-95.10801017955382 4.151734886446602 552.1529799012823 237 177 244
-90.38217366737342 3.1036972262853477 553.1822660355441 57 102 179
-87.16326572222695 2.643186762297755 556.14321437807 63 109 183
-86.67687314898869 2.6800055392700592 551.1904437319077 68 119 192
-79.54969461653344 1.6995925267982377 552.6655231150493 79 107 190
-79.68499955704773 1.4838627149848682 546.092292908826 78 121 199
-69.51079847166602 -0.27347906208314793 531.9260664723835 69 106 183
-56.00686573238479 -2.656127414533142 544.2557708591518 88 128 200
-50.625844045806964 -2.8796335058946156 540.8365281539886 160 163 250
-40.401421779500616 -5.236166845068942 532.844570916642 186 156 236
-33.04846908442355 -6.481476037954729 528.9455260398548 111 128 212
-23.93902631820367 -8.17258321974629 529.2373316166774 74 136 237
-19.29841173026026 -8.88561173273023 529.5176477074557 70 137 236
-15.972257556545195 -9.228472615058115 531.9602878184779 12 96 185
-8.081486739778363 -10.821360135159665 524.0617356687059 132 179 255
-5.844091266317462 -11.132903409490543 513.9033505920094 74 77 134
-2.4602483610070673 -11.810003329400077 516.3845805745775 74 77 134
7.642575608139855 -13.571248512579889 523.4930433839316 154 110 163
8.630278508808715 -13.758470776505169 520.6778583700027 240 157 200
11.827367992842124 -13.843942618974365 517.6822581066567 242 153 201
14.681718676768147 -14.396945994215065 518.8718149584862 244 152 201
15.279672825307902 -14.824077950850864 515.3086354206395 255 199 248
23.74919655569042 -16.29618089919448 513.7990963830779 242 153 201
30.774491166934723 -17.44928891515191 509.3131480145265 245 163 215
44.65331232441147 -19.73561909721559 509.23640530272627 242 151 197
48.36619644964822 -20.31908910872818 511.9195540641023 242 151 197
47.17197681207009 -20.341076165963422 505.0873197566225 244 152 203
55.57716666908386 -21.473272210905066 494.49830605278873 238 147 188
78.80510899819751 -25.120270366372644 502.6582509484012 227 151 190
-157.85180127693116 16.903256622508966 587.6787818219838 65 0 54
-156.72646291115902 16.793945409540854 583.7758887903593 241 165 222
-155.31403267455826 16.463929727720068 580.9820479299127 238 156 215
-152.98482283623198 16.008686134928578 581.6619374612063 239 157 216
-152.17598899284582 15.817109615865954 576.6781386991719 227 151 210
-145.245011730541 14.646147148898484 578.4681830247217 240 164 223
-144.61880344742818 14.804221555600416 573.0014315405833 244 165 225
-142.24424986567732 14.330034402465264 573.802686363285 242 166 225
-136.87416664822896 13.058898007356499 577.500196574153 246 166 229
-137.59586770707594 13.268074248441664 567.4605682062116 242 162 225
-132.03439799444598 12.504047529794923 571.7919996574758 243 160 224
-129.74519705201533 11.985618386228051 572.2091734801866 242 162 225
-130.77972941596374 12.228847274718888 561.4162805235857 247 164 225
-127.10304130042663 11.749205603251589 566.539887046602 246 164 225
-124.57025793233981 11.258875428992363 567.7665236905616 247 165 226
-121.35121367246091 10.554541050477626 564.0956659488282 246 167 227
-116.47618080931909 9.820610539083253 565.8327498005123 249 173 232
-114.91020450462972 9.433871575185517 563.8760610521092 251 174 238
-114.16743069007443 9.597816643166873 559.3334107632319 250 173 237
-111.86615293161967 9.140809667213597 559.7475809398396 249 174 237
-107.17013991297988 8.142342566682322 560.8193610307334 248 172 238
-99.45673859011147 6.752281746530941 557.6918632191588 249 172 236
-92.18037681052 5.537540534223135 553.2924564816072 101 124 199
-85.99633617582498 4.617574217270498 552.1322668506672 72 121 194
-84.32079688493856 4.2143903498911 550.6387185908311 72 123 196
-83.22501350561645 4.29754322987889 547.5018509522523 133 159 243
-81.44542867102427 3.975753236276939 546.3294547064891 142 178 255
-68.23440519932147 1.6015513087301942 546.2836358471097 60 97 172
-66.098765589936 1.3077755670899043 540.1262573070735 84 121 198
-37.500194087975466 -3.7188606718281374 528.1793606628852 76 82 161
-34.81257853142507 -4.099772476883872 529.276950303219 80 88 175
-21.040360325656863 -6.49824317055464 524.6873596580972 137 217 255
-18.78629296931315 -6.8601688484015835 524.6893760970381 96 175 245
11.814370595537305 -12.026288881081815 516.9771458432302 240 151 199
13.371289612639732 -12.336656678380892 515.4259833778024 242 150 199
29.269099545471324 -15.131105947601812 510.2874960604623 240 154 205
43.05185838003824 -17.49009691463623 505.4928502068522 245 153 204
45.18542186775392 -17.833813140789115 505.1248958447465 240 149 195
-150.99649711490258 17.957226175234062 612.5601499688465 25 26 39
-156.76330003044 18.787530547913914 582.189721594226 238 159 217
-152.55834873828167 18.05824397065226 589.9535346984417 236 160 217
-151.95869787148814 18.038604362237695 584.1153967774327 238 156 215
-149.4999985289232 17.560117236311342 577.2836662996663 238 159 219
-146.5795009549476 17.06458912861899 580.1048028833108 239 160 220
-144.35227985673703 16.805343694692127 580.3793939752912 244 165 223
-142.91620564126137 16.677311573805078 577.8004642618425 242 163 221
-141.11629240103042 16.18896941610426 576.4974852061508 245 166 224
-139.29427024299596 15.77207757446649 575.2987639463876 245 166 226
-135.8506382754722 15.13461295472021 579.7926942817911 241 165 224
-135.97781406008593 15.451991883480776 571.8387993704733 242 166 225
-134.35707786599366 14.953673412094664 569.9634466215236 242 163 223
-129.2122704688303 14.245332210964193 572.7919030418757 244 165 225
-128.26128380018898 14.065795887823139 568.6851649456238 244 165 225
-126.35073546936204 13.553059482294591 567.8245879803868 245 163 224
-124.06114815070333 13.201931951721175 568.240647549352 246 164 225
-121.78468585890296 12.75792324141744 568.5906314635776 247 165 226
-121.44528691194269 12.876276857144969 562.6112861143467 250 171 231
-119.00388457959231 12.332325560510323 563.5065374607732 249 173 232
-114.053781113304 11.643395571895491 565.4649967477109 251 175 234
-112.81833907622514 11.5306369790722 562.4778408764618 249 174 235
-108.9454053670086 10.586636031725396 560.9544834176882 249 174 237
-106.57533169086025 10.27693890162191 561.5499698934473 248 173 236
-105.11369580074293 10.302446074005884 559.3411153856282 247 170 234
-98.00877210714258 8.891982275678336 554.403935543043 249 169 234
-93.43706517901978 7.8828323527183155 554.9915185040496 239 179 246
-91.11683171912485 7.556262353485152 555.3665326224354 160 140 212
-88.90009451282927 7.144042106161193 549.0614623678105 61 110 183
-83.67587351002712 6.398604051195335 551.4684008837509 95 128 202
-81.97173534906918 6.234730027848697 550.0612175346048 76 109 183
-78.36799369203219 5.358171755341844 547.816325117697 82 125 205
-74.84925434674057 4.742494673537993 551.4728732170455 82 125 205
-75.71271756697314 5.164602962983807 542.9734791278793 54 99 178
-67.04037528401618 3.5844780857829512 542.5934313450377 91 135 208
-50.879020430535 0.8929152890326942 538.435889094331 120 136 216
-44.75172969140867 -0.09558399232991775 531.4223214093973 157 138 223
-36.06839438200413 -1.7341603199915816 530.8361903113487 124 115 192
-28.854728068179135 -3.1029848960158812 532.0059722545102 76 91 174
-20.889187228132073 -4.383996469097764 529.5122027070965 164 243 255
-18.90407228742815 -4.559252470557278 528.8662110296592 147 244 255
-15.914112097770552 -5.280546402296264 525.3390434064378 37 129 197
-4.65710021804793 -7.115870681948479 525.1462591009395 94 133 219
11.241865237234373 -9.913770266971655 519.9487995339605 240 154 201
12.3930630854421 -10.013987829097777 517.5131831754337 240 151 199
19.380829667054936 -11.191084065610621 512.92598841669 242 150 199
44.663951845102716 -15.534583850486475 508.01515078515376 240 149 195
51.01298803766889 -16.580902241070042 502.29449096123267 241 150 194
73.13596177964278 -20.43236503925546 495.5830042428997 104 53 95
78.59012153264953 -21.275473462142457 501.1744380104859 231 155 194
-150.69868969490588 20.190717392960618 612.269695271542 26 24 38
-155.39164421348596 20.620081069298067 585.9648717306 242 166 223
-148.24124083527457 19.323565537165205 580.5190795036264 234 155 215
-147.5372762974372 19.421062090502083 575.2764194415831 235 156 216
-142.3028822401906 18.61040554023382 578.6596927364343 242 163 223
-139.89907516335882 18.089996561018918 579.5077754510748 244 165 223
-138.93461539083378 17.933557089988533 575.2781054296605 248 169 227
-133.61175401382752 16.93524361006067 571.2653083504316 244 165 225
-132.35575984190785 16.88142953289038 568.2000655871242 241 165 224
-129.80205442097358 16.47381285870608 569.5529672128105 242 166 225
-127.6976587497037 16.034379722986426 569.348580646634 242 163 223
-125.1911416587549 15.49032803352003 570.4767105757323 244 165 225
-124.93371733173572 15.4435523075478 564.1403663279633 243 163 226
-118.40731148947418 14.266465443607407 564.2592574745197 249 173 232
-117.4606511090024 14.26278203374721 560.3387660068493 249 172 234
-111.7663136393488 13.39424442616531 564.6642386775397 249 174 235
-109.25615139618087 12.81128181260543 565.6873380496615 248 173 234
-107.11652656214106 12.95535167275882 552.0997257856723 246 173 238
-99.58297795210837 11.289915112490124 555.160734573083 252 172 237
-94.71576524293565 10.222880271763232 556.6347179663351 249 169 234
-95.1070952639734 10.299573187265697 549.0137887037852 101 124 199
-81.23019785960935 8.135663481547729 551.1633202337586 78 111 185
-79.08153023042223 7.5542682492185635 551.0056001173622 168 195 255
-71.5833312027949 6.422962941069311 541.2893472697243 77 109 188
-50.611761229323506 2.8690463067899934 538.2423462160515 121 121 209
-42.37637799180488 1.781874937191141 547.7763137526282 103 99 188
-45.691090060052794 2.245893980038964 528.2339636762742 112 113 194
-40.46281659837915 1.0204457728617278 530.181422970426 146 110 187
-37.34366657223477 0.6043337102166944 532.3562130897442 101 90 175
-18.941639104301803 -2.624046340324001 528.005526510811 33 136 198
-15.859538222376644 -3.2515148189003087 529.9070565630225 93 191 241
-12.030812027597102 -3.772199617558009 523.1214505730502 142 217 255
-9.119495312622712 -4.251461483207734 519.4915142754419 54 84 155
13.398193487811959 -8.122470389299588 518.9560968474667 240 151 199
19.84330609190043 -8.927844525661015 513.2073927391821 242 154 199
45.144600574941094 -13.567991410633297 508.33537472043776 239 151 196
-152.4463238240686 22.62530098461249 604.1130361942792 16 18 28
-150.8616241856273 22.39409569580367 601.8306101459635 23 18 28
-153.56543651720844 22.79831432112474 583.422911486968 236 158 209
-151.93820224726173 22.31849710600925 581.4158984570695 238 156 215
-148.4572128785517 21.95313421084054 578.4666735075112 230 154 211
-147.05232708383454 21.617816359681388 575.7339646964313 255 216 255
-138.91997946904382 20.32993092988195 574.0910877774081 239 162 224
-134.8859919000739 19.42675955675112 573.0720836136697 244 164 227
-131.864255143571 18.96145539402163 576.0435563451006 243 163 226
-131.90487420514236 18.97954056104269 568.5047640071061 237 160 224
-126.86799179077492 17.954762958945853 570.9014789430048 243 163 226
-123.94360844688414 17.424927370226257 573.4178685064871 241 165 224
-121.75435283683068 17.283815085705236 559.2656351208709 250 180 239
-121.5800041898695 17.456112960019244 552.8901410589172 246 171 234
-107.93581217959876 14.95533547255138 561.8848194727873 245 170 233
-102.51535425042142 14.125782486372087 565.1403950166176 255 218 255
-101.5164650872614 13.720159533927163 561.461821232618 249 173 239
-96.76663115005063 12.764863654169986 555.9825328589186 248 168 233
-93.40780950872589 12.164960492390085 559.4572802391733 248 168 233
-85.96450524619856 11.076062409107083 555.5042007813423 65 108 186
-86.9797079274301 11.27474356827737 546.2756142696544 103 132 210
-84.50260410028707 10.73910764383626 547.1022719711877 81 111 186
-78.78471609658888 9.823857418436166 550.853593030071 78 111 185
-78.26153503938393 9.843896475826353 546.1601382176855 85 119 197
-74.85631464868867 9.120293571217939 543.4122587155438 56 104 180
-62.48627524311029 6.84846951747974 546.990516254526 76 110 186
-57.00175450970889 6.180270206329563 538.0606853082453 116 122 205
-42.63126361680092 4.0776838208752 540.6185587755917 72 100 174
-39.74043866919451 3.163023663164574 536.6398618294651 74 90 168
-40.175413429200134 3.2389863014980214 530.0514612137614 92 84 168
-31.157704349375106 1.491803646240145 535.6613506194022 104 98 183
-30.171426997992892 1.5227375842512703 532.613626195248 81 78 162
-23.94131569561599 0.3957134843190899 526.0641635937505 47 127 199
-15.96232497675107 -0.9667365439366514 528.8903612116541 18 118 177
-14.755276529416927 -1.0603565301359035 526.4604335573914 130 235 255
-8.198979355582768 -2.2746243802471113 520.8137243220443 48 86 156
8.168220168809045 -5.078982810078237 521.7754495909959 187 150 207
7.7145922467203425 -5.041299123733565 515.8859216820233 240 154 203
16.78688705979863 -6.471216443407532 515.7332091064989 245 154 200
48.163353757420495 -11.900953266188575 504.54622873433516 240 149 193
-157.18329375007062 25.293138063633293 584.4956556633184 215 145 195
-153.30627860646592 24.726125037752436 582.9530276438942 241 160 214
-149.91605459964538 24.014265814767185 587.5302432533329 237 159 212
-150.73272293863812 24.232050147603935 576.5624818339107 243 164 222
-148.29196495853637 23.89095481312465 577.677115186388 232 156 213
-145.99340824607881 23.471830129499416 578.2183235435342 255 226 255
-144.78870560453336 23.169657888724608 574.7862900155349 244 172 234
-143.0734681268336 22.83449536648107 573.2349356297501 238 163 226
-139.83999633874114 22.340828127560066 577.0950286222549 239 164 227
-138.02091011012206 22.123259468595595 575.9213763484902 239 162 224
-132.96948862415988 21.290055781445744 570.9932076577909 255 215 255
-131.2876338228334 20.828292605276474 569.3369200160926 239 169 228
-125.20631500865271 19.86936034051441 568.0117955263147 242 165 227
-122.53823061616224 19.505589856210474 569.6900142890482 242 167 228
-120.65367876356662 19.11515485645568 561.6649273834272 255 229 255
-117.5778617790237 18.56814027544585 564.6187047379922 255 205 255
-114.35952397019457 17.903851036624623 561.0223224335513 250 173 237
-112.71574113955057 17.602492674064536 559.3622708547147 248 173 234
-107.74416205409759 16.908806997636443 561.3476786479949 246 173 238
-105.05431128090684 16.43757992005113 556.2122099547034 238 169 233
-94.37040903980224 14.510965807031187 555.5479640576165 244 167 231
-92.47024996728175 14.278593342552211 554.70370029299 244 184 251
-89.80626702072222 13.724751063196548 549.698623117003 63 109 183
-87.43843457793481 13.414069196256643 550.2294145253646 67 106 183
-84.00615590102824 12.666370256072199 547.5103310724611 83 112 190
-83.67647945759938 12.611852938010294 542.2503929133245 99 131 210
-80.34534791956654 12.179284480703885 545.4830166260954 76 105 185
-76.94597883540149 11.629549797461852 548.849071787616 78 110 187
-75.09742152488597 11.266425425488928 541.7892721630175 51 101 169
-43.40234676325382 5.867281166410518 537.8141777627977 75 86 165
-44.099306118154914 5.888930402992038 530.5099357776638 104 113 193
-32.641840982106906 3.8821637138395126 531.2532242499416 92 81 166
-30.55504891219785 3.63538173972474 530.8794985894993 124 118 201
-28.146728881741886 3.1601575705323173 525.9304737012192 77 105 181
-14.591245135790944 0.8665626496410951 526.0721605108444 118 215 255
-11.091613569113811 0.18657529827350505 528.8944410157181 89 194 251
-12.112476660127497 0.38266152337160825 521.4298294418946 31 112 179
-9.620102902290538 0.04605490772475915 521.9579992490817 55 117 179
1.661930212984269 -1.8892751121826257 521.8119448367985 63 87 146
3.9752519858094013 -2.332479674286296 516.9330766602601 230 171 220
6.358604248717129 -2.6999203571355985 517.1652768742437 234 154 203
20.282270767496385 -5.026835080741187 512.7814727798365 242 154 199
33.473971565352244 -7.373877345031711 511.515798317412 240 155 199
-154.03260948419884 27.233040004837935 595.1961006540644 25 20 30
-155.83005903931934 27.26022258382811 580.1163422048317 237 159 212
-150.63626205193157 26.52295016057094 583.5477651802554 240 159 213
-150.0612207272795 26.40579241499089 577.7285395643931 241 158 215
-147.72391269273 25.871281811813297 578.3901426072221 233 151 208
-145.25775990218736 25.369061130572383 579.5165356542328 241 165 224
-143.18910585639762 25.103694957330813 579.2319126563602 234 159 220
-140.46347995211957 24.63724252160462 573.6031105566994 239 162 226
-135.6879050408085 23.919408254665438 575.2638542724301 236 159 221
-129.93536768165305 22.73400378616589 572.6956309427076 255 222 255
-127.4493387046813 22.530562281124293 566.5559815708618 241 164 226
-122.90619836210605 21.610836910010118 567.2624936948278 244 167 229
-119.9625993037265 21.218860307704954 562.7605123991185 243 166 228
-114.69044547058142 20.07857238686231 565.7402521869031 238 168 227
-112.62048476552042 19.858399457595542 565.4236840382287 246 170 236
-112.29252281085947 19.923699747756615 559.6057446559286 247 172 235
-110.54457433148504 19.45371494651361 558.2604872512029 247 174 239
-104.08749955022063 18.547336799342116 558.1071946035502 247 171 237
-99.58922904275889 17.48459552086466 558.4849998336194 245 172 239
-95.85731025138352 16.97717773602037 563.139319219802 245 172 237
-95.49365356760208 16.826902136137186 551.1706141065549 230 172 239
-84.63511959379699 14.878159911993714 550.9614383146633 94 123 203
-82.34012836473052 14.603676647245614 551.252770556429 144 171 252
-81.94149265180982 14.674650628500512 546.1808812053607 118 147 227
-74.67033242195873 13.44821450673783 542.0187993852785 57 110 180
-66.4400415682805 11.853530850909982 546.4151089245993 59 109 177
-59.07425142283359 10.775338077805142 536.63538197828 57 99 168
-51.42011228922328 9.420155835120278 533.5611108894427 56 94 162
-43.02413983377404 7.98551613659053 532.3434861657463 66 97 165
-35.57217237387765 6.614494175499667 534.1962502199333 92 104 178
-35.23673918819243 6.632196830796895 529.5688567294969 64 88 158
-33.85567106263017 6.241548282890943 527.5060543885448 109 115 194
-28.226835626302055 5.393423793644682 530.2731885719469 82 99 172
-19.78483347299283 3.989743754566958 523.7209841497303 32 83 156
-12.197007944703042 2.654373252300224 525.6138138661786 48 113 181
-3.9406055728388076 1.141935271380259 523.7837740439917 35 86 159
-3.999008069481242 1.2851118731033484 518.6189585224911 98 148 216
4.631949890104049 -0.20488629820379362 517.6446431309814 224 172 221
12.147070712527519 -1.4912759848861277 514.2228967359827 238 152 199
19.804902308280692 -2.8443446846951015 515.8879048377755 255 174 222
21.112054858503445 -2.9779457214691076 513.8313612247641 235 152 195
36.03442831107122 -5.596085208340491 506.75674830741343 240 154 203
51.79820492859682 -8.371486635076183 505.8473777738911 236 147 197
52.10043448566438 -8.342426218438113 501.96772355957825 237 149 192
59.59152259958008 -9.637653756251558 498.52873079379157 231 143 188
-154.49501630005335 29.124580970266013 583.7362043447782 234 159 211
-149.85828707596224 28.550611258800995 593.1118627284104 240 172 221
-147.71656064353132 28.105299787924178 592.9683348015458 236 158 211
-147.05044535290293 27.858307902881545 579.4908174599212 233 150 207
-146.0711930321672 27.539668644060505 575.2109503264093 234 155 215
-140.09625728963357 26.58998073769386 573.5757464550542 241 165 224
-126.39080605435092 24.370789511232182 568.8611867417204 240 163 225
-116.92174009442103 22.47673442896353 557.4349294210841 246 171 234
-109.2128022537913 21.283018683949184 561.2967034965185 246 170 236
-108.60072610848141 21.258842895903587 556.4552193095799 246 170 236
-97.94385870333666 19.450470640953885 562.3886283451022 246 173 240
-92.54230945921803 18.46479210436768 571.9903319585194 242 171 237
-85.90873634504942 17.213837309182225 552.5867392030827 63 108 185
-78.6014680757826 15.969215827138786 548.3976067146747 157 189 255
-70.86915604727574 14.735147743265259 539.4600918268757 54 106 174
-153.61873667318082 31.27319406785729 577.6831686486581 242 157 212
-131.0850749258484 27.30581864718826 573.6859412590669 242 163 223
-129.89035727296914 27.163583164926223 570.4205407354973 243 164 224
-127.95857292341465 26.75024123924157 569.6289404064746 242 163 223
-122.6466582221221 25.963856594754155 572.9229951989146 239 160 220
-116.10448193469112 24.798242219170834 558.9696045529574 243 167 226
-113.06793013313396 24.126163242352654 561.7103103411255 248 171 233
-113.96269848266036 24.432675942491432 552.1077423390213 246 171 234
-110.65979999250183 23.87954198918319 555.7045719570948 247 170 234
-94.03892110195295 21.12149642466785 559.9107878059604 246 171 234
-91.91444969478513 20.66738191672274 559.6827652188564 246 168 235
-70.12007251552632 16.74727157090162 546.5344578894901 56 109 179
-69.70137478705192 16.724763824886516 541.6933507171614 55 105 171
-62.627727586704765 15.533496154301513 537.0773770975194 59 102 166
-54.85495027809655 14.102306795040539 540.0535101400902 57 99 166
-54.28254931258213 14.082194392977083 535.8160976596416 58 101 165
-38.14686699401582 11.207256391598793 537.1984765367978 57 96 161
-37.71387620463221 11.239209090856596 532.7686690419615 52 95 157
-30.253857993562494 10.028922847055599 534.566667567058 52 96 155
-7.117835869042324 5.960973184318054 520.2730841708049 34 94 182
1.56862967180587 4.515244732398409 524.4346423722358 102 168 255
9.145910468305024 3.1668849205938887 516.1518024796843 236 152 200
10.960259049550624 2.90835643969358 510.33542704443494 242 153 203
12.536896197087636 2.7830991184931615 508.87445469300854 242 153 203
24.828905221534185 0.47997589342293095 510.70170987992674 243 155 200
32.9626907636363 -0.8842025862127221 513.1964358812039 239 151 196
41.05100383495155 -1.931482482245718 506.28942965107944 240 152 197
48.040555543508965 -3.482523122444515 501.87275167803597 236 150 197
-152.7529254466036 33.18041292689404 579.5054246885702 240 155 208
-149.75559026400526 32.55075764620858 582.6091688589277 239 156 213
-146.862059879736 32.14348097883494 577.5195024175571 240 157 216
-144.6581829626075 31.785157445386112 577.7313392277192 235 152 211
-139.85203081720906 31.005928147888984 571.9318816721238 241 159 220
-129.5522196428768 29.143265181387797 570.3097674206057 242 163 223
-127.21625774131043 28.652492123043878 570.8737700495147 243 161 222
-124.82484489536436 28.399142676292275 564.5069975765052 243 167 226
-119.58182707034582 27.30148224433426 567.4692112613328 242 166 225
-97.12471879106124 23.384594348351012 556.108618374527 246 168 235
-94.59010553407148 23.16324187970469 550.7359226166222 232 175 237
-83.83055667623145 21.22568134297649 550.2551252928367 69 108 183
-82.25837293203888 20.8394654136233 548.4810550097358 70 102 181
-81.64602337375416 20.772932452827792 544.0432725197533 83 122 199
-79.42890243803843 20.507205099294087 544.1468014704179 76 122 196
-74.02404811187748 19.351821698269013 546.9392766872494 61 110 181
-73.82118716241689 19.31727406812186 541.4623277892485 55 108 178
-66.45972214099501 18.12197218186599 537.6489504604203 57 104 169
-50.32577564339618 15.417689362710881 539.3870652151285 59 102 166
-51.03027086641847 15.425192628747176 531.9364866856571 54 97 161
-48.110394980570256 15.109059587292146 533.7385334842942 52 98 161
7.058776497072106 5.7287822397697425 506.1786671148423 242 153 203
35.580730990041445 0.8843550714567839 503.9599359791463 240 151 199
70.48688787471865 -5.032633618545165 503.9692672686378 238 147 191
-137.1482362096195 32.5601131118011 572.5614376681322 241 162 222
-134.1392546236036 32.059431853578296 568.1217131430428 242 163 223
-131.89411385012414 31.60400553206446 568.4251461573011 243 164 224
-130.0652177620755 31.37098225096782 567.3614796683837 236 160 219
-127.07750798237711 30.940551557459017 570.1808828000475 236 160 219
-125.42934488530537 30.64981057232142 568.4677788970023 240 164 223
-124.00360270806672 30.251988498846877 565.9904016547532 242 166 225
-121.97824623056448 29.920189446199473 565.5546184107623 242 166 225
-119.3189707572664 29.532266535136568 567.1890205127837 241 167 225
-123.88007322081394 30.206016609770995 545.4574538466148 245 170 233
-110.52980578637916 28.02538486624854 560.6411856240284 246 171 234
-107.07845381008764 27.337914975029204 557.8580555082168 246 170 236
-103.05486264919634 26.7094097296314 556.8928553945133 248 173 236
-91.7725147439533 24.637361279268525 551.5486647906756 203 184 251
-89.10932069743785 24.23819548577724 552.9528086866485 91 107 183
-85.09767194482893 23.54647508540431 545.6503837542703 62 107 175
-80.36324260982539 22.800486004872177 546.6879730421393 65 110 176
-76.52580044522925 22.02601540294526 545.1474259269498 57 103 175
-71.36285624137874 21.057612233070714 541.2460238178242 58 108 176
-65.94486759716038 20.310280152862752 544.0132006212712 58 108 174
-65.05843753617224 20.169212527086888 540.488447935313 56 104 166
-61.52121619050793 19.425080467296805 538.1684915004118 58 104 167
-58.40535210709993 18.958436959033005 540.5570502371044 58 104 167
-61.227508295042696 19.326230370796402 527.4504786378269 53 101 163
-49.957431698772226 17.56145999511624 533.813711631799 53 101 163
-45.65372445224089 16.64672399591533 533.4672318596323 55 101 164
-42.74609347286508 16.209567959251554 535.1799958326988 55 101 164
-40.49842892264368 15.733616277981985 529.7217630079376 48 94 155
-35.02283965237747 15.043639502600636 532.2348797886038 50 96 157
-33.46261366338548 14.696448249971969 530.5929674165077 48 95 153
-29.722420095999578 13.9275101163895 528.8264845210321 50 94 153
-26.850119833424152 13.530136521128947 530.337537661796 50 94 153
-14.633950031613967 11.349828162911662 522.1607077120746 79 121 181
-1.6800837694348518 9.28577501490743 520.8328182341148 125 172 255
4.3802308428261 8.15427418410855 519.182813960795 57 90 160
-0.5630322075190605 9.269138514048123 503.6155733330714 239 150 200
35.40866183604337 3.231424197807342 502.9988048187614 238 149 197
-149.1956448332673 37.3956098602509 606.4784497263026 12 20 35
-137.99708915255707 34.68285403546152 575.7754633823299 239 160 220
-137.08436703622493 34.527565582620795 571.4633642368744 241 162 222
-132.8237291956446 33.96772330539089 571.3855913881613 241 162 222
-131.01224128220446 33.44844442543637 570.1431403991173 243 164 224
-124.9074772599141 32.60435259377728 568.9732244511977 240 163 225
-122.60701723958691 32.082785173381836 569.3821822866965 242 163 223
-121.31687472374048 31.788912724425778 552.5558527801116 246 171 234
-112.49405468485276 30.44210032440544 560.1469235019485 245 170 233
-107.4662052652219 29.431787578259495 555.5432248233075 246 170 236
-100.79971459429694 28.182528801307644 556.0040529354146 248 173 236
-86.5071399576239 25.78974336041309 546.8337779267018 70 117 186
-86.08644837193565 25.826914363070625 541.8535190227369 77 128 199
-77.5513672554713 24.28534314774435 547.4191497606487 61 108 173
-69.97825555738743 22.86084678630048 538.1159697653679 56 106 172
-59.839640081631025 21.184041759043055 530.1738404838659 56 102 165
-51.85459222772971 19.946667454583544 533.7446674850686 55 101 162
1.1749067085900449 10.726975462151032 506.65068123745027 239 150 200
7.836818267378899 9.688364368843589 511.2694765903924 239 150 198
11.359747105286202 9.06940770868277 513.9339206879719 240 151 201
36.36239120307211 5.240756984379061 504.26791247017474 237 152 196
38.19536742312324 4.506177834041881 503.3258200687419 240 152 197
-148.78489332583837 39.11704108978975 582.2807992690362 240 154 205
-145.18836378723392 38.31531956499419 579.6241809413931 233 151 205
-135.61166282432288 36.26580996475296 560.529196676603 255 214 255
-129.36904806800186 35.712421987563374 574.639506860872 239 162 224
-131.070289189821 35.65700503621786 561.5188889596815 236 164 226
-127.4017956779436 35.04494150420133 566.6156432991795 236 164 226
-122.54037128445043 34.349465725913774 568.4654023384967 238 163 224
-114.39409358425324 32.96270475113936 559.8780680381619 243 172 236
-104.28256530290835 31.008702180526967 557.5719798621316 237 168 232
-99.66779926181057 30.402042878802625 558.4175963607835 238 167 231
-97.56702937531499 29.779208379494197 551.6167927114165 244 172 234
-91.58518401200192 28.995702997677487 550.0816974058633 212 185 250
-84.00094236569466 27.814571515761926 553.0626935733032 58 104 176
-84.45636220694453 27.724623049618057 545.5083511242377 65 116 189
-79.52183052611316 26.687332255208798 547.0557408075047 56 106 172
-76.89601526080494 26.370368631043707 548.285170122747 66 117 190
-76.0902613591192 26.341620912711566 544.460623312144 35 106 201
-70.12543855951034 25.058882767507452 536.8019637992918 58 105 170
-67.062036656151 24.48520774355334 539.1347707892837 60 107 174
-61.33646585737111 23.735162168298842 542.6756600733479 55 102 167
-60.99084623585242 23.852300076092828 537.8067514401272 57 105 167
-55.75441637160291 23.505409710978103 545.8209251669635 55 102 167
-53.62236112510177 22.428063585176858 539.6950937179557 57 103 166
-22.21655443191912 17.088770706439878 529.0972067247125 49 93 152
-22.620690063878776 17.046570378817957 522.905847890537 49 93 152
1.426894944925504 13.012937247906772 521.2288903683525 71 123 200
6.08254484959367 12.675596493551966 521.4968640457848 51 97 171
9.08253154198918 11.614639566626737 513.2360748097036 239 150 200
33.67895861378111 7.475349847162343 507.4293360910012 238 152 201
40.926936219950605 6.14954521613104 503.54809726237636 239 151 196
65.76627737516044 2.0623172246159647 497.8664938280347 235 145 186
-155.05076034284747 42.06894489911486 581.3981679094962 223 154 197
-150.66824530950126 41.46453990544738 581.847711636534 237 156 203
-147.5937913695705 40.71884908063961 577.2992114756506 242 157 212
-145.85168988608692 40.523297306316564 575.914771009193 240 157 216
-141.80742652043062 39.58128846582594 574.9184867643263 255 213 255
-135.65839549682767 38.83344762329272 574.0135499375114 241 159 218
-133.9568177787209 38.34946937181081 565.046952107251 236 162 220
-130.8455475108563 37.893368129812565 568.3489678602859 231 159 219
-128.98591675156695 37.475686276084616 567.3256192583782 229 159 220
-126.4431876701519 36.95039081304576 568.5839567651939 234 162 224
-125.56235360354673 36.82143324670505 564.3756432519842 239 164 225
-123.77219807248261 36.62583613030395 563.2312388552355 238 163 224
-120.63326372662802 36.188533166273295 566.4708882604908 238 163 224
-117.39488754163914 35.815840034324964 570.0062210858383 238 163 224
-115.2759059128059 35.20810960960327 562.8027037477037 233 164 228
-113.16931002499568 34.91185680530025 562.6385070365096 240 171 237
-111.74103026604557 34.43946992147311 560.2386187246489 243 170 235
-105.78542006039142 33.55417658471724 558.5819393475152 246 173 238
-103.35669522444798 32.90820698594069 552.7027556523655 241 172 236
-95.36862492744139 31.54770441786555 550.6622408385558 239 167 229
-92.89824862817997 31.256102924593744 551.5630721731515 239 167 229
-90.6504339645884 30.932308980505553 551.777304011408 215 185 249
-89.11143925211506 30.47127782344461 549.8684164302799 99 106 180
-88.41396041183059 30.455451746625425 545.6368369750481 50 103 175
-81.40576787900407 29.13474416981392 546.933565624264 65 118 190
-75.01031047061521 28.23652214971713 546.4765457099362 101 172 255
-72.78469628590459 27.56270283547884 546.49575653438 81 140 223
-73.91850230668742 27.807178199194247 537.4277305695003 49 104 180
-70.34747081355474 27.345804124969888 541.2095270652351 49 104 180
-66.39241032557379 26.419971679151576 539.9928810049138 58 105 170
-65.17824733419339 26.266904046547655 537.3874654954195 55 103 165
-59.93948099350476 25.611942425331662 539.6353331828141 55 103 165
-56.186855508878416 25.140282827693877 543.6849876260897 56 101 167
-57.36652117186603 24.959243692594402 534.8174176270228 56 102 163
-25.83074343870375 19.67759408643861 530.358612251503 54 95 158
-25.44126569689588 19.6937952412503 526.0013672978583 54 94 154
2.7047316563319184 14.8244627240657 518.3417360354778 46 84 152
5.432181136410896 14.42467527679853 519.3375900282492 52 90 158
23.849683213496597 11.192037054836584 510.09099229021774 240 154 203
36.80032761998735 8.96459257486212 503.85897518834093 237 152 196
70.20563669624188 3.6290028344943903 501.168389190882 230 144 191
-153.2270625214587 43.83926607540822 578.8472116054794 234 154 199
-151.14234714610916 43.528834482998725 578.680963350702 234 150 200
-145.31954604051376 42.48584414420494 576.4768694250579 237 154 211
-143.30738875486628 42.16392630377473 576.0170076092537 239 156 213
-140.73712534871845 41.641914802588246 569.9391073115393 240 158 215
-132.35290646587873 40.327205159267415 569.3340500664661 241 162 220
-130.33268248013118 39.85599373323024 568.831245355115 240 163 225
-128.09479652813434 39.4847479760379 569.1175133201589 240 165 226
-124.81954865059025 38.907282287591315 572.8140257780266 231 159 221
-124.90474061641808 39.02561387344763 565.4457635981761 239 164 225
-122.78211668708451 38.53603665565104 565.2820664758754 238 163 224
-117.95206707852566 37.95908813638636 567.0256078832938 236 161 222
-117.43806719437826 37.68026213520502 561.6594724991568 243 168 229
-114.7802616369885 37.175321943525454 563.2178542672003 239 169 230
-109.77964950504955 36.419055430511335 565.3290991450718 240 168 230
-109.95248969102794 36.38916143328659 558.0079998532818 246 171 234
-100.40435428969244 34.546638992644574 554.0154777350548 245 170 233
-96.0642211985626 33.81239135917454 547.5956142239195 239 167 229
-92.872295849517 33.27910700463148 550.5911017913172 234 171 230
-90.66982831822399 32.92453586836689 550.67044013128 213 183 247
-87.01648844320147 32.4470243299824 548.6751463754113 52 103 176
-82.60213312055264 31.50985431126645 548.755324841322 62 119 194
-78.84718912785908 31.185751349558554 553.2264529848239 62 123 204
-79.64527470407234 31.0971511358677 544.8042821007151 14 78 171
-72.96744453031063 29.97772346147615 539.1302132395465 52 108 192
-67.11955231809395 28.806270586635378 543.0353364446602 52 106 173
-64.1833077525996 28.42742899774501 539.1572299086283 56 103 168
-60.24032798223186 27.630412111103755 537.9246263231191 54 101 166
-57.673297191694154 27.352760873677404 538.8969007541288 55 102 167
-52.189490032170504 26.198490693682295 535.9036601880176 58 104 165
-47.18946792182433 25.332667529887072 531.7642250743314 59 100 163
-36.77964451921226 23.557352448663924 530.0758270784495 56 102 163
-26.75171125272754 22.01383529874723 527.3968005748809 75 106 172
-25.15501577599951 21.799796672112922 525.8975216121312 56 92 156
-17.045729565590996 20.359295063139484 529.0861695052996 51 95 154
-10.928056918458847 19.33866372300659 517.4105308718556 71 121 197
13.67431433476672 15.02709120583084 516.7709244049541 238 152 201
21.455765881165004 13.699645312217694 509.2048254310083 240 155 208
29.69915248271854 12.280312577926704 507.36819747034167 230 146 194
38.12834422528109 10.899210659368553 505.86105185286846 235 152 195
-152.45037437593982 45.81299646728316 580.348570745041 236 157 199
-143.70799742547422 44.431594410867305 580.9798871685007 242 157 210
-139.50025193322764 43.612761387434176 573.0266227200285 240 158 215
-137.2963895220232 43.199082958175175 573.201498484917 239 157 214
-132.2019683935204 42.38577239754131 568.6119246268735 242 163 221
-130.99827898938938 42.10813617341338 565.4018295927912 242 166 225
-129.27329760903518 41.32426137778162 563.7803794347666 238 163 224
-126.75480636158382 41.09884463647851 565.1002771581111 239 164 225
-124.25150480097493 40.95267457436375 566.3788726877265 239 164 225
-122.00926538957066 40.50595151076919 566.6249080411292 238 163 224
-121.03432019950289 40.34960373657391 562.7932992244937 239 164 225
-118.89337525090508 40.0832886444004 562.7878072403679 239 164 225
-113.8521347210828 39.07929937946833 565.0028396270973 243 168 229
-114.12540657515169 38.99019154502425 557.2708136324392 245 170 233
-111.43370442125038 38.68262012322342 558.999000045441 246 171 232
-107.12483848959715 37.85707868034836 558.8987590113842 248 173 236
-92.01193599041729 35.21270053230615 552.0679960861544 240 168 230
-91.66854748933795 35.04421033046955 546.7200267401801 100 103 174
-88.71867454412458 34.7055581601696 549.0048256148114 73 106 180
-86.22337192860336 34.42193338169543 549.9461544465139 65 98 172
-82.1998015425043 33.66842075857143 548.9363646554814 70 131 214
-76.6525302620141 33.09372153476973 558.437875942232 41 98 175
-76.64224769584892 32.52952658534043 546.0618060668369 117 184 255
-76.17372811449086 32.436459956471644 541.3216430354823 27 97 197
-71.79206256362978 31.78285116712116 541.3637712681843 55 111 195
-69.75871970582625 31.206575590760416 540.8847939333617 48 105 182
-61.776977386181876 29.93564722889939 538.757993092941 55 102 167
-60.61108200890241 29.826146540722203 536.0675138902045 55 102 167
-58.265431153382714 29.496513973729215 536.4596062710202 57 104 169
-46.18427245208951 27.112175823816248 527.8899656582848 81 120 183
-24.317563445596132 23.70404774509015 527.0726997539896 57 94 155
-21.46477302713725 23.105537792402245 528.4845621578833 51 93 153
-19.198739338674685 22.726331399127126 528.5277833484511 51 93 153
-12.33838970528187 22.018964597360924 539.2190269075701 57 93 157
-9.549753798624016 21.078334230772494 519.751152917549 53 103 179
1.0373013355105933 19.152963952377164 513.2854006994097 68 77 139
-148.5180778528477 47.51457978690269 577.9241879670091 237 153 203
-147.05692217460467 47.075806382909526 575.3541713796212 240 154 205
-144.5412264923159 46.701648002997324 576.7225980880294 236 151 204
-142.93290127350576 46.46101264781652 574.8493868106783 241 158 215
-140.03444277198778 45.8621644314671 569.94284473918 241 159 218
-135.8404993785901 45.11171213499893 569.6108396738226 243 161 218
-123.9382031941556 43.02864481397463 566.2380560778863 239 163 222
-121.29466018182445 42.679299081586116 567.8643150330261 240 166 224
-121.14625430068276 42.52985710441084 561.3067300545918 241 166 227
-116.14241444451538 41.60398448050825 563.4800708712245 242 167 228
-112.52339661379308 41.10269882207711 568.1205377926467 242 167 228
-110.9577239049901 40.70857899071619 559.375193970439 243 168 229
-99.14261268367925 38.71716314300121 555.7355604379057 247 172 233
-97.93471569922035 38.51680850589419 552.8674435957821 243 168 229
-94.41473767057134 37.79648625768964 550.4010444728608 242 167 228
-90.9995337025644 37.23149691926375 547.7072908811139 111 107 178
-84.1568671245347 36.08605081077871 548.5932389440145 44 98 179
-83.21905219092606 35.884989003241245 545.0714634962006 108 168 255
-79.03970002842216 35.56785371451378 544.6798081326551 70 141 239
-75.44928567607667 35.10430887234498 548.5932114674126 70 141 239
-75.95148615965061 34.611684813954355 541.0152813820346 37 102 199
-63.522451447031095 32.45683322388427 539.0777013305675 53 100 165
-55.23514920267637 30.933799693223236 537.6767922139481 51 101 165
-51.793994014755626 30.391056107525795 540.8354018748955 52 102 166
-51.632152886718735 30.425757286217152 535.6076431422563 53 105 169
-45.19691866438268 29.61718585534641 540.7082815061528 67 121 184
-43.75364694603005 28.96960201656215 533.1204935895428 57 98 163
-37.414436210799096 28.038102282021505 532.3355306419128 48 94 155
-39.273528485666304 28.333650466272996 522.4193332792453 51 99 161
-29.493875012538272 26.574108490475655 524.5924684002157 61 98 159
-21.105421080487286 25.155671435060214 523.3358821995012 51 95 154
11.007809762472924 19.721141863310844 514.5723301416955 235 154 201
26.71820012536397 16.973333713986765 500.08364201737004 237 151 200
33.42067053425963 15.808731370568255 504.36554817407625 238 152 201
47.202447183145715 13.580289763010414 504.3225105451875 235 149 196
49.09210196177435 13.650985256273142 503.5423372991133 235 150 194
63.865442849047945 11.550411250608457 505.1066250713783 235 147 190
-155.46242381948974 50.53239660063093 574.4131558080915 230 149 196
-152.4826922266198 50.172326081646105 577.6394452680956 233 152 199
-150.39696494748102 49.68229808802892 577.3579588354017 236 152 202
-147.18898109061715 49.0209589893779 573.4589557796943 232 147 200
-144.6012916496702 48.71670592992691 575.1486201002715 244 162 216
-142.70316525076584 48.37955281785983 574.280108637192 237 154 211
-140.84985724208266 48.036276716246554 573.2492165224061 239 156 215
-137.46387394942707 47.531889447957646 570.1814609806955 239 156 215
-135.3217574231026 47.03112961944294 570.0906399397995 244 162 221
-127.52156011999249 45.66786739590621 567.3998269257245 241 159 218
-124.68709260026141 45.49165587960054 569.800223621845 243 161 222
-125.03414810436308 45.19830389406296 561.4299691503468 240 164 223
-122.44409344421737 44.86905133370896 562.9215312711485 240 163 225
-120.21036214599096 44.365377083022096 563.1176358508673 241 166 227
-118.28164847675598 44.04456623326157 562.3925588958446 240 165 226
-116.48713568875799 43.468542456879376 561.1201987563179 243 168 229
-113.68769161551599 43.319440548185284 563.2793005189371 241 166 227
-111.99279120621624 43.038712007307964 561.8070772760478 241 166 229
-107.0201790357061 42.15213422680656 570.5010590740562 241 166 227
-107.42277979008071 42.20210501934917 555.842644030195 244 172 234
-102.03943513545484 41.07140328653759 552.4130582735637 246 171 232
-96.99904842055213 40.403404410380354 554.5757479381818 247 172 233
-100.37101865253965 40.77072374763483 538.200072886248 241 173 232
-95.34942797916605 39.980232773876146 546.6243013930202 245 171 229
-92.3587940853155 39.55671556158559 549.0487170888813 244 177 233
-88.18550726900348 38.71966742611258 548.4989146590539 83 111 187
-86.79609481967952 38.43463206873587 546.239000955912 53 105 184
-81.54206255955262 37.723904424842495 548.8125196270692 54 111 202
-79.3713422484265 37.27371697446249 542.660838118607 63 127 227
-77.55845663445471 36.954137081959956 541.6415575268804 97 164 255
-66.73102156996293 35.078710117166644 541.310373801114 52 105 175
-65.1384353221534 34.688517768883486 539.673760225474 56 103 168
-64.70387416975855 34.58729350702018 535.0206219209906 55 100 166
-62.066919827034866 34.275157311668075 536.2223789070825 55 102 167
-47.615813411464856 31.93393405961425 533.7399609555198 52 104 170
-46.245902566640154 31.52534636167991 531.5943774916356 64 104 172
-35.65103255069464 29.70605993618839 530.3660202388232 72 123 182
-34.40667143634206 29.3195530856583 522.6414780924944 55 101 162
-31.08097064901446 28.912725926475368 525.3108380269322 64 105 168
-26.80763475036549 28.05796092538055 524.8622302226688 57 97 157
-25.253088499892463 27.788638015480647 523.2776657520564 53 93 153
-21.76606997741376 27.272541453447936 526.21102943964 53 93 153
-15.480310018364417 26.223144981772094 520.0665889945947 36 82 145
45.15009773411678 15.897422128517984 499.74028174591484 236 148 193
-152.95060276680397 52.57489835310196 582.5802318947536 44 4 33
-151.49502450118538 52.156592976548446 579.9389471057901 231 150 199
-149.87810205300084 51.76167700382447 577.9553699464533 235 151 201
-147.7167421024201 51.478145716444104 578.094480032579 235 149 200
-146.85934215535625 51.32879784998754 573.5266924272961 235 149 200
-144.66817840447857 50.757921537741765 573.5750886010889 238 156 210
-139.76804754088127 50.22579789306361 575.926706791241 245 173 233
-138.43319153841307 50.00407952007512 573.118514799022 238 159 217
-134.59251351933693 49.06604212761635 571.372116920316 244 162 221
-132.4338343485067 48.81063278167786 571.4688573936056 241 159 218
-131.49399086836507 48.61187601587797 567.3843447574864 227 148 206
-124.243050030635 47.34788350523577 562.9463618014778 242 165 227
-121.939603886479 46.723636084913004 563.3133221402803 242 165 227
-119.74700740760487 46.410547142049374 563.4664843690841 245 170 231
-117.31451067438223 46.16087934654996 564.4236056576343 245 171 229
-115.54357114320162 45.41185424149117 562.9721199000018 243 168 229
-114.59505930981352 45.43911858825679 559.2428166554289 243 168 231
-109.64987967158996 44.87322341695594 561.3085972049562 240 168 228
-104.65195978330955 43.697805113789784 556.5579621978335 243 171 233
-103.06068121872246 43.41950059431105 548.3370234682707 242 172 231
-99.66618673369268 42.77701701650798 551.9902836523686 243 171 231
-93.99831322921489 41.96803567080718 549.5926409809604 241 170 227
-89.63850761045015 41.09826398689181 549.5828304232862 201 158 220
-87.3901066314755 40.82738790085421 549.8225118860524 114 106 176
-88.29391029287561 40.76721664041782 540.9962213126034 52 110 196
-84.63098701006528 40.137364603719874 545.2158220405701 55 113 201
-79.30670824737052 39.54152496995651 548.0016857593799 104 169 255
-78.83181716037714 39.45787895987332 543.2590489668863 26 108 206
-74.34679522490573 38.40951036391677 543.4807839561632 51 116 213
-71.99667770527759 38.167531010439525 543.9601490232145 108 175 255
-72.56343090566004 38.11650830990717 536.474431848184 49 105 187
-63.67507791724634 36.72126757487656 536.8871781565799 53 103 169
-54.190369492719306 34.79885732717322 532.9216881317855 43 98 174
-48.602734159799176 34.20505268989419 535.974486343976 65 118 188
-47.70667549849082 34.047435435953176 532.6663209356634 49 101 165
-43.85602794724635 33.10201455647624 531.1713071093063 59 102 166
-39.169543067982744 32.622295234148105 537.3175081271505 54 99 165
-40.5474946381667 32.71136176058113 528.4537657539302 50 96 157
-33.433992672546296 31.475879022928343 524.2158388888694 42 93 152
-25.74258859726485 30.115969781167887 526.6053478633635 51 92 155
-25.09709448064064 30.02202689424114 522.8945727777494 53 93 153
-17.93422232343425 28.887297694571295 523.96793498807 50 94 153
-16.25078592439829 28.68249691090794 522.7039228761099 47 91 148
-9.58147370819979 27.42370726375111 517.4845398523419 56 99 177
-2.171578043543312 26.14618140579701 514.0027721137752 115 158 236
5.614433788731728 24.78405812615495 516.194615988961 70 79 143
13.972450007733777 23.39100763192873 509.89117516828185 240 154 203
20.90148890446502 22.053849319001454 505.4234622559457 238 152 199
30.126183074518284 20.682378110328926 505.67273387588165 237 151 200
46.37897868736668 17.928929964025155 501.5201986285448 236 150 197
53.40186189670078 16.595986021797497 497.2968582169644 236 148 191
61.45253277468529 15.225736724000836 495.0439918170577 233 145 188
-150.7611310441088 54.09524942209202 581.2341398087189 230 150 197
-150.43342606910056 53.885555423376644 574.5865464840431 236 152 202
-145.89952608556055 53.25810147206586 575.6336841986337 238 152 203
-143.72651145739871 52.674964894316865 575.5880278589844 231 149 210
-142.614121351287 52.60520671639272 572.0766755286285 255 228 255
-138.22124510899314 51.916583572529994 572.4945391738684 235 156 214
-135.2212604906078 51.2432660978668 567.9968681806547 239 157 216
-130.29250744838185 50.866262134299454 577.6522734808807 240 158 217
-130.73915974503763 50.557840323615956 568.6873862445334 239 160 218
-120.58732669696754 48.65634674232928 566.5469198816534 240 164 223
-119.96018601724577 48.584701124161235 561.662036783689 241 166 227
-117.52892171333684 48.228806477715196 562.5715035519477 233 161 221
-112.89853623479732 47.25380790473585 556.7057147583262 238 168 229
-110.50252941352372 46.962078618963545 557.504008668901 240 167 232
-102.77790636841435 45.85740445141608 561.3249053152919 240 168 230
-98.93940551045799 44.682202369223724 553.0754169460658 240 168 228
-90.95635943817844 43.39595651856568 551.038020573482 238 171 227
-90.56335691602274 43.22524894052877 545.8809056785772 110 99 168
-88.0380246923753 42.951769798496876 546.951723780018 84 112 186
-86.90830160704199 42.4005393668712 543.866742439708 49 101 178
-83.74442303120117 42.02411117172762 546.712821950375 55 113 201
-80.85264061397163 41.64229461634856 542.6569734493218 49 128 227
-77.3900836858719 41.28770757460386 546.27707175868 18 94 194
-74.98422527770005 40.70270428850953 546.8079154553128 105 176 255
-75.2261276588084 40.65936070194755 540.1445848694559 57 119 220
-71.95417669969851 39.80658050515926 537.1069337096459 46 105 186
-67.99888762276314 39.34429141839037 536.0718361495522 53 103 169
-47.13642463773441 35.96036647394007 533.2265912234104 46 98 162
-44.03305462939811 35.34341507648457 535.4155314657665 57 109 173
-36.806375636965974 34.0138184630817 525.9351871080805 41 92 151
-29.63618881806178 32.74753554828859 527.1345483762259 48 96 156
-29.066006794745924 32.624561578992505 523.214808473545 54 96 156
-24.26469159962537 31.920551136525276 524.0521780523329 53 93 151
-21.794914311654615 31.325965907032316 519.4095620418663 47 89 147
-15.941776492087053 30.614598302532197 522.6349949043355 50 92 150
13.052093586364556 25.528663797594593 512.0266639829518 238 152 201
15.284582494736503 25.22198475967426 511.9564470102202 237 151 198
26.12922357355981 23.27757739688587 506.1563575516847 237 151 200
28.706423932195474 22.87334105475325 506.7563478486137 237 151 200
60.38615204845518 18.204877641236695 514.4086446038443 235 149 196
53.47930520634596 19.13388093076113 496.90995115339854 232 149 192
79.59530274128845 14.361302958214601 489.4118884385305 20 0 26
-152.7770484527492 56.618020957431064 580.4194899878488 190 135 173
-150.1148202965833 56.25715580644196 582.3782429752508 232 158 203
-146.87848577315086 55.5414863518115 578.4724134611446 234 150 200
-143.89061951383377 54.9865838060041 573.8719996242487 234 151 208
-137.75857437183384 53.89444038193129 572.8064748027508 238 159 217
-135.53615703394382 53.58577480561267 573.1079436891365 241 159 218
-134.59980444502216 53.45591300927539 569.0346662297807 238 156 213
-132.31466707409874 52.91087712474641 569.3893759484478 240 157 216
-127.84347312491535 52.33231830606178 570.0638728687219 237 154 218
-127.4428627498512 52.036066111706674 564.1636106954461 237 158 218
-122.66746975428575 51.207395948973165 565.6928526544857 245 165 228
-118.0975278621376 50.63987335899633 566.618286794534 245 162 226
-113.86545776138782 50.09115884814274 573.2447761439155 243 163 226
-115.03963931929542 49.821189174035624 555.6994546482197 241 165 231
-109.9697156847571 48.905852815086725 558.0239816055863 239 168 232
-107.60488436936835 48.56932336667099 558.676011413243 239 166 231
-104.97044142535972 48.15581217992387 553.5635457943874 243 166 230
-102.66818528833335 47.65030002972947 553.927025573094 255 212 255
-97.93974162684594 46.887559939186055 555.1082767627721 241 169 229
-97.39882478154956 46.732114473070745 550.2855308802903 241 166 227
-92.45060698265513 45.822227193610956 552.0246694573922 243 172 229
-89.49882827746835 45.48271596351881 554.3191561263671 241 170 227
-88.4648073739368 45.360439078151295 551.0484544136347 230 181 242
-83.76442434547643 44.611865144299934 558.218917905874 240 172 231
-74.9249905150084 42.88930221306172 546.0532260969212 95 174 255
-67.83128000576329 41.548105759596204 541.4757492374874 46 102 186
-62.217561343712724 40.513828878820696 538.8749170026591 53 103 169
-58.67389343496581 40.05339936065228 542.4126571174937 53 103 169
-54.19677888010624 39.40478474816807 542.5733869098314 53 100 167
-52.237367088714194 38.81532946332722 530.6197937404098 59 104 172
-45.00908257965306 37.581326260471776 532.1452175330595 47 97 161
-43.6311700682712 37.47872746972219 530.1169144181473 51 96 162
-36.338990625596296 36.23412700515052 531.6694623474984 50 97 162
-36.22441544301168 36.071494458217934 526.5477860379027 86 132 193
-27.83962402647895 34.756366137707005 530.6421907024268 50 103 162
-21.956907173147794 33.95031248588969 533.9641806375689 43 97 153
-21.005677065324956 33.542710049416804 525.6747129592503 51 95 154
-5.2733141365181675 30.86919749100954 520.6022277178159 60 108 186
5.063320374958544 29.121274157426466 518.4892250409808 51 91 161
9.480080169073602 28.506596248151784 523.1139643453103 118 158 237
18.622947638703216 26.80947448877295 508.7928333219605 255 181 235
22.00415504699117 26.361881352137978 511.0870174016032 255 181 235
26.12436695199941 25.362105815633427 505.5007204384626 237 153 201
35.36912785004009 23.9398656715545 505.72535584543834 236 152 200
-152.8049338766795 58.583693324700334 578.8667090668712 237 163 208
-149.2208714411268 58.26450307686754 584.3141539995222 237 163 208
-148.594979322656 58.07289283754233 578.8064357538865 230 150 197
-145.7700597977482 57.320981735989605 573.439986822356 232 148 198
-131.47046409379524 54.873972945623166 571.0077916814973 242 159 218
-130.80614941752387 54.635106455783735 565.9918370167237 242 159 218
-128.54761615266622 54.38741454324314 566.4551832900868 240 158 217
-124.33486145957121 53.576514778889766 566.1009192360975 241 159 218
-122.57226596467343 53.14456019647296 564.7567071451376 244 162 223
-118.37200112876333 52.71787431227562 564.570027391873 242 163 223
-114.1325058645266 52.06296435119174 571.1546765678949 243 163 226
-109.33925165019603 50.86034625618854 558.8539331139684 240 167 232
-103.7552850557116 50.04653166865188 556.1636546422907 241 164 228
-101.17497332780593 49.32257620109485 550.8098015006073 246 169 231
-98.99815701844078 49.11440118894858 550.9308435958606 242 165 227
-93.1929165930405 47.8497904643127 548.7831668552557 242 168 226
-91.37122104460704 47.70537211442461 547.8534240136934 238 167 224
-88.4767355492463 47.39269663117928 549.9920603772557 231 177 240
-85.20107858050098 46.7853250285131 553.0742745589461 141 129 198
-85.99827031893624 46.659199425127774 544.55970504832 51 103 178
-83.56565716181423 46.3826153770325 545.339133137617 60 112 191
-79.26156026724482 45.50838234309404 545.1290923251271 58 119 211
-73.36101460392717 44.72864243656725 543.4124750744753 47 129 232
-64.2006656258816 42.858208015776995 538.5086268155666 52 102 168
-58.21246185513573 42.071728474323926 537.00848544957 53 100 167
-53.582291833554244 41.18771231145457 543.2071137252985 54 101 168
-55.64714494370025 41.33359170148699 532.2198753164147 62 105 183
-53.28172849950565 41.11498804978123 532.6983177418916 65 111 185
-48.56901406466356 40.152732379803886 533.4167305364392 54 101 170
-42.74514462435025 39.37259161834988 531.4580866805961 52 97 163
-41.07460359539481 38.84236299207077 530.0594654255538 42 92 156
-39.941913132928356 38.66813038277997 527.4281212233957 50 98 160
-37.98763257913456 38.46999498142712 526.835261914754 49 95 158
-32.87670014600042 37.46892778307817 528.4201999948554 100 144 203
-24.569450452632516 35.992810627484545 521.7652783485523 48 95 153
-21.977070335466326 35.70678197359793 522.6419143838904 49 95 156
-11.878617964800434 34.03729252445271 520.1748965323809 98 163 229
-8.905738575144042 33.32057795190491 516.75607990044 51 101 181
4.013099532255256 31.352075432811585 515.5196775213138 36 76 146
8.077567518438594 30.816537357624988 519.4043971897672 36 76 146
35.361184610430904 25.943346854774592 505.0692308747445 235 151 199
-152.51906201555985 60.782432102881295 578.7168081621335 182 122 162
-151.15964475781817 60.448579787215664 575.8429489071304 232 151 198
-149.52211882442776 60.1323996835094 574.0484395289958 231 150 197
-146.71837349067715 59.770361114516334 576.5077674869583 228 147 194
-135.72191095824806 57.788399605154375 570.0196295137579 238 156 213
-126.18030854839883 56.00849647213438 565.9470602646378 240 158 215
-122.85020174814603 55.58552331923754 569.845610720469 239 157 214
-122.58081671766612 55.45390520872158 563.7159351724616 240 158 215
-120.50818602212702 55.11157267234024 563.464203192164 243 161 218
-118.5177686956074 54.743771550738316 562.9207274720518 242 163 221
-107.813394592892 52.77405979070026 555.8806823791607 243 166 228
-105.81172242384179 52.43239758363052 555.3988794096075 240 163 225
-104.22428067699339 52.096648127926095 553.6389867534331 243 166 228
-101.61286514826152 51.772634953272515 555.0376675957241 244 167 229
-100.20697931848579 51.427145245094216 552.7274256741026 244 167 229
-96.39736244406836 50.72473787319755 551.162599538117 242 165 227
-93.50431937270174 50.394257208988876 553.3368923319883 241 164 226
-91.05125665818403 49.75860749053701 547.7822557451452 240 166 224
-86.29613864676767 49.104841072834375 549.0056826214764 114 98 166
-80.71870572014195 47.97554903333069 546.2262870377963 82 134 229
-65.59112659389052 45.28102153222168 539.7526038302431 51 102 173
-62.68024780662952 44.93067673384599 541.6772741320251 53 104 175
-60.88846577041773 44.43263500693487 534.831544010948 51 101 167
-54.98046557684455 43.46846066807255 533.1045072680804 53 101 177
-48.11570565848953 42.34798446597924 533.753987439444 58 105 172
-45.341335071443986 41.74340398483298 529.6348780572772 50 95 161
-40.36178242286812 41.12733695365986 531.0634839249757 50 96 159
-37.35026052069808 40.415654387845116 527.5585020328207 51 97 160
-35.008487652169656 39.95222860004818 527.8401185969832 48 94 157
-31.721877824113236 39.49889286408894 530.4080345777697 79 125 188
-31.528001901368206 39.47921652061713 525.5795368782929 65 113 175
-30.02300562877755 39.09992619120459 523.8552698606517 75 123 183
-27.719549572129367 38.75124522390617 524.0563573933467 79 132 191
-25.217132584065485 38.45730254670823 524.7325405743541 74 128 191
-14.639869115966475 36.45503533556242 518.2300857300329 28 80 148
-12.645578656679154 36.144262456973664 517.6933877874517 68 135 209
7.704727764118223 32.72309239556809 513.037443448451 214 168 219
22.45913723931632 30.35183640387683 510.68594462734137 235 150 203
55.24514272195864 24.767413508175945 498.43975311503686 229 146 189
-152.15081807356447 62.778447522616624 578.6914067335596 171 111 151
-150.86359420200955 62.335922990043464 575.4565222765692 232 151 198
-144.94209306437912 61.3888773784566 573.8135489720846 230 149 196
-141.95484300507187 60.66399726064279 569.1965665764749 233 151 205
-137.23121700847383 60.052468562531985 570.875300961157 238 156 210
-123.66417258713746 57.71926148029625 565.9953460579989 239 157 214
-122.80596539000447 57.18856399916236 561.5947822958353 242 163 221
-119.85039389095152 56.97973550456406 564.3456927080447 241 162 218
-110.9877720003087 54.83626361992584 551.3916408478415 243 166 230
-108.34705483681482 54.55463280206881 552.976686730012 240 163 225
-97.30679868195513 52.97149843721921 553.8218919763974 241 164 226
-95.59954654707721 52.33847978865459 552.3062079839867 242 165 227
-94.04801846562681 52.36803023648927 550.648420804621 241 165 224
-91.58696678412223 51.58794593186258 545.1002700107276 228 174 237
-89.8780228924854 51.34671743550241 543.8283258984836 86 112 182
-75.06912768266714 48.965647369924206 542.7518733008824 94 172 255
-67.12722000978295 47.31824866672474 534.6961681027743 54 106 172
-59.705750647641906 46.297961809081464 537.0036929869806 54 104 168
-44.88350816994163 43.66031968011292 529.9079719837482 47 94 159
-43.945526992393425 43.379082632534356 526.7578304664797 54 100 163
-36.399608618658746 42.3037504069207 529.0322296536185 52 98 159
-20.69420132536136 39.59134730812271 524.0540210328446 45 96 157
-148.51170152403336 64.21322515049003 575.1195851803084 229 149 196
-142.1757454843198 63.18193165374734 574.8739086399723 242 160 212
-137.0439049878376 62.137172527520235 570.3105834872932 238 155 212
-134.47083226773063 61.84230101277673 571.8607963576628 239 156 213
-118.89734374824458 59.216419828730395 566.4407548312544 241 159 218
-111.4712761522423 57.894429654655326 562.5620385670182 240 164 221
-109.99114411328601 57.488612308353375 553.7980004371841 240 163 225
-106.97006522449304 56.77027266092399 556.2784112639324 239 164 225
-103.86554013357721 56.22949297654981 552.6299384771816 241 166 227
-89.29689851775329 53.597481104488544 544.6212129956554 120 101 168
-66.1076205289477 49.57718970098821 536.6106272840669 50 104 171
-58.64928944947329 48.565240359134705 538.9802902795118 49 99 165
-50.91265236187577 47.19243671377021 536.1878142803668 44 94 170
-50.97820698427403 46.94556102490708 530.4042324988336 113 155 213
-46.72826930200336 46.147465638768296 529.996457444071 71 119 179
-43.44954943360255 45.62386600444802 527.2274365486267 56 99 161
-35.26042687845579 44.516986285681064 531.058775653065 53 93 153
-35.52632397554943 44.2567232027456 525.0150925637319 83 131 193
-28.545445493732647 43.60386842353471 525.9406249472769 63 112 169
-28.203035735181153 42.95475045966465 521.3634974740189 78 131 190
-23.608210221745058 42.13380127953641 521.7035154208023 45 96 155
-19.906224651329723 41.57839024060521 519.9950099124275 50 97 155
-12.255907696616147 40.55515563162954 522.1958185571607 52 96 155
-3.648498533159655 38.90641759953411 516.3369723805853 93 164 243
3.541179870388826 37.811286489383996 517.291215909448 45 102 179
11.227563992686592 36.43353220127217 514.3576865705135 212 171 223
11.77152549782866 36.2347477029803 510.72010620428284 234 150 198
15.895053855903821 36.22773396179454 514.7462593454019 229 161 210
19.09582575355243 34.88607324346185 507.1018257007018 240 151 199
27.023031514965425 33.539156791216946 504.7466971915763 236 152 202
34.83190915268253 32.46429321033446 506.701665510314 233 152 201
37.02857403036474 31.718072755800076 493.05096513094327 235 150 194
41.20631153609687 31.067044156613655 496.73816713447184 233 147 194
66.39019842945915 27.031387740708162 496.4580774583247 230 145 189
-148.28421916022415 66.22815335005615 574.6104734197818 228 147 194
-146.73131654988006 65.57951220300772 564.8680713097692 231 162 216
-142.71284072163854 65.25035843572546 571.6891075287741 232 151 203
-140.2378125903274 64.92612530437128 572.9189174663397 225 143 200
-137.81576099498585 64.16130571658837 566.34766961084 234 152 211
-134.96982105094767 63.88921025999814 568.8899423080127 236 154 211
-127.40298701599288 62.557503128654595 565.5219359683676 243 161 218
-125.40829051683498 62.21378504958228 565.0207910016601 236 157 213
-121.79434290449359 61.899065427257085 569.912787220003 236 157 213
-122.72538028194039 61.52818697380626 559.7080082181003 239 157 216
-110.20918326700172 59.5194543996652 558.5577282982355 239 163 222
-108.62406419489474 58.87203928069493 550.0844655397549 243 168 229
-105.46503418600784 58.56901030419171 553.2433102782911 243 168 229
-103.59951661934291 58.1631781550885 552.3188354764111 242 167 228
-100.82187126948206 57.74522773401258 554.1702165729855 241 166 227
-97.81652040462994 57.20423978983781 550.2761869829986 239 162 224
-88.3785588734464 55.53238152037526 546.2414987223179 174 155 220
-80.33004959869557 54.18582370720729 544.4419223410443 98 164 254
-75.71421353867719 53.22654690726782 539.1404238111357 60 131 229
-67.12049948898218 51.80381994952912 538.7915381123931 37 99 173
-65.21506706218449 51.51544581351722 538.0598947588006 48 105 171
-63.39451840025501 51.077811789505766 537.0425425597331 54 104 168
-63.210959286238854 50.90536025659621 531.7910594483474 51 101 165
-60.429708958853524 50.60614148814506 533.3935120313291 49 99 163
-55.49051458815687 49.72587766906409 534.7849985552036 57 108 181
-54.56813217429941 49.441376497339945 531.5099561241286 58 104 176
-47.597121144968646 48.16364385581234 526.951912330881 47 91 150
-44.783051487246006 47.906946536645044 528.5339920368749 51 95 152
-39.44317549910804 46.76115947545728 525.3506559276691 54 96 156
-37.165423546137845 46.521566472825775 525.5611760014932 46 90 149
-30.89626250061234 45.72961041778792 530.0052195892903 47 94 150
-30.137092402593737 45.30814645574938 521.2357687385211 33 86 145
-23.826862707754138 44.10307302846996 520.3970088743788 46 97 156
-17.11306124131105 42.946765579564826 515.4239951230218 49 93 152
-14.303341264094957 42.57931376207259 516.7611722013212 49 96 161
12.123245555837364 38.13562512814161 510.7573884266694 234 150 198
17.975625250675648 37.6645316782795 518.3359981053059 228 160 207
17.009353105770636 37.281763627212975 506.8050179289652 236 152 198
-142.20392690921355 67.22727532626186 572.1707607720598 225 146 204
-132.43190641475996 65.541082875181 568.9963540496939 237 155 212
-130.24936271335991 65.30918357901277 569.2263490749331 237 155 212
-127.74458627725384 64.48329612697374 563.0945323299137 232 161 214
-125.3445152048412 64.19949351112996 564.0111079733115 239 163 218
-122.83212753544495 63.97588745665517 565.3233652695093 233 159 215
-115.29550073708481 62.61462934711441 561.8445560610415 239 163 222
-112.54694611762051 61.82202961670196 556.8102415495009 236 161 222
-106.633988456761 60.95505283785967 555.2203292552382 239 164 225
-105.04123658987649 60.475001591231155 553.3970219913315 240 165 228
-103.11991263133328 60.156029022799544 552.6971478267341 241 169 229
-100.39997503455162 59.93558143192945 554.4848677781673 248 185 242
-97.4916439949044 59.14956886754334 550.1603839046061 239 164 225
-91.92493177556267 58.282167721231964 547.5364513901592 237 161 220
-87.83423099771836 57.46341460777288 546.7678750804384 170 154 218
-85.26795335134561 57.226824001833755 547.9685011343713 81 103 172
-82.69988318538559 56.45999825358626 542.8569278521794 76 139 235
-77.94070219485953 55.99983554533977 544.1378948168324 53 124 224
-76.78714529163915 55.603942167312304 541.2533543383316 26 112 220
-72.6005723295569 54.777224179495356 540.727673035591 30 106 206
-70.5434900836138 54.269558119515374 534.5384929353482 41 105 180
-66.94230224263964 53.831039194666445 538.3517576575744 37 101 176
-61.30141173430274 52.91147441109099 535.9487558414112 53 103 167
-57.47086416280429 52.13975883539958 534.4717015812186 47 99 165
-55.0874062651032 51.91045172194427 535.0120495577615 45 97 163
-49.103719470412834 50.76216121642106 533.3899009960103 73 118 186
-47.265216676208375 50.606107971334026 532.5322239592866 88 139 200
-46.93007572574702 50.364111537005115 527.853454638004 49 93 152
-42.043218574025516 49.47491638643163 529.0012495000627 72 109 170
-39.661033825421704 49.22727536285109 529.4684350543262 81 121 181
-39.18262005016036 48.893565592389095 525.2058368647276 70 110 170
-36.729817858097526 48.48603645710382 525.7931519313837 63 107 166
-34.41551895601621 48.14944499244201 526.051156347541 51 95 154
-31.995151563013682 47.92950034727493 526.591553979553 92 135 197
-30.668865999998697 47.636092957759715 524.4629193869873 89 138 195
-26.767979262294517 46.80825991176956 523.1482228235934 52 107 167
-24.188988703189462 46.50356235365337 524.0080769392151 64 117 176
-25.55889223631495 46.28972667874208 515.5993064494088 47 94 152
-21.629155909030427 45.81059180498822 519.5813076934948 47 94 152
-16.115971829077953 45.30765732962953 522.0964109381873 50 94 153
-15.761777838198066 45.01936253116359 517.7918287100246 47 91 150
-8.842637348014078 43.84847479294607 518.2632315295726 69 123 190
-8.36403443679252 43.71607674574028 514.3641731886622 123 203 255
-3.817261179311617 42.857096935023016 514.4907151749749 48 149 198
5.404842647559982 41.14131473774012 505.38300750452964 233 153 200
11.837681594186321 40.197460337479164 509.4734381845701 234 154 201
14.672480171159092 39.9235552231854 510.7121034318716 233 152 199
15.413285353126135 39.67733461144479 507.5302881316539 236 152 200
30.23074811137068 37.22329691978899 505.3493085404842 237 151 198
31.58374292391566 36.91128183427733 503.48797028814096 235 151 197
32.97602575093511 36.15219612140997 488.3045983141385 233 148 190
-148.05883566447875 70.2902566461959 572.8039462593608 232 148 196
-142.8930028013426 69.20289124366889 568.388649191062 221 142 198
-141.05491990180667 68.99747310486654 567.5030119416629 237 155 212
-138.70892116450162 68.69113211737961 568.3004210229183 237 155 212
-130.83003656634594 67.31108206151104 566.0109568772879 237 155 212
-125.2907985931257 66.2532823092015 563.0285799729834 234 160 216
-122.84944073890436 65.94702894617672 564.0446038835184 234 160 216
-120.84170101990385 65.63003145798291 563.6061265116866 238 159 219
-118.05536402685922 64.86467452391204 558.6472752808568 237 161 220
-115.51550730696356 64.61925724699272 559.9857563672807 236 160 219
-114.9863052836474 64.32547793412621 554.8565425027645 233 158 221
-111.58033522934572 63.55643225400321 552.0254117361901 239 164 225
-108.61020472649928 63.32350853762624 554.6805531305279 239 164 225
-103.78422378915997 62.485403861835906 556.1758202542368 239 164 227
-103.15047562212193 62.16354011065187 551.5254095562364 255 227 255
-95.70232980659978 60.88142142364152 548.0527437040186 239 165 223
-93.3135189727525 60.59481747679892 548.7642224675855 240 166 224
-91.10211320096984 60.2067690426137 548.8779525017861 238 164 222
-82.12317382617863 58.21435212615143 537.4369385632532 54 136 232
-79.02140329171293 58.00930646573089 540.1420362578042 71 143 238
-66.36831753342838 55.537730459143894 533.136721269969 52 102 168
-58.50311562198625 54.43926688943922 536.5940655871588 55 102 167
-52.46210795659321 53.19097351035175 529.5769608485215 57 110 171
-48.51730179214451 52.65930157266488 528.5186863140424 82 129 187
-43.30712476212211 51.742672549961576 530.4776928206768 66 108 166
-43.20379358146495 51.49546267792555 525.2797301232694 66 102 166
-40.4193729509875 51.24801302098033 526.7637138299624 57 94 155
-36.14808520372054 50.387114163361005 526.360366705833 75 114 177
-27.796412456546207 49.05470760161748 525.1557388987935 38 90 146
-26.305076199811232 48.75971077273059 523.4385414074397 61 115 171
-25.293424046744097 48.359462058133104 515.4698641002433 48 95 153
-21.059187502804484 47.82668869295522 520.1408675604354 48 95 153
-20.663499308724997 47.63979874285313 515.9476626437076 50 94 153
-17.8166677453552 47.3818676011183 517.4275645594529 50 94 151
-140.02700691114296 71.05481885387003 569.89816710727 235 153 205
-137.92209651421317 70.72094561057037 569.8056224961414 234 153 207
-133.72759976254457 70.00622646616779 569.4962726349416 233 151 205
-130.27145302248195 69.31621246141644 566.6783590843316 233 151 208
-121.25599708545681 67.65210815262822 561.088727710913 238 159 217
-117.72872786558781 67.36359218409515 565.6178691520424 235 159 216
-115.30297480917656 66.66020283197591 559.548740159869 236 160 219
-113.94656713756062 66.30764660168651 557.0190599132471 237 160 222
-111.4419591651927 65.97568642578167 558.1517020878266 238 163 224
-108.20054777356003 65.30418860188503 554.8371740463446 241 166 227
-105.98233932238635 64.9057916413901 555.0017866810427 239 164 225
-103.98780453058853 64.6264582352963 554.5502948134831 235 160 221
-98.9056005043418 63.60436375188012 550.3429730743894 239 167 227
-97.36866630883992 63.51796155067992 548.6548987034596 242 168 226
-93.82188011315448 62.52448715968762 546.1904804703636 236 162 220
-91.60602170682726 62.29497954606524 546.4266274122091 236 162 218
-87.66917976937576 61.78599221328146 545.4040163752194 195 174 232
-87.20256551262621 61.65856927064646 540.6563701225438 56 94 164
-85.65487954107309 61.089719096792926 538.7815266989371 49 104 182
-80.89042099024435 60.72816615407737 546.1530165162313 54 103 174
-80.9138326441389 60.351118395968065 539.9428379392807 54 125 227
-78.20908815084704 59.95640133323306 541.4202575518683 42 105 203
-76.15104067692396 59.5219586274547 541.0551254310611 87 173 255
-73.49014389334206 59.304036806251396 542.4581295267311 107 183 255
-72.80343095449484 59.109128068495636 538.4340042923942 11 95 179
-72.51808522663666 58.18606098474519 527.3067837320011 52 102 168
-66.0606450148818 57.97246776762704 538.9336464174277 16 90 166
-63.60001819379869 57.194356477554614 533.8026089397371 54 101 166
-61.105002698041055 56.97555375520153 534.6857428127678 54 101 166
-58.265573746213484 56.663195421318555 536.4121433058301 55 102 167
-56.41749632944125 56.43823748151469 535.5622581803334 51 98 163
-55.27288202146305 55.951966618763805 532.7758291515869 72 120 182
-50.48438865992409 55.045135233037506 528.2500322424701 95 139 194
-45.9248955143785 54.256749704478764 528.6455601352856 56 100 159
-43.077669451879004 53.860929523584424 530.2457488903184 63 107 166
-41.939964695575824 53.70041278913415 527.659942575665 63 99 163
-39.95449947186195 53.220670375580134 527.070850195587 67 99 162
-35.994890175506846 52.394608345746 520.671674650891 67 109 169
-32.95929962208649 51.876796484030685 522.6270373396301 46 90 149
-29.593598100143815 51.49949652730906 525.3914181329276 47 94 152
-27.41696368255161 51.25971085275309 520.1752228245601 44 91 149
-24.7079001621122 51.05345590997223 521.3942507402671 46 90 149
-22.98715109783384 50.28099276658643 520.0797037315281 47 94 152
-19.599688310450937 49.71040399062808 517.6719515912599 46 90 149
-14.994255966911654 48.93523269932289 518.0146550213058 47 91 150
-12.011376010967314 48.574677359570664 519.7294929571738 42 91 148
-10.91653544571601 48.40555632417084 517.1957714060362 90 161 218
-4.501491529701916 47.0285405004086 511.5680330919145 80 136 216
4.571601314231357 45.780026084296956 511.8600026698253 47 89 160
11.889638692052774 44.72089505664919 513.0546787901568 230 161 213
35.927155489479034 40.42930137162416 501.83334018438285 255 226 255
36.815104807949616 40.42232779201774 499.1453134076069 235 154 203
66.80588277172814 35.0753810540898 490.71853399912425 228 143 185
-143.64681679407516 73.71401960347369 570.8480181819709 220 139 188
-139.43507752849686 73.03704412488783 570.6749515173958 235 153 207
-128.87684312789926 71.34425539488865 570.1867331137043 234 153 207
-129.45713906405408 70.70606185613862 560.7751460034059 232 153 209
-126.46926891481921 70.73701446301308 563.9503580988832 232 154 207
-123.15753565417373 69.80392251974261 560.5394309752327 233 157 214
-121.0762425601362 69.60986317780502 560.4689290515988 238 159 217
-116.50256494122077 69.0583912406167 561.4886025233689 237 158 216
-114.16138438733027 68.69848122311133 562.0776301631065 234 158 215
-113.64785376367537 68.32470208859557 556.8496721368651 239 163 220
-111.21167960644927 68.00068351365482 557.770665888379 237 161 220
-109.55052539139645 67.58834029766354 556.1826719092863 238 164 222
-107.81576012896873 67.24761339001714 554.888757330566 241 165 224
-103.96252442771392 66.61431426033003 553.5328136524196 236 161 222
-96.74074289198413 65.31115291042609 549.3465888926066 242 168 226
-92.72684898755153 64.46492961938858 548.344612959671 241 167 225
-86.57736279391258 63.686483016877084 547.4875609045358 232 174 231
-86.13755369211171 63.61038456035729 542.6939764099395 69 104 177
-84.21484967857117 62.9126675737521 541.7998702277995 42 98 178
-81.80924088503606 62.657534081940085 542.5310532510488 45 101 181
-71.74761588630119 60.99109029733673 540.3226065785716 25 105 181
-68.809029129484 60.31230532912516 536.4754992773513 0 96 174
-66.33167534940533 60.005447966045104 537.297490696342 21 99 176
-64.38229273320982 59.59612611223194 536.6423546000613 48 104 173
-62.7586248949331 59.0846231437876 535.0788444431131 51 101 165
-62.215367964902796 58.88294466873698 530.818169443874 53 100 165
-56.68871267799088 58.33789399442493 533.9215722141246 50 97 162
-55.03634637687759 57.88803694259954 532.4798944172536 109 160 221
-53.63892782428739 57.6099029949355 530.4658974611048 109 161 213
-51.33799022131271 57.30821008609862 530.7669053029343 99 153 205
-49.40135836777901 56.94643772230916 530.1050654655164 93 147 201
-46.17311160152963 56.10915800623642 527.1181240586171 75 122 180
-43.263280915612945 55.91727114031011 528.9589247095437 70 117 175
-41.279287560836714 55.67675401765861 528.455398561359 50 96 157
-39.244623831799274 55.14140813462912 527.9616288672495 82 112 176
-40.90065883741999 55.12408259809509 518.6115054820076 53 93 151
-36.112545851915456 54.691913277395194 524.9142864283479 69 109 167
-30.875932973501502 53.515953215665654 521.5228382185628 43 90 146
-25.77523407262534 52.988936855063095 523.1853820145141 67 116 173
-24.891271157546186 52.888148015292074 520.1241002768284 49 93 150
-23.007901665243555 52.2982745220005 519.2608074090273 49 93 150
-20.46458482511082 51.98616340453361 520.0299492328417 50 94 151
-10.356453641984453 50.35516321877264 517.7040850795901 35 108 171
-7.463325298045291 49.60119544992482 514.1503141827384 54 143 221
-5.018786163209076 49.33643214406878 514.6451993886768 85 175 255
4.968429168192174 47.64738199564878 511.98011886892033 46 86 158
8.520377875896108 47.011512361618 509.96218072206096 229 160 212
10.666589478747735 46.629577505354725 509.7304015040276 231 151 200
22.928978173015018 44.436874753804986 502.415936563035 234 152 204
36.40435196406501 42.32014944878818 502.1285897117716 255 223 255
38.093121704765096 42.250213986113806 501.01694071337204 232 151 200
-139.21260299373088 75.09230896607075 570.2331877854411 233 151 205
-133.6018957527034 74.09441441799494 567.5164373851984 237 155 209
-126.07407458500757 72.74549176765095 564.0731166901777 232 154 207
-123.94324895467014 72.35824371816977 563.9929228599055 235 156 212
-120.98056092389724 71.83349372121708 559.8090006205834 237 159 212
-118.80166676637225 71.38666328682818 559.834545734799 239 160 218
-116.56862887007445 71.05763750120379 560.1255663474965 238 159 217
-114.47030328588113 70.80010091635721 560.0335735474821 239 160 216
-113.22242413074504 70.50909348290885 557.2188325584826 239 160 216
-111.02124033411971 70.04375596824913 557.282517210004 237 161 218
-109.05664969220491 69.6503242957896 556.6587659376354 236 160 217
-106.24437156385483 69.37046600595097 558.7432583002504 236 160 219
-106.48798152340264 68.90404318378658 551.2619258781677 238 164 222
-104.05708280845222 68.64384077214304 552.1847211713462 239 165 223
-101.98064700735532 68.34461420343882 551.9829657832596 240 166 224
-99.58716277133007 68.10790402311162 552.7732628716797 240 165 226
-96.50696545978536 67.33008753246466 549.0111299520455 238 164 222
-92.75196752493848 66.42059504659264 541.1352018195784 229 169 227
-89.20052206011546 65.99396094391847 545.1361709381739 231 171 229
-84.8748878715864 65.40049029474217 545.1850301425384 95 106 174
-83.73689651993053 65.07731192514319 542.2707760664197 58 103 173
-79.14932441878504 64.23173997773529 542.8887045022523 77 144 245
-76.57061751355154 63.97154025044075 544.0633891916066 70 137 236
-69.0887004360816 62.40674858786523 534.8465204778812 20 88 164
-63.73625739059736 61.544566314721685 537.4248745753267 46 104 172
-61.387636486405654 61.11602362286649 532.2139827141904 53 101 163
-59.17768995026711 60.63197118409377 532.2222239878528 54 101 166
-54.27080048220758 60.08283868452012 533.6669255669626 48 96 158
-53.09406827012943 59.713562371710516 531.0416282952665 50 98 160
-48.663535840874914 58.87754131670106 531.0892247901268 30 88 147
-45.96008117347705 58.62879207700889 532.4031443531538 39 92 153
-45.923784399455705 58.409027574238166 527.0197779552516 46 97 158
-43.47740821925193 57.98014238360288 527.6097244950884 48 94 157
-41.49776551478195 57.661173639785495 527.0736676785431 49 95 156
-39.01931107039323 57.4112567234755 527.791828844972 49 96 154
-33.48433138056084 56.231592550771325 525.0802298352571 52 94 152
-30.565600722736495 55.78012022503009 521.5643932649508 50 94 151
-25.85722418781147 54.97104658561938 522.1973805197484 50 94 153
-24.29590155980356 54.81378376025604 520.7208729312318 47 91 148
-23.226463315483375 54.463726035873435 518.0338600342614 47 89 147
-17.736428073037697 53.54633484990486 520.4015013205573 49 93 150
-15.360468171768131 53.30745347228773 520.7786446264872 47 91 148
-14.904169757745045 53.10384943902943 516.7673400498879 39 94 152
-0.2465689595308534 50.526895849575446 509.7300998249741 100 146 220
4.4743770559713845 49.721691497342086 510.2287270870419 65 79 141
7.411713796827398 49.40821532005909 511.73009468671444 66 80 142
8.744793949889772 49.073933454378704 509.76725134283345 227 163 214
15.918140710728421 47.926397228141575 510.6075611310497 235 151 199
31.405580724120107 45.16671817168452 500.6272069761833 231 150 199
37.763424541560816 44.14585160993266 499.7145277048739 230 150 197
-140.43206449020488 77.43775873215836 572.1587062963188 235 153 207
-138.72904048676065 77.0912887740591 570.6452146080778 231 150 204
-135.51508633387706 76.78904672019412 574.4078096453622 231 150 204
-135.44667460884253 76.44035997318684 567.2744283787005 232 151 205
-133.50288126909163 76.06941516241488 566.593282176045 233 152 206
-132.1997475183676 75.72185890436876 563.7717787855879 233 151 205
-120.23337887685194 73.7939406734575 561.0382546766868 238 160 213
-117.96848024048411 73.31508229660305 561.3023649867235 235 156 212
-116.7616315053539 73.09301004785424 558.396888861437 235 156 212
-115.05454343780782 72.72005219463003 556.9794196638281 239 160 216
-112.87395234817107 72.3962873358294 557.1044183941239 238 159 215
-109.95691276020261 71.9882338550795 559.4535210616733 238 159 217
-108.7141368398296 71.64881409435557 556.6157975616601 237 161 218
-102.91431396120306 71.21859262434306 567.7979245251269 237 161 220
-105.41279557559136 71.05339496241137 553.5901106939713 241 165 224
-102.40221548478273 70.3389752942472 549.6390964517427 239 164 225
-90.79247803557766 68.38579349750111 545.8072079825331 241 165 224
-88.9705940364331 67.9806909679454 544.7877411975369 231 171 229
-88.7939734490484 67.7621101877418 539.1728560179607 69 102 176
-85.39257359032706 67.35659996355238 542.6921696716267 72 105 177
-83.09502156078074 67.08348163522126 543.1144667565491 56 101 171
-80.66538294836566 66.5880842592471 543.7599411672273 56 106 174
-79.96867979264137 66.34804505914664 539.6960533028063 73 123 189
-73.12690623922924 65.23627575629487 540.5654506660592 23 105 183
-65.72271329534367 63.92393273040635 537.0509433955516 41 110 183
-65.92871243629725 63.42355079383249 530.6263913653258 52 102 166
-58.300889716338325 62.58018492111773 533.600028306197 49 97 159
-55.055536889469494 62.002498971144114 530.7292766507968 53 101 163
-52.704209030553834 61.68632047732968 531.1614703489167 54 100 163
-50.077556036028014 61.22768160117487 532.2171275379608 48 96 158
-47.4714009037995 60.86451608242152 533.243263555846 46 97 158
-43.09235258160379 59.900286343553574 527.6977862067009 48 96 156
-42.251747700337106 59.65439481213736 524.3759395519699 49 96 154
-34.972952192711816 58.57982525971507 526.01471387366 52 94 152
-28.389892364545602 57.29565163480596 520.6444470154006 46 90 147
-27.386615039625028 57.03773115192544 517.8257974304837 49 93 150
-24.84380616617128 56.760664298203736 518.6383141476144 46 90 147
-19.41073559455551 55.89312414054605 520.9072379178189 50 92 150
-19.436367042631062 55.65193581850556 515.7485471328058 50 94 151
-11.996519735342284 54.5637031277567 517.5068087259449 1 79 138
23.44248064042396 48.340494464718994 497.62079910840737 233 152 199
-130.38238832640528 77.80258120808672 568.7633814769799 231 150 204
-124.16499432332954 75.70836253302355 547.1168074842006 233 156 218
-118.22287842603838 75.46493684564122 559.4692663404537 231 152 210
-114.69782704659146 74.71161210566541 556.9777507421522 235 156 214
-112.50624454025618 74.37080743406187 557.1220853385606 236 157 215
-110.04603399546743 74.10670129318552 558.1563331060247 239 163 220
-109.22365577430492 73.79507746650377 554.054625083015 235 159 218
-107.07404054713042 73.38346776072405 554.000787412733 237 161 220
-94.45143323845305 71.09506654405385 546.7258125166215 236 162 220
-90.4934689002003 70.34053720396535 545.6362346115748 238 164 222
-87.81694253997539 70.05342246159611 547.1579281567492 239 165 223
-87.22069892421399 69.73095587322777 542.6754680423986 97 103 173
-85.05248949051662 69.30429267263399 542.643607668468 62 95 169
-80.0554503756537 68.71610160686343 544.575343777536 45 95 161
-78.88268902233085 68.42654504825977 541.8145037326162 72 124 188
-77.30897480495807 67.9829971999588 540.0980594154507 62 117 195
-73.55638421247497 68.001087450692 544.6734248746161 69 120 202
-73.54792894190946 67.64893151327965 538.7104518852616 45 111 201
-72.10869931154905 67.0838427601409 536.5801066971294 97 169 255
-65.250649121314 66.02136284422605 537.4479268203687 24 88 161
-64.43532371196197 65.76166412931642 533.86166399758 51 103 169
-62.45055618751794 65.33660309430262 533.3072308481647 51 98 163
-64.71026162285746 64.98338113710028 521.6658358889986 48 96 158
-59.14073979364614 64.82100185686775 530.6462874847971 54 100 163
-57.78262911962604 64.42548371502791 528.4885564335345 48 96 158
-54.87119858736674 63.93169848172749 530.3002327984746 51 99 161
-52.38731946129731 63.656426614010535 531.0928020385389 49 97 157
-50.30579218353503 63.33424238839206 530.8222762613567 49 97 157
-49.50895717758464 63.12402046616872 527.3510220327446 48 96 156
-46.961152407809685 62.66547683115764 528.1979108477377 49 97 159
-44.67666931371795 62.72326444154568 528.6084411400582 49 95 156
-41.97669786263523 61.77168236843562 524.2816216011786 48 95 153
-34.47772714772138 60.70287847042336 526.4531611873348 49 93 150
-33.684324453321665 60.42955285166102 523.0625452330031 52 96 153
-27.180336681194056 59.34433092857143 522.745144108936 50 94 151
-26.40371151872216 59.105044959243045 519.39282721518 47 91 148
-21.599428166646835 58.241264435661975 520.2112069666335 47 91 148
-18.925775730884528 57.8908753282199 521.2614925681042 46 90 147
-18.37662991344702 57.781135145337544 517.4815929209186 46 90 147
-11.61192724105344 56.94990729205714 517.7677656501875 46 90 147
-11.083716307108844 56.45244390821587 513.8731320912509 24 87 154
-8.229364143204524 55.969550394066 515.2377750690432 87 182 253
-3.039285075865341 55.14651584353942 511.96355666237014 14 87 173
1.1102493374030349 54.275516728373105 506.45068113356973 69 80 146
4.252457829056957 53.7504593855805 508.3615703493286 68 76 143
11.816635321846109 52.700675892615315 510.1331827505886 227 150 196
15.353579237757822 52.34937014907614 503.56891162829595 233 149 195
28.098159909831075 49.769954921384155 501.79879975525057 233 152 199
35.22321162814744 48.51577711430674 497.94141248453127 232 151 198
47.76394890845641 46.54939036716291 495.7809029724463 233 149 195
50.881279804758655 46.302602608118924 497.398921794206 233 149 195
-142.70745852122462 81.76637039525882 569.0856965265499 232 151 200
-135.66737158560338 80.80562990940801 571.3738779377992 227 156 211
-131.1872328366118 79.81129089930853 564.8528138499064 231 149 203
-128.8955016461331 79.42254947830271 565.320367980433 229 148 202
-123.22423684498041 78.47987546232065 562.9251095402417 235 168 224
-113.94864934023803 76.64760451093646 558.1652152381916 232 153 213
-112.85009472634843 76.28826166248574 554.8637079168625 230 159 214
-108.54881269169447 75.77985783010082 555.0383603098509 236 162 220
-105.11942703554804 75.39047702415382 558.9197370158034 235 159 218
-93.6207509284868 73.04916861320058 548.1082120662946 239 165 223
-91.30274674962784 72.64858098239932 548.5259007588367 236 162 220
-91.30140808278175 72.3555733593079 542.3067084438608 227 163 218
-86.51100905418069 71.68376925034995 543.6854659378422 101 104 173
-84.31981452956899 71.29263615873477 543.734020634284 65 98 170
-83.22979136746031 70.85949026334036 540.6453834204331 43 95 161
-80.83019900846514 70.6886179860856 541.4171568480471 95 149 216
-78.85366527218659 70.38920020742601 540.9132680895619 64 118 185
-76.36516709292563 69.91887985011141 541.7182223805526 68 119 192
-73.71982876349215 69.39151709953967 537.1524601502721 50 119 210
-71.40892068818323 69.03565360613054 537.526088544779 49 121 209
-68.24983371166384 68.2385125161271 534.26736324159 33 91 161
-63.59698853094479 67.70186100462887 535.150876620774 53 103 167
-61.4552560599429 67.23713167183948 534.9813139353677 50 97 162
-61.27397928834449 66.97857441052788 529.7857421348195 56 102 165
-58.94282503272351 66.76417726891417 530.2560525782006 54 100 163
-54.19242469804341 65.81636133623802 531.120629273343 48 96 158
-53.15425446735239 65.5948902566916 528.2417699087215 48 96 156
-46.2120246595303 64.5852835923957 529.1970689431666 49 97 157
-43.44098284104346 64.105692761197 525.2580047039414 49 96 154
-37.47990054832563 63.47115447083428 529.123917299352 50 97 155
-33.213487423061125 62.35354586274977 523.3646842988438 54 98 155
-30.92082579042503 61.95660550516279 523.5481489697328 50 94 151
-30.479835390219392 61.681970950026844 519.3629047359282 47 91 148
-28.169622295812466 61.44752384492939 519.6580113982485 49 93 150
-25.694785735083123 61.059406226088306 520.2677205007442 47 91 148
-23.18664383285726 60.578199534306535 520.905492633525 47 91 148
-22.20782755907956 60.287127871563655 518.0418027522443 45 89 146
-19.85107798255928 60.03995672929761 518.4075009145072 49 93 150
-14.574926209520608 59.120735421528565 515.2836219782928 46 90 147
-12.76270223689375 58.78785002548967 514.3609595156494 41 92 151
-1.7173084052456646 57.0741761245102 514.1372126002441 135 221 255
0.41982430555631267 56.36050607933427 509.0186832730349 47 77 148
3.000114063993076 56.14121687224208 509.80987185906633 44 77 147
13.585588026543416 54.36612539839655 508.4304202885159 232 148 194
17.930088826846845 53.51970393189348 503.4435920378541 235 149 196
33.667860460564185 50.85683258765985 498.7323135964311 234 150 196
82.40316859298207 43.491575860906494 491.0777308751321 220 147 196
-142.70277643114554 83.67370838947328 567.7294249379128 233 153 202
-130.8584904942103 81.84354005479155 564.7858631930288 234 153 207
-119.78636131920521 79.8434853898225 559.0815791287793 237 155 214
-115.79267862124891 79.11983369326443 558.1126076531173 234 158 217
-114.54984608575755 78.20824800328451 548.388386029511 232 161 218
-110.67093964378265 78.05992489461603 553.9731160453262 232 161 218
-108.7960533348942 77.76651876561574 553.1795322891145 233 159 217
-105.97293453070601 77.56751970636711 555.3669434403613 234 158 217
-101.42408604322254 76.42976147011568 549.4980673921687 255 193 252
-98.21353094963459 75.83072551271857 546.3220360752734 235 165 224
-90.33168221816229 74.41994978079485 544.1570680352269 236 162 220
-83.28632749627734 73.3817476110773 545.7375973905528 106 108 174
-82.88401491801432 72.98221191026836 540.7284772565532 40 96 165
-81.34530321984396 72.64851878479197 538.9912087513095 110 168 236
-79.57516218314528 72.41475659006522 537.9731815591263 110 165 252
-76.55919961672195 72.15436403264961 540.3782990672197 112 167 254
-74.81954383717294 71.88668847421451 539.2413076650101 93 159 251
-71.0475819704992 71.02228042312699 537.571666302118 72 144 237
-68.56992246809858 70.71131753162551 538.4056383887593 113 185 255
-69.57888296799395 70.37473561036253 529.8812180339178 50 104 171
-65.95643310423968 69.98294262461515 533.7316499791236 51 103 167
-63.31207374569604 69.73080899283545 535.021191164675 55 103 165
-61.138275171592866 69.52806216434944 535.0788918920069 52 103 164
-59.735179325985584 69.08277906006563 532.9801800858115 52 98 159
-56.33343761756875 68.3527827986484 530.4591528230005 51 97 158
-53.030772817763264 67.95515936006532 533.2990356550882 51 99 161
-52.68510185528936 67.78672163605627 528.677755077434 47 95 155
-50.778973826157745 67.30088699165971 527.896037441888 49 97 157
-48.867202349860364 67.0921619162899 527.2666903004452 50 98 158
-45.5109334429048 66.82804601609796 530.2261632950815 50 98 158
-40.9861889942464 65.68091750598931 525.0400595134319 49 96 154
-37.25293018983651 65.45593352392115 528.85043429698 48 95 153
-37.02704776200127 65.10162649486445 524.019583286965 49 96 154
-30.040394435594436 63.80782313790016 519.6767526750192 49 93 150
-25.441538526946346 63.04584745748266 520.0814829541413 49 93 150
-22.755820532457832 62.68075162723507 521.1784439974335 47 91 148
-20.182533701661402 61.99777124182897 516.8649735551166 46 90 147
-15.221327665294618 61.49167869455401 518.1406134845453 47 91 148
-14.057066994431823 61.27100229874611 515.7767456071143 43 90 146
-10.189504723175789 60.37605011735699 514.3916108283835 64 126 190
-7.646926285613041 60.101850346195505 515.1242381191282 46 118 188
-6.961282439974635 59.91706735441545 511.7441791118331 16 100 186
5.352956278017422 57.72685673404964 509.33704307184644 64 79 146
16.717941648260357 55.94358752096186 504.96663912922327 232 148 194
24.018675774431415 54.54790236262208 501.4291810634042 235 149 196
48.20336343232476 50.67866304186181 495.4609381610279 236 152 198
54.65584335025636 49.32737086589391 490.35374912796186 226 143 186
-140.2656686463977 85.33627966101504 567.5634385226388 221 142 198
-130.59066816991503 83.75147475427383 564.3829854455134 231 153 206
-127.26659893847544 83.53870973557605 568.4469941787323 233 152 206
-121.03737110263543 82.21783183237284 560.8342309369949 235 152 209
-119.43888861492827 81.81511361606861 559.0312056930898 237 154 213
-116.11934028363198 80.8142226744038 555.6851819242853 228 153 214
-113.53078356492139 80.80189905869639 557.3855437137778 235 159 218
-112.07623919574081 80.39469693165708 555.1693214090992 236 162 220
-106.05556481007089 79.43242256581964 553.9232929695464 235 159 218
-101.26612911020791 78.36947308466894 548.8802112939757 229 154 215
-97.60997355486347 78.24150120232109 553.5240169514501 235 160 221
-97.35500255214376 77.77703713964307 547.7934935021913 233 161 221
-89.96245361972385 76.3531422278778 544.1785788297334 236 161 222
-87.25831939067925 76.03163137676572 545.7528625110292 229 164 222
-86.81940373484797 75.58403996023667 540.7790117105674 72 102 173
-83.9425234047268 75.40209661234071 542.9208081866312 69 99 170
-82.33849764474476 75.0368759830959 541.3324486060899 43 94 165
-80.45051761407686 74.53381627174006 540.4569746410367 109 167 237
-78.74049197960308 74.40236043258554 539.3330776636441 114 166 245
-76.61790561757849 74.05488128139004 539.2094346551587 60 114 208
-74.34221151077172 73.81652343631983 539.5676458382462 57 114 207
-66.97086132178748 72.89786048039294 541.8949094082785 40 112 207
-67.5046492233291 72.41488823562828 534.545915363177 39 96 171
-64.95633339881365 71.93288811623205 535.456725253309 50 104 171
-64.32400355192735 71.66934525414278 531.4232412182773 47 98 159
-61.68262235598461 71.3771003275597 532.6776300777403 47 95 155
-59.48014909248505 71.03842508161107 532.7392438559731 47 93 154
-57.21879716279667 70.67413823862857 532.9303058738127 52 98 159
-53.761103194758235 70.04903353864425 530.6116261144429 49 97 157
-52.225933018847336 69.73867292771324 528.9686713932406 49 97 157
-49.012796591435986 69.00447115332169 526.01667850031 46 94 154
-46.01103251342808 68.75479041291221 528.0994217965164 46 94 154
-44.030544599239654 68.45021863299927 527.5851591850959 46 94 154
-38.92066310144124 67.72897541707309 529.3167553707912 47 95 155
-38.48126510026262 67.40029123934728 525.0057386942092 46 94 154
-37.33051243600409 66.92563726598624 522.3965126106472 47 94 152
-34.75187619298196 66.62739197507818 523.3353038261306 50 97 155
-33.688277296176054 66.44158420359801 520.6695654504109 47 94 152
-26.942784668019915 65.32351730939422 520.946127895761 49 93 150
-15.54885927648171 63.356171068520965 516.5913826964972 47 91 148
-13.246316845355752 63.141564354070525 516.826101750423 43 90 146
-10.474658976551886 62.74486569128033 518.0386455466441 44 91 147
1.7121933910189568 60.38161650633719 510.4326604869191 100 147 214
17.853018172297105 57.835172438535565 506.63414193895545 231 150 195
27.336857804909148 56.8484447506375 512.199618406678 232 148 194
-109.57930198891235 82.20668189259479 555.3049591513724 235 159 218
-97.07267386307855 79.7649331178401 547.5944031219383 233 159 217
-94.5499545169064 79.5052051822771 548.7369616848584 232 157 218
-89.05453613181832 78.36906591630577 545.8049907287663 236 161 222
-86.07655799226032 78.18814094588365 548.2483207364216 234 162 222
-85.31312115703597 77.85513583079721 544.2691088261679 199 156 218
-81.96500138219933 77.11061178275352 541.4692117326128 51 97 169
-79.65520482779546 76.78043870109225 541.8791663951272 58 110 185
-76.57037552969149 76.06321652948535 538.4076314525722 66 127 221
-74.34058632041847 75.75864224300342 538.6019735712932 77 138 232
-72.29848980723658 75.42640075885606 538.258285081572 107 171 255
-71.20042593867323 75.20050028028116 535.43503338022 79 147 241
-63.82991597036896 73.77717801167233 531.9015076522348 49 118 189
-61.20263328660224 73.35259316568923 533.0359143264856 74 128 195
-56.40263483538217 72.88402184536352 534.2845350513932 57 113 193
-52.26046172052291 71.88227431481278 533.4947708036987 45 92 150
-48.91015027027734 71.22181891967955 525.5526472853891 135 219 255
-46.511254934481855 70.71109426816955 525.9951388539982 62 116 179
-41.33689381038586 70.19353790683185 528.0285259093356 61 108 173
-40.77953285076535 69.85346425532985 523.9991135882713 68 108 180
-36.42805894971477 69.03585211342327 523.8311170193738 47 95 157
-33.543298274874935 68.91436790107379 525.582436403888 65 105 175
-33.4217985163645 68.50176549456125 520.547138995314 84 103 173
-28.48856776520345 67.67036665856835 521.7336571216849 42 86 145
-25.440061043117023 67.41122463035832 523.7457895134162 42 82 142
-24.126879262656498 67.18546869546826 521.6778338991045 97 137 197
-18.940259310836513 66.08555185645072 518.2529369665473 38 84 145
-18.298238851365035 65.90491146605002 514.7091792744308 116 158 229
-15.699493737792354 65.41518870844611 515.5263162704044 37 80 144
-10.511290251170028 64.87529728446772 517.2691298165778 33 78 146
-10.064235518184548 64.57289599985477 513.2892314167517 45 111 192
5.566892586453422 62.06055043757889 513.2351138289275 83 128 194
12.447330073609116 60.803533491236074 508.7716516083049 225 158 202
21.131730683122413 59.3123372109291 503.48269575185486 255 176 228
23.57402598263909 59.12306062024264 503.91698035133646 234 150 198
36.08018620773424 56.94675121379408 501.6815148202504 223 142 191
-142.76556133442637 90.61525676890484 578.8946554730109 223 143 183
-120.72835207524714 86.19741521855462 559.5312144195982 233 152 204
-109.52203922280727 84.21982290315303 554.4156667497332 237 161 218
-102.75455430677984 82.79602526493322 548.848664349197 235 159 218
-98.44848559794093 82.29063154714675 549.0197150481545 234 158 217
-97.39089874116414 81.69261765881316 545.5865578948756 238 164 222
-95.02737120234775 81.46908356876423 546.3048291724648 233 159 217
-91.15290451156837 80.74989272866328 545.0157779793564 235 160 221
-85.38667042792673 79.84813918722897 543.0849739105951 218 169 230
-80.62578526941185 79.40738596293309 550.3018324961539 192 149 211
-82.34140219168793 79.00748417023078 539.3909899026625 42 91 162
-80.27557285483799 78.78737462517293 539.2144083370706 105 154 225
-78.28523803342165 78.4427216091845 538.7351988470859 119 182 255
-76.34342918360954 78.0301502846151 538.0743258266162 80 144 235
-74.81580529620364 77.66752665499283 536.3209260280896 96 162 252
-73.20177285851214 77.43364843313142 534.8992574222467 44 110 202
-70.66993711420803 77.10727313309229 535.8919793777278 55 121 213
-67.66534401054221 76.29295187822625 532.2470094212474 153 231 255
-65.24883293052073 76.1200267991 533.0037568877281 154 237 255
-63.27001714577769 75.77276653763887 532.4867736067282 74 155 224
-60.824538443180806 75.34029308511329 533.1342275961136 105 165 253
-55.27918194194329 74.47511651818427 530.6456526964162 63 121 189
-52.414869588067276 73.65720380733164 526.7495645300038 54 130 194
-50.173751120838254 73.45172101857169 526.9720070268543 136 226 255
-45.25133678185542 72.6459141299895 528.2685417600386 128 194 255
-44.56123418847891 72.34954588491048 524.5671594685392 63 110 177
-42.73476287472887 72.09060674486548 523.714822451558 43 90 155
-39.638917109909805 71.82818289972329 525.9672745905167 55 102 167
-38.463459261985236 71.35227920360589 523.4079990303882 60 100 172
-37.14817112045094 70.99841026065658 521.269431872284 90 120 193
-34.87194901778059 70.76406239401683 521.5152313836976 82 98 174
-32.74742679871257 70.47024780111614 521.3589351113268 79 91 163
-30.46289693063619 70.03791171862964 521.5114770778339 94 107 176
-21.730075460330124 68.37668135248529 516.1439116677018 83 133 201
-18.877687729085842 68.09417612740762 517.6467430208244 81 121 191
-15.494056754861484 67.40277449255586 515.2471570058115 88 128 200
-14.140985556978759 67.01113036853471 513.2706986679809 98 145 228
-11.728126582828054 66.74551080588523 513.7433251775951 57 117 203
-9.063460960233188 66.5271288276096 514.7859504173069 52 111 194
-7.209472714142187 65.99216493903815 513.8790302588694 53 133 225
-6.808758668958005 65.75046581642104 509.8727704788019 59 136 229
-4.247063844459211 65.49192521113348 510.65314292083156 100 173 255
8.736224669761667 63.101304102965045 504.96842296515393 218 148 196
18.732058056400057 61.518629783659456 502.47617277715386 223 139 189
21.760136344395157 61.17377777155829 504.07812417285805 223 139 189
23.079386161913856 61.18467924605378 502.2792101427386 233 149 195
-111.40430640785857 86.52150165850314 554.1131094917855 235 156 214
-104.85761159638426 85.09029530735258 547.8973304815928 233 157 216
-102.06523457441196 84.81169479474535 549.8863229532977 235 159 218
-92.38137729522269 83.08819316576509 546.6950199941874 234 160 218
-89.24301583670041 82.46013991531278 543.3676727549437 244 173 228
-87.26636863208157 82.10655531003216 542.8450250966772 231 162 218
-83.17962850606281 81.54198697256572 542.2757974846492 86 112 182
-81.81083875748317 81.08965952307939 539.9797112044511 53 100 169
-79.84904038068986 80.71862972880143 539.4039518024299 82 124 195
-77.72547306634858 80.37014859605907 539.2878167543342 56 108 185
-75.05795494690564 80.11073027832718 540.7121543752878 55 107 184
-74.61629543655523 79.7979733741721 536.0330582832948 96 165 255
-72.14286972562876 79.40415079207216 536.8264351876993 49 114 209
-68.1078350435366 78.84747446865089 536.0850406969589 107 171 255
-64.70572899822784 78.04601497069856 533.5017311761285 70 156 235
-62.367469938271036 77.71013476076753 533.930790202577 18 101 176
-59.905253245194025 77.49980632528437 534.7465948832008 32 111 190
-60.226827358715475 77.04980716532302 528.196056827896 41 96 170
-57.33043553424404 76.69744279901673 530.0496940044399 46 102 171
-55.68977988340111 76.40423087037107 528.6978587449656 45 103 171
-52.03194348265547 75.81156050148422 526.9639912054387 55 128 216
-45.1753134576974 74.77069527601202 527.6933687017076 127 190 255
-44.271504427307065 74.45305395832193 524.5193489277259 47 93 167
-42.00456260472025 74.07483586033018 524.6878518634686 50 92 161
-37.71252442867958 73.50364522487692 524.5050156195477 72 105 179
-36.36572889417163 73.15853724611696 522.4433741604921 51 83 160
-32.157217172567634 72.41529596966714 521.9553608295943 68 88 169
-29.11471336396173 72.11169450279806 523.9637350849347 76 92 170
-24.14346337043754 71.06420672491173 520.0446651848524 76 115 180
-22.399281110935565 70.84719643999097 519.0145037517689 58 104 178
-13.803242808638094 69.46560210494695 518.3744081334205 126 165 242
-13.606387981067341 69.18250201177398 513.8182088995169 106 149 231
-12.093111080289276 68.71523522432672 512.1824729680757 54 112 200
-7.019485736356313 68.19780731787141 513.6627473097163 89 161 255
-1.1053664643324408 67.09985695917959 511.92888735108016 70 125 212
1.5813473785271788 66.78996828699064 512.9263387379918 43 98 185
6.340405309894375 65.75777172403393 508.70559768264604 49 85 151
17.096166492373204 64.10345381978289 507.72921126412683 230 146 194
23.893510977204993 62.90933429548727 503.20490422273207 233 149 197
-110.38125987054515 87.65314862300625 542.9755887079688 232 156 213
-104.64961577263753 87.20820249049461 547.601747336504 233 157 214
-102.20226864173418 86.76648977534774 548.4097512333311 230 154 213
-101.32974368785494 86.3905531347777 544.6146722369053 233 157 216
-94.250653729317 85.4089125088126 546.5092958675777 236 165 222
-92.78637950306911 85.09071555441142 544.5385184019208 234 163 220
-89.16049881409793 84.79267974583037 548.7815623537962 233 162 219
-88.00928020153384 84.0558452028398 545.5878505413567 234 162 222
-86.98374379528356 84.02972208035027 542.6167450754324 223 174 235
-85.86921454680757 83.62219755805853 539.63297313518 85 111 181
-83.48397455822973 83.43180918421066 540.389041800461 49 94 164
-81.4541925145637 83.07486966295052 540.0144532447576 51 96 164
-79.29552283952144 82.6930033797498 539.9733649442925 95 135 205
-78.6944900331424 82.22515972671509 535.5965624751533 56 113 188
-76.02349104083316 82.07287703874323 537.125919871481 54 109 185
-71.92211969225016 81.36107868606814 536.479688456933 95 161 251
-68.50396412873927 80.7453875594667 534.0652628181979 86 158 248
-63.840110806121615 79.99212793181832 534.8566941499741 76 165 241
-64.01423948000618 79.56002640304531 528.6551133437001 104 176 255
-58.528999469878585 79.34676670112731 537.3468218634594 18 101 176
-56.38971588173156 78.39415380127048 531.4270787632804 73 131 199
-48.98013834811231 76.80310524269484 522.6709425199178 48 105 178
-46.098842176445494 76.73653025882687 524.5604762403782 117 177 249
-43.89411579876651 76.3858844506449 524.5981988683867 63 97 173
-41.595765506268556 76.00650282523156 524.8417755563108 57 95 167
-40.895091953654735 75.68935987781745 521.2160317987269 69 97 173
-33.6350764961534 74.68233013229815 522.8602385108279 66 95 175
-32.59688004151379 74.41858935356613 520.1253469698479 66 87 165
-28.398549844103393 74.0128051944345 524.8271848372534 69 87 166
-25.79381673170037 73.32623510882931 520.5471384292683 95 126 194
-15.138669518413284 71.41402015560878 514.5832545488906 35 89 183
-10.867032474092765 70.68231087121825 514.1932833806991 41 96 183
2.150919231058069 68.41548091396933 508.6070734064987 104 150 224
-108.73322583293579 90.27229141445514 553.6825033119634 222 151 208
-103.6050307245094 89.19678358461925 549.6815042788298 232 158 216
-101.76833382701936 88.94377063572541 548.8418894250652 232 158 216
-100.66472947180068 88.47679284660158 545.6474259378148 255 224 255
-93.97640913841077 87.50030591781325 546.3869809986045 234 159 220
-92.81297198858856 87.1565554076003 543.5373125213292 235 160 221
-90.73441257843093 86.77466382862363 543.290246856188 229 157 217
-88.67484145887487 86.47501195929748 543.0533521259495 232 161 218
-88.00470662774256 86.3084057278695 539.0114232877693 223 169 228
-83.18883702640558 85.44128715517228 540.2728264286453 45 87 156
-71.66782297704292 83.43265938679012 536.3057589133847 72 144 232
-63.78786270250675 82.20769755730535 534.2527209798062 22 118 198
-63.1280782185813 81.77841334482562 530.2390268828215 29 103 184
-56.38135712266342 81.11525212207036 531.0379417773869 120 184 255
-55.76920956507257 80.46314838595643 526.8383475219804 31 95 166
-53.06605175786325 80.15802562952828 528.19124669054 31 109 186
-47.30645472059862 79.19390658081183 526.2369394918691 118 165 248
-48.16095206738766 79.22743477868462 518.9434806974077 76 114 194
-46.747934076435484 78.13083268890273 516.6290485014089 98 121 196
-43.893128096745386 78.00252430180664 518.4141595249026 97 120 195
-40.8117220189013 77.67771051899379 520.6150923874408 92 115 190
-38.41980813529082 77.32610351005403 521.1025876831936 58 83 158
-32.24729344794187 76.52761145565125 520.2350059664969 60 88 164
-28.31849667569978 75.7967380288156 519.0929203764535 90 123 197
-23.604360640046423 75.79846866618347 525.1355730406249 59 94 167
-25.358191071509452 75.14997452271551 515.7364499464351 55 106 192
-18.731286101026956 74.01018494310692 510.8291689808076 18 87 176
-12.856843649782006 73.15160038018287 514.0362731495353 95 161 251
-9.724341139276506 72.4897426960112 511.13273819538523 69 140 233
-2.233713958761529 71.22706231988026 508.11675729255404 93 136 216
14.019560151926207 68.61485300177067 504.73154569969057 229 145 195
20.896329097252387 67.22415182294039 500.3797244139261 229 145 193
41.15793319877804 63.83746699575055 491.4841988678643 228 143 187
44.39551972389811 63.61031240381131 493.4006787614667 228 143 187
49.80311792483925 62.49687614779951 490.67137450100876 227 142 186
66.47349057112747 59.736826415341646 487.6632117064266 232 144 189
-126.03656068549428 95.11968548690005 558.4410297453021 255 182 241
-114.38893292283034 93.14315811301634 554.8379633447767 229 153 210
-112.34738123013425 92.87815681423369 554.6086104602799 230 159 214
-110.97791179454806 92.44603515969618 552.1531876838256 255 204 255
-106.76528138158622 91.82338393796908 551.9855809225909 228 151 213
-102.07447273965604 90.80990957622694 546.7984450635507 233 159 217
-92.18402773160719 89.0585071446312 544.2770715125396 235 160 221
-90.41898846140587 88.71245634928157 543.1653468636421 230 158 218
-83.08340342518844 87.34729868982726 539.5501073410898 48 88 156
-74.83583807080248 86.26846345796031 538.6629333154185 78 127 182
-67.11971353978358 84.21217771380184 530.0991207879425 39 135 215
-61.77687097220124 83.73115656660785 532.8539205678941 30 123 184
-59.7171612460852 83.00196989859201 526.9177312905108 132 209 255
-57.245808679457355 82.78155049415244 527.7622837073084 149 244 255
-54.84993305572925 82.34324708236015 528.2579158313878 33 104 165
-48.94372119108412 81.36138831677684 526.6758007314511 76 133 210
-47.376412378659 81.01879386437476 525.1395361831492 56 92 174
-47.45711636292797 80.71481214492273 519.5704545585844 94 114 197
-45.41210027310603 80.26124502281365 519.1837378737457 74 90 170
-41.547356415939596 80.0840033348865 523.3896147277434 71 87 167
-39.73968262713551 79.67513843795071 522.4206446115254 74 92 169
-37.83867079179998 79.19943650327383 521.6453484893633 61 86 161
-36.517329466369354 78.88358634865433 519.5668052914773 83 107 187
-31.711086543488264 78.41508844438253 520.6723917919427 60 88 164
-29.828714563856792 78.0219628216397 519.8927966704574 104 134 209
-28.131418588743312 77.80219821815844 518.7695646920139 63 104 180
-26.83411129835485 77.46545592904684 516.6574923416576 72 133 216
-18.240834023245053 76.0938028678049 516.1196248197432 40 93 181
-16.43308473279253 75.75089686868861 515.1970081326192 101 167 255
-14.06001640723347 75.0242490675582 510.54994323603324 63 129 219
-11.635822731720094 74.83771410083591 511.0981094733156 39 108 199
-9.112518236178742 74.41048676925729 511.7437352327811 75 144 235
-6.881161217277274 74.04045311039032 511.75618308919456 78 149 242
1.7442181234322534 72.39838825712548 506.34662923940454 53 102 175
3.964691832176269 72.14528006239576 506.36827979906843 40 78 146
9.403968940599624 71.78898692277846 508.56776123495797 66 75 139
17.348160816043883 70.57740054176539 506.4485434574953 226 146 195
19.80958138647451 69.47911064114018 502.0811942700598 234 150 198
48.500508377041506 64.93567389399826 496.21582569783 227 142 186
-116.20477833302121 95.46872907713279 554.7506770081037 231 153 204
-113.9395070598013 95.21407605727241 555.228780073039 229 150 206
-111.90022724863812 94.41950098003342 548.2836786960045 229 153 208
-97.08821416964125 92.21131250563342 547.8909465912484 227 152 213
-96.84565655174538 91.60590653369663 542.132096499925 232 160 220
-94.28825265554985 91.3696349713225 543.4102063913168 232 160 220
-88.78666713785651 90.51020747918012 540.8545371513077 229 155 211
-74.80446309785937 87.79015203203559 531.9137426107029 31 85 148
-67.4090966787889 86.78434173421132 534.3274387865035 107 170 252
-69.46099923691254 86.2650600017563 523.1277796379883 30 84 147
-64.26086834130633 85.96802240869111 531.1055754958516 156 241 255
-59.799352395408725 85.52170423019021 531.5637715768452 148 214 255
-58.682066818686984 85.15338407061462 528.8260672209304 85 142 206
-54.84239530037008 84.35529325996485 527.445101245942 89 179 225
-51.826179173659135 84.31008736501309 529.7445365713979 75 146 205
-49.11412651721896 83.37142455096506 525.434507320234 54 109 183
-44.91503251540055 82.88175722003884 525.1292437384994 61 101 180
-43.560876085959386 82.45422944388976 523.0323434300191 85 113 196
-41.37521384543616 82.06919877021826 523.0008571009324 80 91 170
-39.026583215772455 81.68868812644868 523.359829193799 82 91 171
-37.13047195225575 81.39287441905158 522.6664373935461 85 96 175
-35.507497236473306 81.12457903625635 521.334671107143 69 85 161
-34.17943396829389 80.63002289204722 519.1829154371111 64 89 164
-32.25263584616775 80.4350457190934 518.627799770259 49 84 157
-29.70625712605479 80.150885325294 519.4808491431775 57 98 172
-28.66980551784905 79.84621469369944 516.7715410428801 86 141 215
-24.09606314478719 79.01444347457844 517.0923524738546 63 129 221
-21.63055787804712 78.80991757047204 517.7585075770379 32 101 192
-21.708415557121878 78.77769852529792 512.6763807318218 15 79 152
-19.06619015484521 77.97692339895092 513.443718537676 66 132 224
-13.965312198423266 77.58535583486974 515.1224307694118 93 159 249
-12.925664681027289 77.20328159896196 512.4599644626097 83 158 252
-8.46732710051215 76.36220156160073 512.439991906052 47 111 202
-6.464256941153224 76.14274212265065 512.0127565858841 109 175 255
-6.3714460700207365 75.72623841061868 507.3011647732296 122 172 255
-3.29072312803137 75.33218661894485 509.16542610878065 48 98 187
1.140128956925227 74.8879207184703 509.2243547615411 108 166 254
2.4612430756003856 74.54186040457314 507.2663681420118 105 162 239
8.833326736927534 73.52654868991395 506.5766015000312 123 85 145
7.570616043855276 73.10671350277133 499.17451912251744 226 146 195
14.1036417202509 72.48397436006596 503.53739163216164 227 147 196
16.131015296249963 72.30832602754303 503.1601618975449 227 147 196
17.52561369209366 71.88942040693712 501.377715085025 228 146 198
24.25423938830335 70.86019494662405 501.3548417096667 234 150 200
-122.96771521244672 98.78629204491199 559.1982360380982 225 147 198
-110.46930015488073 96.50906280899079 551.673813362123 228 153 205
-102.96749868374515 95.19762877643487 548.5238137559221 229 153 208
-100.31943026623001 94.81845892833663 549.9488534943077 231 157 213
-99.90141926216555 94.32325901440905 544.7498863518481 229 155 211
-96.64944861690711 93.31153982865277 541.4580473129591 232 160 220
-92.29091913496099 93.06822058536162 542.0469224373524 227 153 209
-88.06334958779205 92.45197127973165 541.8872794626968 229 155 211
-85.32158413879807 91.5025482430596 537.2963359745199 83 101 167
-82.77374141533754 91.40198694223302 538.5868770237701 59 98 163
-75.68523548166884 90.08898130056943 534.4221072290869 57 94 153
-63.795611754182296 87.80865979319432 531.3393752905612 101 179 234
-55.71860750571015 86.70200123387743 529.9115942218372 92 155 212
-43.53606706937327 84.41094591280068 522.2683524103757 37 76 151
-40.69542602585495 84.0316715227866 523.8335293933133 79 108 186
-39.764687645491875 83.61935123563087 520.7444727368214 103 119 197
-37.8058985416687 83.38936941304404 520.2559247713652 94 118 188
-36.08382109761689 82.84124011946486 519.0190332124441 85 114 192
-33.15095449363031 82.60107439159604 520.8359167751044 85 114 192
-30.098747619598726 82.04834013859468 517.7388080778702 68 114 188
-27.783786836554413 81.77739370920234 518.049302620051 67 113 187
-24.838083831914048 81.3667648398919 519.7389167775659 105 160 234
-24.916121551877637 80.9168742457378 514.3971592933894 43 112 201
-18.62957743000404 80.00459726494572 513.7179491422827 76 140 229
-17.508664772845822 79.66148291582138 511.2579411103059 65 127 214
-14.895568341449914 79.42638221805177 512.2259903232758 54 119 205
-9.891218423838245 78.71403006888754 513.4976394141715 74 146 239
42.917780207991825 69.31027114640297 488.69008976779224 220 139 184
74.14886390086869 65.02216111054918 491.5686329061756 226 141 185
-107.73041620759548 98.22211137882238 552.4851631378599 229 151 204
-104.64469809629324 97.38422929973127 548.7390607714749 227 151 206
-97.00966914050704 96.16123946718551 546.0975682122372 228 154 210
-97.01377364654992 95.46315038715443 539.5826543120463 232 158 214
-92.7841114165045 95.55015157773076 545.9335205219764 228 154 210
-90.21548727881202 94.63444628307879 540.7998692012371 229 155 209
-87.79905119675365 94.39818026807289 541.6339518518661 227 153 207
-85.65290434891295 94.12986131001219 541.6691793390988 225 161 214
-84.75888348362426 93.85063866187173 538.2278577274154 215 151 202
-80.45734616208914 93.05908620008064 538.0993742088317 79 83 147
-78.15198803617515 92.95419206162397 538.6905664193449 137 111 167
-74.89515514290369 91.99850955482077 535.5772248361577 57 92 154
-73.21210090832176 91.67455997745668 534.3078177693924 52 84 145
-69.5248352091107 89.92995188204185 521.0300332557126 58 90 151
-63.400584527911164 90.02789178449534 531.6559484822576 49 89 149
-62.35029329232167 89.73464470194851 528.7965856626462 58 83 146
-55.47650699690831 88.74943579898658 529.7170885083099 52 94 154
-54.608023145788486 88.61866900650396 526.5565743792234 169 137 188
-51.69655266032077 88.34642838896421 528.4387971609617 88 79 138
-50.53227731065052 87.66023595311577 525.6637178856625 42 88 151
-48.13287237543134 87.39254623953295 526.2500883826658 53 92 155
-47.21459747339614 87.0768218644191 523.1440478537211 65 81 141
-44.55019419253923 86.68058123133164 524.2890850574499 54 86 147
-34.74522541134603 85.29041050718257 526.7505654943636 96 109 188
-32.603685078755504 84.77633560440643 521.4585154734222 49 85 151
-32.95466830543966 84.35070552665084 515.3981787394782 52 84 147
-24.71208555860752 83.46883371892751 519.3307035968779 41 86 152
-24.65448862492173 83.21066687217059 514.4169726248555 48 89 152
-16.666298918629604 81.76369297972249 512.489702054583 41 86 152
-12.296868410168305 81.06942220343943 512.3670485126132 64 117 189
-9.556838315853266 80.74553873752343 513.5406200137066 103 169 250
-8.344570202120922 80.60064378475894 511.4073334372418 55 90 152
-1.9162517756171644 79.12606983233101 506.006873024623 31 77 149
0.8312138067323458 78.67272659201821 507.09065495719113 110 169 250
2.858454763780888 78.40459725089363 506.69748132048693 65 116 189
6.201941811549265 78.01791695630872 504.4619886794244 69 78 140
9.814806685740502 77.96240498844756 507.5074036489105 80 63 120
13.204789640402694 76.9567869944387 505.0743975813693 222 150 196
13.941448455546947 76.48957671144142 501.89505072527027 227 147 196
22.14115791676762 75.2487994966196 500.3769204038769 225 141 191
37.38174455168909 72.67997257805821 494.88688979193455 228 144 194
-118.84600955766302 102.0964968209546 556.5339520804762 227 149 202
-110.26471917329039 100.41460886215862 550.1292524814866 229 151 204
-100.65874919167103 98.7765498601859 546.9250175805124 228 152 207
-95.53516432569062 98.2410986919955 549.4347949444945 226 150 205
-95.92539401225527 97.5560931045376 541.824487795088 227 151 206
-93.73616971312033 97.41301133798665 542.1381134073304 227 151 206
-89.15985467268166 96.69258318491597 542.870181972106 229 155 209
-81.70787349340569 95.35236579522343 539.6265565537208 175 143 194
-78.83082628636373 94.70714303807105 535.737727578582 216 170 221
-76.81340245550192 94.32451785796489 535.321856953098 189 157 212
-74.03806603741259 93.9158046119314 536.9106020630373 60 83 145
-65.92548443726866 92.7249988205737 535.5421380586982 89 79 136
-66.10007676728955 92.32007424511029 529.3844870568624 215 168 217
-63.405978158845926 92.0626776906848 530.8114044063523 190 150 204
-61.73611955506415 91.68539917805253 529.4938622209753 140 111 168
-58.89482774458784 91.28154770753369 531.1577500090913 59 79 142
-58.240823527706695 90.89621487390458 527.2529230763845 60 75 132
-56.027158753114335 90.67282625301387 527.43737811847 149 128 182
-53.75708908101816 90.46349419274824 527.7630631595842 169 137 188
-51.00247205822628 90.18250927242711 529.2365071302411 195 154 204
-50.88308112964058 89.60930122858196 523.9437847084926 82 73 130
-48.59168770679244 89.40276759208453 524.3125789393883 188 153 205
-43.97566570189544 88.63649150376864 524.8643881411521 64 80 140
-38.34831105028637 87.84241303064003 522.7211652261169 166 131 183
-36.07910644094217 87.43166738145939 522.855929845308 59 73 133
-35.63904136611669 86.92817985488222 518.5816493766318 64 78 140
-33.1902873823449 86.74742101028701 519.2851739125741 70 75 136
-31.484911438906508 86.37212196417475 518.111499281386 76 74 133
-29.160186151570414 85.97231173965567 518.3775057765124 55 87 150
-28.1614478165856 85.58020894548136 515.5550888028364 55 82 145
-25.79757284376049 85.3957245800914 516.0285634116176 59 83 142
-23.44900028151632 85.15680339353852 516.4238285774111 80 74 132
-19.009949351468872 84.76241497507648 521.5039934439219 44 88 147
-20.6438341918617 84.4593723277906 512.752414715321 80 70 129
-17.939887490578847 84.11367272159065 513.8822548936524 54 75 135
-16.199321076114728 83.6993127210144 512.787841631123 54 81 144
-13.82990576867744 83.32605476201546 513.1283935228822 45 86 151
-13.052981348641422 82.927885674263 509.89752842579037 54 91 152
-11.097641736328443 82.70567247429648 509.3932981167182 51 78 141
-8.26652601883647 82.49589879635887 510.824135313096 54 81 144
-5.206532413642302 82.06866029123009 512.6265908094814 30 80 148
-2.9881310125409417 81.41070236686555 507.78158727939353 43 84 147
5.036916661031962 80.1395408421784 505.9521086907683 65 81 143
7.300926431576124 79.86848378067374 506.0548380645857 80 70 132
9.694367050552765 79.42555937670257 506.34446480382064 93 69 128
10.260615422424424 79.04347252218847 502.8257198797593 222 150 196
12.418522611463171 78.80569567047243 502.7142722408134 225 145 194
22.45976104137382 77.21961773449154 500.3790821435706 230 146 194
37.488233868489374 74.55545805818198 494.4470713882196 230 146 196
40.99293352664455 73.9844968608734 492.51502545661975 228 144 192
-105.61749707721046 101.8255013958381 550.2923187917174 228 150 203
-103.27371974274061 101.54524567545751 550.9312536464178 231 153 206
-100.86418263294281 100.75466028546835 545.3280017394528 229 153 208
-88.30676571072446 98.39035389727339 538.3488990211314 227 151 206
-85.83905945794876 98.09435347738948 539.2643706543472 228 153 205
-84.06516327014963 97.69781541464063 538.1659057279098 228 153 205
-81.48784864343486 97.54879710889854 539.4872157709892 230 155 207
-80.68701926512827 97.1088049082032 535.7075040349512 229 154 204
-78.3636053697221 96.76439876815287 536.1526266809635 229 156 205
-72.77011063695393 95.72495696960988 533.7599823489783 223 148 200
-71.06015395209623 95.37458703329682 532.5551049132806 227 152 202
-65.72408161057977 94.36365243585259 529.5424439304453 226 154 200
-63.22109633436622 94.09372941178873 530.4623108329714 227 155 201
-61.01993795942615 93.67356123583339 530.4766645804699 220 154 203
-58.28389177779898 93.33655153846274 531.9088292789809 215 168 217
-56.04884382213241 92.67565776097167 526.5587321201216 227 154 203
-54.56080886694929 92.31928390539645 524.8263947077819 226 152 199
-51.365146827059974 92.27429645071825 527.5787610197773 226 152 199
-50.23381075189359 91.69349311250562 524.8026524495652 222 153 198
-45.979008026607374 90.97629903053345 524.5102922841891 209 170 219
-43.54131755016897 90.67671449662761 525.1501571352959 213 168 216
-40.684515710404305 90.0732262244076 521.5191366534032 220 157 203
-36.61121845256445 89.43629555858467 520.8135895636233 220 168 215
-32.81600344604776 88.6739755991453 519.3609919341566 190 156 205
-30.81000052164281 88.33479746333141 518.9152946251992 208 167 217
-27.978774803696382 88.03540410926641 520.4148915516112 143 115 169
-27.40342125762439 87.74673727449616 516.6641171743537 221 167 212
-25.504494813610627 87.34446519868412 515.9340766348704 210 170 217
-23.290852931452005 87.06042633601525 515.9942364387942 157 127 180
-21.426269524446734 86.78236718233502 515.2526575231614 218 164 209
-19.941831170261658 86.48381785815937 513.6367965457036 225 164 209
-17.693914808350083 86.07682340023818 513.6949354859183 172 140 191
-15.488435092043229 85.67651517383557 513.6546505373019 102 88 144
-12.23318382409136 85.54006560209281 516.094071217861 191 157 206
-10.475004180008666 84.72588293734836 510.07935379812545 210 165 211
-8.818009030717183 84.41733460779689 508.87080911531405 222 172 218
-2.74796608266868 83.39150857121544 507.6071238418615 137 112 163
-0.6245693359532108 83.05769370228522 507.39993166499715 88 74 128
1.9417077102917408 82.69429049133306 508.1232541463513 75 69 127
4.497117332696828 82.02713860612349 504.0852952617947 98 68 121
6.670789405433467 81.76144912965032 504.00945390463045 133 83 133
14.84203555783246 80.39236196250917 502.4222025605888 226 146 193
18.447623532427702 80.11843789013915 505.2649063235213 226 146 195
20.201211491982676 79.42462179884468 499.65778159549114 228 147 194
24.55695893883289 78.8506759052174 499.43521139493237 228 144 192
33.22046169760364 77.22979186449054 494.31866398234325 227 143 191
39.966428324346666 76.23486564309088 494.2804096584102 229 145 193
41.3387808374789 75.94903119119563 492.57963885088014 228 144 192
-105.76546417904169 103.59063045509414 548.598945997726 228 150 203
-103.75527314695898 103.43678578928778 548.4120427556189 229 150 206
-90.50619721596499 100.6249259900007 542.858978177345 228 152 207
-87.9158321425613 100.10588891496248 538.2449775711952 229 154 206
-85.24792353458407 99.97032996364531 539.8580317373445 226 150 205
-84.83342582905982 99.49075379163028 534.9661266745895 226 151 203
-81.83325364197235 99.30395569271494 537.4182023833464 228 153 205
-79.51116695331972 99.12946930652517 538.0111961874793 229 154 204
-76.93124754735246 98.83061495866028 539.1693746920126 229 154 204
-73.51164726963188 98.47514903509467 542.5004233153554 224 154 202
-72.50978773699178 98.2959343632545 539.515147120774 228 153 203
-72.51987310778566 97.61953175737598 533.4602681857373 228 153 203
-68.89617846198416 96.93502560356904 531.6115374328322 227 153 200
-63.31795115253115 95.96107341218067 529.2665933264766 230 156 203
-62.505768908777966 95.2444659418539 525.51851825932 229 159 207
-57.52538059313913 94.96622671949106 527.4556097628907 230 156 203
-55.567628794611714 94.57419092032318 526.8735816309252 227 155 201
-53.89636901299696 94.3048449880536 525.6636985374433 229 152 200
-47.57114089703308 93.29286360813164 525.1444383542116 223 154 199
-46.61513900843351 92.90460567555098 522.1104254908844 227 153 200
-44.01924701476667 92.64666546805532 523.1738642086747 226 152 199
-40.06323671664971 91.9359699011487 522.1448399917125 223 155 202
-39.26360274998164 91.54321778876081 518.7873279978351 226 154 200
-32.17514267247673 90.63943114465475 520.0868474550416 221 160 207
-31.79464991179386 89.7298421013751 510.5990929542849 225 153 199
-27.339937478302865 89.63430288811824 516.0016040987149 222 150 196
-25.20252012880447 89.2465787767737 515.8336497755239 216 162 207
-19.051893801569797 88.47398273304975 514.9252485881211 224 152 196
-16.548936387636566 88.11816652263907 515.5783007206716 225 158 202
-13.09583392375411 87.62465679113436 518.2734647744727 87 74 134
-9.357418312874973 87.61699871753041 521.8313981371095 219 169 217
-7.889736168902125 86.84515185568952 515.1480483393093 221 163 209
-2.0005426506098676 85.37484965374067 508.5319663895876 218 163 203
-1.3862065377968031 84.93454585555197 505.02204201430493 221 163 209
6.202682688342659 83.61847894569092 502.2956583916907 216 155 202
50.211174621677834 77.00016254683419 495.9647164043928 228 144 192
-92.42520533688979 103.42897699317489 543.0175842256587 228 154 208
-89.14660023842879 102.68394102503679 540.0967432193439 227 151 206
-89.75552965977245 102.15104123684281 532.3017565621375 229 158 213
-84.63842721575129 101.60326747390454 534.7065255985002 217 147 197
-81.84994364950303 101.28105324910494 536.4530569393487 223 152 205
-79.62014426328643 101.01351610495016 536.7174454382756 226 151 201
-77.31012891114504 100.79894282047873 537.2328332775052 226 151 201
-76.20936655048227 100.37220222313339 534.3249008509061 229 151 202
-74.32063133255551 99.96403645990578 533.5456653337783 227 152 202
-69.32866675314523 98.97159955997235 529.6607809486862 228 155 204
-62.81095684800309 97.97168133953667 529.7352261934576 229 152 200
-57.40307281437552 96.93898432604179 526.9209431273899 220 145 197
-55.436390276338685 96.81111665822105 526.5630731794039 220 142 193
-53.641245557731686 96.30357059067522 525.488084569274 231 154 202
-51.869128729038124 95.98502976012517 524.50186459315 228 151 199
-48.8833714852715 95.6140618692931 526.470020449383 228 151 199
-47.16916246986554 95.43441364830682 525.4303861228823 230 150 197
-46.53301338969299 95.02146621437372 521.6042161309591 231 162 214
-42.50388867419938 94.64519897144189 526.0580139107933 225 148 196
-32.04602553902967 92.77389467203788 519.71581486276 224 147 195
-31.33269585019962 92.35895861126515 516.2049178862154 235 158 206
-27.980649869909982 92.56733381411672 519.2440970629532 255 215 255
-28.524064346140825 91.61356594739165 512.516351585475 231 151 200
-24.62455041732535 91.41148383877942 516.5225022716342 230 150 199
-23.82088388966499 91.0369432193653 513.3050139932118 231 151 200
-21.551736956703408 90.64059065827828 513.4310817958955 229 152 198
-19.843095626496282 90.28597556042754 512.3065598062047 225 151 196
-16.29366928584064 89.71969765250938 510.44729942723177 225 151 196
-14.003379341573675 89.34050901830757 510.6144122128107 227 153 198
-13.55638105357642 89.27170146925901 506.8671475513009 227 150 196
-9.404743852265181 89.0967647400182 511.2468938967389 229 149 196
-8.921443135003209 88.37931928183419 507.2406317694794 224 147 193
-2.281136579416031 87.36136279021102 507.2376850322179 223 149 192
-0.8907229689523802 87.09298544978594 505.4924865702802 225 148 192
3.2936508781706366 86.3769301490633 504.92509707019957 223 146 192
6.291915169304212 85.74090346498251 501.8862203775848 222 148 193
13.885326389523236 84.85039143439003 503.8320860461704 222 145 191
14.618176923631609 84.42563326720575 500.6874390413326 226 146 193
20.464698428451072 84.11166256454347 503.6578307890283 227 147 194
24.349254907693258 83.52113799523181 506.8636899675601 225 145 192
22.134150730197895 83.3299194177569 497.8870976093752 223 143 190
29.744502799995356 81.80777912111598 495.08580893889285 227 146 193
36.56237751732267 80.8537483867961 495.23322548293487 227 146 193
49.35813382237017 78.81401222431168 489.5230047449164 226 142 190
52.95941794608937 78.54448020444903 492.0522739300202 226 142 190
-109.23235606299863 108.25704365245223 548.9903102304086 207 133 187
-100.16141065441924 106.69091281996059 544.3924851668339 225 150 202
-98.32936498506429 106.3556222757968 543.5068214998371 220 146 200
-92.97239913167932 105.30452071815455 540.4287674803107 227 152 204
-90.8206501576384 105.0159930739766 540.4907529976728 228 150 203
-87.79929312128927 104.81046797345363 543.0268477127688 228 150 203
-88.2479335715973 104.11086106859149 535.5129500568312 221 147 203
-85.24714526427942 104.008197920767 538.0765738975069 220 141 199
-81.65418964941739 103.23504264377169 536.0477763911907 226 156 206
-80.13185481698824 102.82208098373582 534.2808784442751 229 151 202
-78.0448977886917 102.6199325890651 534.2256908537298 231 151 200
-76.17494526586756 102.20111255113927 533.3911796625639 232 152 201
-74.02954038323037 101.91012800892022 533.3994687977803 217 140 188
-66.53108657863984 100.57354476001942 530.4114655581461 233 153 202
-62.65069465117457 99.95516589497352 529.2965650076412 230 153 201
-60.776506508061985 99.65775905156933 528.5784861240902 228 151 199
-58.84492900597945 99.23282455228173 527.9048496918816 255 228 255
-58.37172671969235 98.80344322951478 523.5688396063717 226 152 199
-55.60729804729557 98.62106941316846 525.1811961723846 230 153 201
-53.713581706702534 98.19473976578757 524.4217385951472 230 153 201
-51.323976937433365 97.9228727820953 525.0028430547629 231 151 200
-49.56088588228986 97.39426846753997 523.846136630636 230 150 197
-47.77559669498511 97.30510952483769 523.0626579568435 222 142 191
-40.465276192225005 95.96683157924804 519.6550871039262 231 151 198
-38.51934336843397 95.5931802454626 519.0625943014315 231 150 197
-35.05414214717306 94.82414142244086 516.8587768935218 234 157 203
-30.770312925444852 94.29559710963876 516.7314875754612 241 169 213
-28.293027089280113 93.90716022966473 517.3558045138766 224 147 195
-27.87905689187534 93.48834697081652 513.1968590222112 232 152 201
-25.490640342846916 93.32292047475904 513.7519794811241 229 149 198
-23.157917323211954 93.03346017360292 514.0911070413781 229 149 198
-21.153225177609706 92.55943574001802 513.5658105833832 221 143 194
-19.898606385394633 92.16873493202849 511.39788074987257 222 147 197
-17.676632882111143 91.95106314754693 511.5151165284061 227 151 208
-13.330048230214652 91.24849818559694 511.35571633043736 232 155 201
-12.663255541076746 91.01594024963975 508.0057498281338 226 146 193
-9.915583797483837 90.6520954985338 509.18164859978367 225 148 194
-8.032775897282896 90.31519418892594 508.4630841066342 225 147 198
-4.487588903279462 89.56360975123599 506.50890877676443 222 148 195
1.743414244084996 88.61189498420617 505.6364784573737 225 145 190
2.114984822653708 88.25469548806053 501.7013956069391 223 149 196
5.085654991690345 88.03835649716186 503.3519469208737 223 149 196
9.131058901395802 87.28465696013053 502.46491192132925 221 147 192
15.072865900249013 86.39728335852855 500.97184337632984 226 146 193
17.282635399646168 85.72442510103208 496.3606318865851 232 154 205
20.28026265475883 85.40350119658459 497.92227266899664 225 145 192
30.594948403124366 83.7975355507109 496.1579875256719 226 145 192
-98.39759550584166 108.28749387799466 542.2992782197133 225 150 202
-94.58762575987127 107.6530237646949 540.9999484197842 225 150 202
-92.43891681086234 107.29978917563429 540.9887489774726 222 147 199
-86.79330774379993 106.31831782670523 538.80387935511 229 148 202
-84.9902769066977 105.8695580818003 537.742177082024 227 152 204
-83.4321523752584 105.56364908641362 536.1633814798828 226 151 203
-80.8114749950539 105.41160390383654 537.5987350872527 228 150 203
-80.31397546405705 104.72379784698425 532.8257617932973 232 152 201
-77.6893073712451 104.5619860901807 534.2469241140038 231 151 200
-75.97473691992705 104.20516672848174 533.0583024289905 232 152 201
-73.72113639388681 103.98255657222063 533.4137727039875 231 151 200
-71.85016469229183 103.67954650208071 532.6843609555549 230 150 199
-70.21897283332788 103.17424388567574 531.1542280781301 227 152 202
-68.08747565539419 102.91541301223022 531.142024432287 228 151 199
-65.59052889079832 102.14081364405638 526.3616590954803 229 149 198
-62.63993006118799 101.86993846954132 528.4254174293179 229 149 198
-60.44912535856158 101.59187202751438 528.5305548173919 232 152 201
-58.50517150952196 101.42911207613103 528.0990396939895 232 152 201
-57.251191768809 101.0230076229602 525.74258133135 231 150 199
-55.166467247257565 100.47294401035715 525.3602571938345 231 150 199
-53.38305959309693 100.18565103774567 524.4333471356402 232 151 198
-50.993459569966 100.00122602179722 525.0786329120302 232 148 198
-48.87767361998258 99.35697307205244 524.6984963855224 229 149 196
-48.14832935637754 99.1098198896633 521.2277438969195 222 142 191
-45.07735826001369 98.95408811831025 523.5257432417853 233 158 208
-43.298101258154475 98.72589514621909 522.6273719253911 228 151 199
-41.671040789761946 98.44060215476429 521.3254573651294 225 148 194
-39.721492037553304 97.92875798347329 520.6383803144715 231 151 198
-38.05918074260289 97.53342509973872 519.3538730436129 232 152 199
-35.69829292541229 96.74780424700563 514.5485156099381 230 153 199
-32.66913276536102 96.49331391566575 516.5780393607639 255 207 253
-28.394598960536147 96.0846699712991 516.4956123868575 227 150 198
-27.18354014408549 95.64841317854663 514.1678173218454 228 151 197
-24.836602848606017 95.27209046523137 514.4908984326123 231 151 198
-22.794688398551283 94.91352501248075 514.1218325092264 230 150 197
-20.430873517951675 94.740018487166 514.5899818533651 230 150 197
-20.16608358076128 94.24338706212215 510.129242751779 240 164 221
-17.231322731430733 93.97713355758643 511.8198292307648 243 169 225
-14.719628964869777 93.60254741248785 512.480347635726 222 147 199
-13.013692258226905 93.39724495454385 511.4404908291909 228 150 201
-11.690260248608993 93.11965075916835 509.51984442663235 227 150 196
-9.905356063812846 92.585992998879 508.47703182782124 226 146 193
-7.797527153171449 92.2714509845008 508.2663322063323 222 144 195
-4.826127738439855 92.33443972848069 510.13491447521756 232 152 199
-5.362129316558729 91.5808477881638 503.9534006107171 217 144 193
-2.5259085849751304 91.21932131541082 505.28705061718694 223 149 194
3.425231615733595 90.34627734841067 503.8653975955076 223 143 192
5.531359939587626 89.94375404391337 503.58744908279834 218 143 195
10.080171601187946 89.39681030925297 503.8501905845159 255 188 247
13.140047080230081 88.6227377481033 500.89606450039264 224 147 193
15.188186659003458 88.34112690686679 500.545566427862 224 147 193
18.295273586220375 88.15906510064794 502.4024753264828 224 147 193
18.75520540531114 87.79394067576494 498.7654938897903 226 146 193
25.240378735667008 86.44793575344366 493.81632789237204 220 146 193
33.99943528664508 85.09026307100241 493.3912311295666 225 153 197
48.55818506373088 82.90586281282135 491.05751728545687 224 143 190
49.15934617187268 82.53980448833646 487.9052988148683 253 177 234
-108.52753017709658 112.12386754257071 548.924976130607 226 151 203
-105.94327411985546 111.88307774023608 550.3260978958598 225 150 200
-105.56092804131455 111.51347414693319 545.2011270265663 230 152 203
-92.4207010969841 110.28033883363143 552.4718873608775 223 148 200
-90.7068339428891 108.88668706711549 538.8486975127942 225 147 200
-88.68921946129167 108.62301982626273 538.5678694366844 227 149 202
-86.70247661545515 108.19417647705724 538.0282874923822 230 149 203
-84.40647895345604 107.92278929178177 538.4846831740597 231 150 204
-83.7172865384987 107.30613097525003 534.2611687641332 228 150 203
-81.11392653535131 107.24587792371071 535.7459411600696 228 150 201
-79.37178382015458 106.8981126247289 534.6345239667029 228 150 201
-77.24104003007908 106.51008110549562 534.5195036209064 224 146 197
-75.79877663829645 106.17682196981576 532.6364109882801 228 151 199
-73.49494343616747 105.91144590412887 533.0856912038198 228 151 199
-71.4378990180642 105.70192985671869 532.9297992748739 227 150 198
-68.28344882389136 104.82795495557357 529.7210038794237 231 151 200
-66.32017083411479 104.56021046485466 529.2699502370317 230 150 199
-58.86613283917067 103.23191825152422 526.2207263593873 233 153 202
-56.704439101024334 102.9075021573343 526.2101700132793 229 149 198
-50.892558136671575 101.8928533064666 524.4509888849636 232 151 198
-46.399583176090424 101.04047346997916 524.6463307854301 223 143 192
-45.898045238175875 100.80709974905001 520.6568853232351 226 146 193
-37.99283061092747 99.43424821850397 518.6854591278526 230 150 197
-35.42014135329618 98.88078886525224 514.549964376613 231 151 198
-32.12619099826518 98.53877953371446 517.1305425807777 232 152 199
-30.68041494810243 98.20950025115852 515.4077511360028 230 150 197
-28.456580098392322 97.9559292916971 515.5367794653589 227 150 196
-23.899900502410038 97.21618844034988 515.8675318886714 229 149 196
-23.589544762104385 96.64350335208152 511.4335022753982 228 151 199
-21.070150595916807 96.57580285976422 512.3308604208662 229 149 198
-17.012592800324615 95.79667807995574 511.49567604946645 222 146 203
-15.590866226161848 95.46143229978256 509.7583485506286 227 150 198
-13.80518107569785 95.26653078075621 508.9181139077107 227 150 198
-11.298095512236708 95.01980738542237 509.63439038201824 229 149 196
-8.525661975724564 94.67444974340023 510.8588557092069 229 149 196
-5.493233386277858 93.96522203386338 507.8013466560045 230 150 197
-4.721369945717803 93.41952215664475 504.5775312005458 219 145 192
-0.779014508974153 92.90408796216279 503.6334246942615 224 147 193
6.498081244941577 91.93289400589894 504.9590160807018 218 140 191
17.130560034845168 89.97158216930251 499.3036941703212 227 147 194
22.30395667644506 89.41819843636476 500.7745477201212 217 138 194
26.219887994557343 88.3660176281154 495.12359033340795 222 148 195
31.909850389379365 87.38341073651586 493.0857082311157 225 145 192
57.39057039981072 83.64349966893954 490.0338906523955 217 135 194
-94.24910943847595 111.5532020739921 540.0045919062217 223 148 198
-90.435717568147 110.93369293056814 538.744698097235 224 146 197
-88.58456214055481 110.55932216570393 537.8933424547731 230 149 203
-86.39549480933479 110.22156089345656 537.999322839422 229 148 202
-84.12319350338241 110.01349850728609 538.4542050054349 230 149 203
-80.00836457071156 109.07026859110272 537.6535796620269 228 150 201
-80.92502437905674 108.72927602195016 529.485306839305 227 150 198
-76.89569702899261 108.6866154192158 534.7387169011029 228 150 201
-73.63751512251721 107.876147182725 531.8308717129979 227 150 198
-71.93190106718147 107.52390810481728 530.6392018755383 228 151 199
-69.40508184065872 107.27999642776763 531.6713979443914 229 152 198
-68.48532331317257 106.94696521541826 528.4793914615417 230 150 197
-66.15650212362873 106.52465307954843 528.8312454124251 230 150 197
-64.51362136348042 106.13204145522529 527.4585281145143 231 150 199
-58.74089435992961 105.17553899310798 525.6830717548671 228 156 202
-56.64426854747133 104.82336388052188 525.4901261391865 227 153 200
-54.20759851018474 104.63031160306448 526.261271912138 230 156 203
-52.18356413487784 104.3695774985005 525.946855287103 229 157 203
-50.64634354402281 103.88558366697994 524.2604688834663 229 149 196
-46.96376171086378 103.2315705691326 522.6380067181884 228 156 200
-46.437645998728414 102.81074570928396 518.5922572238954 226 157 202
-42.06648356014583 102.16809942386311 518.6606854282564 224 147 191
-39.321333033042556 101.9017090779747 520.0488881267131 232 158 203
-31.77752103552976 100.67457146245751 517.2948014303697 225 151 194
-30.289651045834436 100.22379421907891 515.5889194720717 225 151 196
-28.123251330339862 99.9499692955296 515.571315452467 217 145 189
-25.942553872619083 99.54401537583101 515.4918622957493 227 150 196
-22.862906571362227 99.35668816270685 517.5915402938462 227 150 196
-22.462967376620753 98.95574950054262 513.4658886435054 227 147 194
-19.852809445668026 98.61267507720386 514.3839528218518 229 149 196
-19.28635588775798 98.17149577290981 510.651191729342 227 150 196
-15.87736059034629 97.55857480944094 508.4868715089955 223 149 194
-13.563292972765787 97.21509520577136 508.73136609778345 224 147 195
-11.644638428841207 96.87370416876377 508.10081539006677 227 147 196
-9.026909736869133 96.66137099103568 509.0704462508498 225 145 192
-7.630295442250137 96.44281267797787 507.3695622945748 226 146 193
-5.3754558565359165 95.95105723240404 507.37224264043056 229 149 196
-1.7503520975387443 95.54989646751483 505.80012297546 225 145 192
8.080717572152256 93.70366678779044 503.017671489943 226 146 193
21.08223875471337 91.31823660177574 497.64160327011206 227 146 193
22.506391769439773 91.11396481331234 496.0740324064943 226 145 192
26.36250988037925 90.31608214457862 494.77866677162086 222 145 191
38.00282530290999 88.7865643473276 495.624620731929 217 140 188
42.71433624470779 87.49445537617035 487.37156503733667 224 144 191
-94.21059358644327 113.47139995893062 539.1174863332695 221 146 196
-89.93227632951194 112.79587198651909 539.0793858137268 224 146 197
-88.27176841466918 112.49619837570269 537.7902210387047 228 150 201
-86.76549654635545 111.9314913367386 535.81416303106 230 149 203
-84.08259291307529 111.87752833904854 537.5423508702627 226 145 197
-76.89359098643479 111.56175999883804 545.5440855954743 230 149 203
-79.23934224747191 110.77399840699198 533.1418213194122 228 150 201
-77.09626759696408 110.51451733139302 533.1886183172696 231 154 202
-73.42851506849155 109.76895142884362 531.4322413809252 221 144 192
-72.62664894278477 109.28398422867069 527.78513145016 227 150 196
-69.73842306657073 109.10738784838018 529.8218785878895 232 152 199
-67.4269665673028 108.88777826126284 530.3126874327069 230 150 197
-65.96264993527554 108.4181428614125 528.4101605524683 229 149 196
-60.2573409090085 107.3844768739872 526.4005870823615 176 106 154
-58.44194935731419 107.07304292955621 525.5432723756529 202 133 185
-56.88791794255953 106.55634174510449 523.8719605219918 211 141 189
-54.42051106014117 106.48291288709528 524.8229544144067 159 105 150
-52.643286283429816 106.17954939744051 523.8779533504754 172 127 171
-47.434279967070616 106.17613198425374 531.5415152975575 228 156 202
-49.82024636976183 105.24271284397841 519.9628658253539 219 153 200
-47.117878833754816 105.14006161465824 521.4238851302366 186 128 174
-44.88179180465927 104.83517301952939 521.587065363188 158 102 147
-43.19402078289467 104.44121953128605 520.3649948816521 222 150 194
-42.144043214569706 103.90643747692334 517.5313304787843 217 148 191
-39.65603351871988 103.7861623383062 518.4206789336869 183 116 160
-37.40870096266509 103.55600891411257 518.647624354996 183 122 167
-34.516676728419355 102.78577740434132 515.1235407902428 176 119 160
-32.01213421656364 102.49873930691258 515.8964770578862 224 157 197
-30.31217675955699 102.0799271448098 514.7116491478952 181 109 153
-26.856967383116682 101.332227435544 512.5462289100857 217 145 191
-24.212885616162378 101.1574818497956 513.6777840124108 211 137 184
-22.382808577437835 100.93079328210153 512.920659526374 204 135 180
-18.83491271456444 100.69381225639538 516.0100225780649 223 149 196
-19.336839119779693 100.07076699255087 509.7759280590049 218 151 195
-16.546118244162646 99.88620342761934 511.1872671179376 223 156 200
-13.340901440979877 99.10428187790502 508.46698774384157 222 148 193
-11.598875497475536 98.74579992647004 507.4422965536535 226 146 195
-7.188760158633801 98.22756011480821 507.5252240298049 226 146 193
-4.389316888678389 98.04710426605779 508.8816007769891 225 148 194
-4.022218010258508 97.4840891767865 504.7816094279096 225 145 192
-1.8800151763336086 97.21990117285573 504.6736045080212 226 146 193
1.9376121206507302 96.50525310240226 503.3497775333208 225 145 192
8.177416135496003 95.63504248436647 502.53915436232745 225 145 190
12.43179319500016 95.4754530383527 506.83146624973506 227 147 194
10.61489707144883 94.86628412154127 498.32907325892035 227 147 194
13.650146968599762 94.59122754131627 500.0262053735248 226 146 193
23.401568406588986 93.0394428832519 497.2204312859649 226 145 192
25.418050141739005 92.28883273870245 492.2918566467542 225 144 189
-89.66406241447143 114.81968373396487 538.9464943591246 225 147 198
-86.4964098745182 114.15172002408866 535.8977485997622 218 143 195
-84.62890778327896 113.76052717746369 535.0853572699857 223 148 200
-80.73964395308866 113.04741830818627 533.9482722006115 228 150 201
-79.14875784099091 112.80795087722684 532.5655257857663 225 150 200
-71.57982698514991 111.41701319737237 529.7859787034588 227 150 196
-69.45266604331178 111.12442839033709 529.7458960843801 227 150 196
-59.61558364217294 109.43507055651331 527.2453147903202 198 128 176
-57.349364836551885 109.23758396933832 527.6016193367445 221 149 195
-57.105475480064364 108.68260509179096 522.6497778458621 210 142 189
-54.62389809809708 108.41798215015524 523.4837605975782 214 147 191
-52.877820120356965 108.0731296000008 522.4380918863847 202 141 186
-50.15229551721163 107.91786587956335 523.9307441252605 201 144 185
-49.44786391241422 107.43011425152284 520.2457445746761 221 159 200
-46.884269306751534 107.07588590756028 521.1706772643334 190 129 176
-44.736780775759215 106.76125343038755 521.1145887129284 193 137 182
-42.41859467227401 106.56018281818422 521.5450222147415 196 140 185
-41.62912029434232 106.11238873666936 518.1561871398936 203 135 184
-39.67614560165045 105.72129355667795 517.5795178045411 198 133 177
-37.77609003125368 105.42975684933502 516.9517098484708 210 148 191
-34.16605890068043 104.8141617546822 515.2290371521125 166 109 150
-31.85309822878301 104.42759099910114 515.4858684822136 224 159 203
-29.39744826882722 104.11886918841428 516.1157765446839 218 149 192
-27.274997686651734 103.90938111768446 516.0393158859089 192 120 164
-26.450412858836053 103.4833915112378 512.8594033656921 184 115 158
-24.55523276243044 103.08770309321365 512.1460461948052 174 108 155
-22.453968382624947 102.81530756500928 511.9788134896078 174 108 155
-20.38178025540512 102.54262493987744 511.74059642055585 220 154 201
-19.016831222684704 102.15964158311345 509.8513699315631 173 117 160
-16.624154993464582 101.8322565395539 510.2864698548236 175 117 163
-14.437241546796898 101.4709621267217 510.23555223460863 200 127 176
-12.077879446895082 101.27180241677021 510.6574606927635 204 134 182
-11.356735983373197 100.90051657350477 507.3874104991896 221 147 194
-9.41037279179685 100.46584769441239 506.7639945501527 225 145 192
-7.9946992804578825 100.10152268996606 505.03713542978585 227 147 194
-4.967438321895574 99.96384714801495 506.919052060728 226 146 193
0.9288776399047323 98.8075987635661 505.2323805898404 224 144 189
2.7685307413571727 98.59899087369485 504.50312147251066 223 146 190
2.4728575981270167 98.04402344992901 499.10331943333875 226 146 191
5.7567242935881575 97.83311377657962 501.4089311827595 227 147 192
10.20858793897102 97.30959498860206 501.50418885021304 226 146 191
18.594977643516387 95.60634663380968 495.8769235028787 226 146 193
20.970389645842843 95.19109764968321 496.12716957892167 225 145 192
25.97312340040539 94.2927105592661 492.79699860010743 224 143 188
33.395475346084936 93.32240493046868 494.1838625824028 226 145 190
33.840392604739954 92.98815164740162 490.68160480743916 226 145 190
40.286880317769274 92.06211074492631 490.147064802894 218 138 185
-105.15963042404799 119.25418528216304 542.2846958582114 220 145 195
-103.32702834698935 118.84369707443783 541.3413935044944 223 148 198
-88.00740623582757 116.41940344214524 536.668949877803 227 150 198
-86.36844672502522 115.90930742186919 535.1156021878309 215 140 192
-82.75151653803894 115.35055032119689 533.4285588093388 225 157 206
-78.66433344333403 114.74855285433493 532.9341994734082 222 147 197
-75.70934908861533 113.85070602561228 529.1900530693042 224 147 193
-73.75525290177801 113.4477325330088 528.6158765459069 224 147 193
-71.19825671286337 113.3739092248542 529.9024956301257 224 147 193
-69.22611342952506 113.04946762853169 529.4350965687847 229 152 198
-67.67546946626746 112.69585302948289 527.8677014057076 229 149 196
-60.51295451244339 111.25594320065973 524.0587696124611 223 149 194
-58.03394755440199 111.05732703680724 524.9575780264753 230 153 199
-54.56321679564452 110.59323752353744 528.0554506554374 197 134 182
-54.16053934760332 110.31650622521371 523.7551399638527 225 153 199
-52.97986666867346 109.97087519921122 521.3327660603876 220 146 191
-50.54497615083433 109.76079908373279 522.0786521167444 225 151 194
-46.30500960032772 109.05520773701679 521.7826730381644 225 158 200
-45.59555980440045 108.48185524290965 518.0901730066917 209 141 188
-31.16147164845305 106.40866714934413 516.3403543357045 217 148 193
-30.324381391704595 106.00968129645963 513.1946766746312 219 145 190
-27.89934036329431 105.77247206378348 513.8039840488586 229 157 201
-23.905246807047117 105.0056078428999 512.8515740881579 195 128 172
-22.755452880833566 104.67325948497047 510.5067188845826 215 145 193
-15.460791484850853 103.34190709402124 507.21700642296616 203 138 182
-13.220730063755369 103.10526917879169 507.3694775882046 220 146 193
-10.809346164527668 102.80844964084378 507.847855028688 222 145 193
-8.722443403619176 102.42301189981765 507.55708079999437 226 146 193
-0.17130320242696698 100.74004596531192 502.2146426742206 223 143 188
3.927863659193415 100.13755664690692 501.56343471817144 225 145 190
7.25342621081947 99.405570383056 499.2229096533893 232 152 197
14.823327676570774 98.08132342136517 496.5403990687788 224 144 191
17.377067271794065 97.86229345329728 497.26478009740146 224 144 191
-82.46474020810894 117.3575310730169 533.3485137851653 217 147 197
-78.34878437045376 116.6590355691929 532.8286330377748 225 147 198
-74.76831684644965 116.13919323069511 531.0900557307214 227 147 196
-73.42852610504127 115.07590178471392 523.093174092764 230 150 197
-68.75420984092321 115.11043894875797 529.8815331781038 225 148 194
-67.62017102671471 114.67886674868369 527.1869006676253 227 147 194
-59.92178923624816 113.39297346709176 524.8626061637168 219 154 196
-55.77835250235091 112.71430575412914 524.3834241741239 225 156 197
-53.30852448449338 112.54172004360798 525.2523165937403 222 153 194
-52.66772185806934 112.00590490613645 521.3555138414986 217 140 186
-45.96036878837608 111.16280696365236 521.9360663277006 225 151 194
-45.39795716079088 110.66022585800714 517.9545230165662 225 151 194
-44.561865768710824 110.4921601829485 514.9264966950167 204 127 171
-38.30250412771462 109.9036161439815 519.4640523755324 220 148 192
-37.73207359736228 109.35137487358148 515.5322474140476 219 154 194
-29.931826855524886 108.07180328097762 513.4245014468931 227 153 200
-23.209151318910557 107.2829324138574 513.9063528336129 181 109 155
-22.589472099973694 106.71064606041564 510.20935694372326 219 147 191
-15.050538727999013 105.40584948738855 507.4819680855824 226 154 200
-10.836824661560195 104.69233371954921 507.0428139937128 219 147 191
-8.311822608058897 104.54537184990258 507.85185496597296 223 146 192
-7.662717300552831 104.08062315196364 504.41542445908686 227 147 192
0.05425112572824878 103.21735666632894 506.8093855644713 226 146 191
-0.2093983464985248 102.7800689287314 501.51369933677483 225 146 188
4.624341527112609 102.09050552471857 502.351685802098 227 147 192
7.2836996538349625 101.94870482001757 503.3746553497546 227 147 192
7.2755881629060974 101.44300131690461 498.6613594153073 216 141 193
14.874944946903604 100.60741841990922 500.660053232827 224 147 191
14.962119427773779 100.1564164227785 496.24879531359466 221 144 188
19.576128896665413 99.44866253772312 496.55009849311 225 145 190
20.830970906655804 99.23801605230724 494.66220314122853 214 137 183
22.45952254716587 98.8334217721307 493.42690860981736 225 145 192
-91.0381610656858 121.01591988071233 538.2538430891109 227 152 202
-87.06848192208359 120.3600645810229 537.392240161187 225 151 198
-86.33116113704027 119.84779093688967 533.4399624444732 222 147 197
-84.02805659060785 119.67046132976745 534.0290004140315 224 146 197
-78.59956521947117 118.48681446682035 531.1644128542777 225 151 198
-76.48452182373873 118.29866240787113 531.2210824309776 223 146 194
-74.3648717641195 117.98144013185849 531.1481919457657 227 147 196
-73.67262700425894 117.5529953195585 527.3034441951249 223 143 190
-71.11428988697395 117.20511344662043 528.3247332094435 229 149 196
-69.02067969295346 116.98643214503944 528.277784747023 230 150 197
-57.6067005313702 114.930210767909 524.3360121548807 190 133 172
-48.701973705452126 113.14658241138147 519.5386173065849 211 137 184
-46.65683700030208 112.93804542277282 519.3395855392414 176 102 149
-44.33836649202299 112.64025449655152 519.7093423590956 222 150 192
-41.92714004928552 112.28543752807757 520.241179721523 230 153 199
-41.65246090703351 111.8280061932005 515.6681101245339 227 154 205
-39.26823100585217 111.63370891485296 516.2646448216485 165 108 149
-34.88823790007128 110.91613800413454 516.2661311136425 216 151 191
-29.502841032298708 110.01040988120636 513.6487126773661 229 160 205
-26.46038027416582 109.802377585809 515.6709448213091 229 160 205
-26.208224050857336 109.22860599597311 511.11849422268244 171 103 150
-24.08850357599472 108.97888745558643 511.02128409007105 220 154 203
-18.854555229759455 107.83301283278654 507.9363909411532 226 154 198
-15.868279210852725 107.69161340497973 509.80444974326315 230 156 201
-14.383396359691028 107.3402723543845 508.2245263658819 223 154 197
-11.110256861727322 107.01676509893076 510.5623043235952 225 156 199
-12.062896549908109 106.49879079690048 503.596541259634 210 143 183
-9.165558801642263 106.3847562040838 505.24522590911846 223 149 192
-3.6152128841506204 105.24100591210563 502.88111286441995 227 148 190
1.0517250307736072 104.7481043405741 503.50583189244054 224 145 187
13.83669129024375 102.37216365321231 497.7993928625423 223 149 196
15.893108674424655 102.0890220736197 497.48508927260235 222 148 195
18.640761721330215 101.3266912692583 494.0050254740675 213 139 184
-91.43804310611628 122.86562062060898 536.1411542347035 225 148 196
-81.81659529715665 121.2449985102763 533.2560011735644 224 147 195
-79.74646240163727 120.9632544895606 533.1010148592954 225 148 194
-82.67645199652883 119.7968846992654 519.0524112297669 228 147 192
-76.47064841005542 120.1933955676417 530.3288942725928 221 144 192
-74.3555909993046 119.93455660383378 530.308529465057 225 145 194
-67.10035194691946 118.54564863485793 526.7769114180295 226 146 193
-64.70512179993183 118.30206318385434 527.4519191980175 225 145 192
-63.73819473489446 117.76336255638267 524.2826839061039 153 86 138
-61.70935077389122 117.47338946479809 523.9999752692705 204 146 192
-53.91707396136039 116.24932406932359 521.9837779076615 157 99 143
-52.25793038081458 115.84199662516363 520.6896206966784 189 128 175
-49.23745494309226 115.31607160473351 517.6605070063234 203 131 175
-46.510338163756856 114.82435622788915 518.8502383638323 165 91 138
-44.198812401046304 114.63665522653125 519.2954411666741 230 156 199
-42.353484600457364 114.45306800055033 518.6371655848783 229 152 196
-38.92639358056135 113.59469023195246 516.3055856639216 189 133 176
-37.05228663394422 113.2122725080532 515.5580206300119 181 132 173
-34.11928792348427 113.00427907631817 517.3849439648295 189 131 175
-33.99685264768827 112.41924835411159 512.4583095627689 176 113 161
-31.394135789183533 112.28501213691489 513.570715556743 201 138 186
-29.258181069122383 111.96439072725062 513.4654879534141 190 127 175
-26.30246247932195 111.84072158586906 515.3499831665864 190 127 175
-24.064781310743893 110.91863031001952 510.34093094260385 167 127 172
-22.073983679650183 110.5987254663829 509.9044960250347 196 151 197
-20.82353927868277 110.49197305123097 507.98029783525 167 115 162
-20.581405872855743 109.5212520911828 503.2433039884978 169 109 151
-16.30681560351649 109.6083032046128 508.1092682131019 157 99 143
-14.401453735053787 109.29628893567734 507.4842165258626 191 133 177
-11.71977635602803 109.19072361522218 508.6808920982303 159 105 148
-10.763524600959576 108.72759228407476 505.8956343118892 178 116 159
-7.1028796190092605 107.92241211945345 504.2051298569619 223 150 190
-4.065032633799338 107.69825792876773 506.04527832010683 226 147 189
-1.5262227551446037 106.88010357423462 501.96946576262707 225 146 188
0.9506214574987856 106.68355286182002 502.6133159128326 225 146 188
2.9297270661757087 106.45691852038438 502.1871020392678 225 146 188
4.623652214966425 106.04286020423294 501.0524718085308 226 147 189
6.66553914655995 105.7332387936529 500.70391593697 220 143 191
8.049366517049924 105.30552990598082 498.92954014725706 255 195 246
10.703044193851712 105.0531905901866 499.8665419885758 255 191 244
8.660322870113811 104.37364090555539 490.97771940846866 220 146 193
13.644104107269797 104.29713296680978 496.75360791809373 221 146 196
16.26611729506001 104.05455349695909 497.6086930208608 223 149 196
18.197622119985454 103.95901584856774 497.1450238084789 220 146 191
19.201009098332307 103.40659493511139 494.56986791349345 217 140 186
23.354150836349472 102.69142131551625 493.93728891351924 247 174 225
-89.1574258293615 124.51884069127887 535.6434463154837 224 147 195
-82.85441491519052 123.61863874097567 535.3814362530853 225 148 196
-82.1155961198715 123.00521240391377 531.3857648519245 227 150 196
-80.66069065377043 122.06510075848365 523.7614400654974 227 146 193
-76.65414124187662 122.01668861804968 528.8613482786438 224 143 190
-67.03259243000372 120.3699211238081 525.9871100522539 224 144 191
-61.182260606801016 119.33399645838466 524.3963156601723 187 126 173
-60.06908354975674 118.88496169032803 521.7157084412057 143 88 128
-52.143308951152896 117.68514491713904 520.0776377514541 175 105 153
-45.35779273314115 116.92078711965685 520.9210920546648 206 122 172
-37.181325416717314 114.93567516714053 514.3267094426334 153 104 147
-30.350385467330565 114.2225530624357 515.1926803352778 200 142 186
-22.636604111193414 112.88232179921168 512.8118887068333 183 136 185
-18.661551957576698 111.57169175272523 506.8309196359867 177 122 170
-16.68494700406392 111.42083563501801 506.48358536492947 203 151 198
-14.585630696867767 111.20431191120322 506.35492652554416 161 105 150
-12.568751604798607 110.88919463781576 505.97494025291485 211 143 190
-8.268885015530957 110.26251449914172 505.778011420395 228 154 197
-0.3713103585641981 108.81882084350377 503.72029736961326 226 146 188
0.788991529528817 108.58662011574873 501.57892009492855 225 145 187
12.294022117718454 106.66095331181954 497.9288453022463 222 145 191
14.424588690983915 105.83782799256284 493.17192074229115 224 147 193
-77.73911716759292 124.50276980456843 530.9546225705743 227 147 192
-75.7770017795582 124.24334930596576 530.5459426851357 226 146 191
-74.39984027215986 123.78568582803008 528.4353535690566 227 147 192
-60.51345961752849 121.68901593824404 525.6094934207248 224 143 188
-60.284163451832875 120.90746336832602 520.451331776903 222 145 189
-52.79811290105734 120.37193491153934 523.2867542167353 227 148 190
-51.70764113924698 119.88852976083827 520.5588321226206 223 147 186
-49.65295359579369 119.53710274258674 520.2661482491588 225 146 188
-45.57539632591041 118.9713654983929 519.7149185078778 223 146 190
-44.723028190297356 118.46380977212021 516.457888618783 223 143 188
-41.97113230483397 118.17657328515263 517.846740982079 227 146 191
-38.155549507676064 117.61710924797362 516.6743883115863 224 147 191
-36.6048400406261 117.21018412190057 515.1614633174698 220 146 189
-30.167566571422665 115.64197901805201 509.77550004227913 223 155 202
-23.25907221894312 114.83831115599948 510.7078226364446 154 104 150
-23.458791167914793 114.57018593832649 505.4698969136916 221 149 193
-19.19341833070605 114.66756460376423 510.36151879466934 222 150 194
-15.62139851868292 113.57333066594872 508.24354493579983 193 136 184
-14.661402843699111 113.1856672992914 505.5179872330705 219 152 196
-7.809602939430918 112.27113558454748 506.11309801187065 221 147 190
-4.229085667917929 111.55255288330638 504.30603876436146 227 148 190
0.2936994533314851 110.50825421124127 499.86545499819425 225 145 187
5.338114294657428 109.94164705322338 501.2151464895915 223 143 188
8.19972209705159 109.32223780227262 498.0141170048356 223 143 188
12.525184299515164 108.62043681387811 497.76403370677787 218 141 185
14.61570197069815 108.39738672923717 497.56094899938574 222 145 189
15.485403701733167 107.94311579815692 494.76709433742104 222 145 189
17.84818084286252 107.58637825708203 495.0333379203906 221 144 188
21.989968983510813 106.96000807765594 494.43304764465006 222 145 189
-100.26823309901216 130.21768227206923 538.2210455787251 223 143 190
-85.18181315110529 127.68512647833866 532.9577587855752 223 146 192
-78.19020255088877 126.22327445263993 528.6917392869462 224 144 189
-74.02605751034895 125.75404801963792 528.5587959113175 226 146 191
-71.55883149510063 125.30643030719372 529.2258905743004 228 147 192
-70.54091438790083 124.88183106018482 526.2730171095933 222 142 187
-63.087771942606 123.57802975494086 523.3999282012983 223 142 187
-60.81781709019469 123.41935187942613 523.8391313668521 224 143 188
-56.49634836101442 122.66846085970244 523.7377089204622 222 145 189
-55.67538025196284 122.23706900810063 520.3999645580973 226 147 189
-51.25228059270834 121.79146080656754 520.8181584273203 227 148 188
-48.75938024596762 121.5934862977058 521.7017371626146 224 145 187
-48.250292595024405 120.90777018931425 517.452948597681 223 146 190
-46.108806099930256 120.68399906682873 517.4822429669341 224 147 191
-44.05152078479602 120.43751131311369 517.2870795463518 224 147 191
-41.86011633680483 119.98428694930952 517.2219942350594 224 144 189
-40.36184068097235 119.587568791639 515.5959032755304 225 145 190
-38.078190926155216 119.46243513207699 516.0130049212103 225 145 190
-36.387778744891406 119.12247967447216 514.8819993747704 224 147 191
-33.38336081974595 119.0057189264701 516.9326801004843 224 147 191
-35.985635118754026 118.14407454922255 505.6372349390083 222 148 191
-30.881620618148258 118.11184353483985 512.5050472441617 221 147 192
-29.074052077119525 117.80395398619224 511.6752597876263 222 148 193
-25.735123181001907 116.97389853618292 509.2414612843492 219 152 196
-23.247426017022804 116.7922244678203 510.02057708449667 218 151 193
-21.648405085114327 116.46863407923007 508.7207196500057 217 150 192
-20.41850865175052 116.16812564408743 506.6350410311368 221 149 193
-18.36436401532524 115.66252240050409 506.21096315486955 217 148 193
-15.617821216984948 115.50477329084362 507.5395055674215 216 147 192
-14.03438106634677 115.13059878538427 506.1803347825273 220 148 192
-11.842494192819656 114.73972975195593 506.1252724127389 226 154 198
-10.639082001952865 114.25977047835393 503.88803532155055 221 147 192
-6.242792769847471 113.88631290949505 504.07284534063524 221 144 188
-3.1091720751264496 113.62506464843679 506.07639677653106 220 146 189
-0.7820224194793741 112.83406681460191 501.5966155290604 225 145 190
1.2539010180137724 112.6159616595095 501.3085135947355 226 146 191
3.2002625944483345 112.06167790133749 500.6161811643046 224 144 186
3.9902036605412126 111.61361910846287 497.61015871226044 225 145 190
6.752720215075659 111.50719750433989 498.8832339979988 224 144 189
8.654105255091856 111.22737521318211 498.2727789340963 223 143 188
11.39945366089337 110.96839625548807 499.38798475613646 224 144 189
11.841259475254663 110.37950317171727 495.6307284715759 224 144 189
14.173882605221799 110.20584600245189 495.95516737985287 225 145 190
15.970394281028813 109.89822934613832 495.1168204807212 225 145 190
18.269285806950354 109.53330534039098 495.2476745988112 222 145 189
21.56700785188017 108.87044651472876 492.9580606474954 221 144 188
29.64195101133566 107.59571407629107 491.3248940312318 222 145 189
41.37097811105182 105.75859257739431 488.1120836172716 222 145 189
-86.99133346984412 129.2507639181445 526.9355442072725 255 218 255
-73.79031452499449 127.65549661911723 528.2623559874017 223 147 188
-70.76437165377294 127.62583134881756 530.7731989808084 222 146 187
-63.181173833386936 125.36794228119369 522.2061466847016 225 145 187
-58.69307198091819 124.98410730921425 522.8922788205435 223 143 188
-55.57930441437951 124.78345832513443 525.3057525258514 224 143 188
-55.41076581084441 124.33903048691583 520.3920008335901 225 151 196
-53.25481115077171 123.99202152624909 520.3554205756266 225 145 187
-48.89099364149543 123.56190009813331 520.6290376604937 228 148 190
-47.56620454431701 123.06790183010997 518.4834673680602 225 145 187
-43.5788239123793 122.36750234381213 517.6110444848068 224 147 191
-41.118910944027746 122.20626197916977 518.4158874489939 218 141 189
-41.53104675319403 121.32708829009442 511.96890421829454 226 146 191
-38.109997682252384 121.37825241554015 515.1634705203659 226 146 191
-33.86443792053758 120.88104330910353 515.0348837110147 224 144 189
-30.744222501762334 119.98777100196763 512.0274341679713 221 147 190
-28.850499084978864 119.6695981433155 511.3867809693381 220 146 189
-27.15315490399017 119.21886848061492 510.2050027801338 221 147 192
-26.291734444452587 118.81852957728684 507.21331394087423 223 149 194
-20.7558788786092 118.45174462339567 510.0017211831396 222 150 194
-19.63835018328483 118.22636115553085 507.7263428486251 222 148 193
-13.565754307027898 117.0931699824344 506.51102939415745 220 146 191
-10.863770414343392 116.905931341576 507.6907051461159 221 147 192
-10.199777267239481 116.43115782222083 504.30018777811114 223 149 194
-8.073661014923042 116.08820074023521 504.1335937513093 219 145 188
-4.060394330017244 115.58875414542378 503.41016507059953 220 143 189
1.0232081030457594 114.39955953783799 500.0655996743394 223 144 186
3.5932891229280792 113.59816401318703 496.1710506156596 223 144 186
7.0088998322137614 113.4399839506241 498.7525277784826 224 144 186
9.068165327629375 113.15909621686738 498.4646457343942 223 143 185
11.005458793744252 112.89276234343421 497.93465555771337 224 144 186
12.329973402604665 112.50082947280309 496.0901708661787 226 146 188
14.503259582790635 112.11288694701562 495.96282769919577 225 146 188
16.24935046127383 111.80931725720946 495.0277421088303 224 145 187
19.444877345408848 111.64892043664481 497.06155047614175 224 145 187
21.72190369867165 110.77195692303128 492.623338459834 223 143 188
-82.6742874909454 131.2644615097412 532.1708285124622 255 226 255
-74.82742997391453 130.0089252647998 530.3174826723977 222 145 189
-73.67332660315653 129.59750712124392 527.7150747282624 221 144 188
-71.47331496814375 129.34025523606198 527.9114272120875 208 131 175
-70.40756306585705 128.5715949950294 524.7360240722454 214 142 188
-67.69445753608987 128.57502619594368 526.474254715412 210 140 188
-60.09708237552324 127.28476554956222 523.9527568894733 225 145 187
-58.93943623636087 126.58286575469866 521.1619604413078 218 137 189
-54.93724973021554 126.4597481010336 525.7901190577105 227 146 191
-54.86852604901205 126.29270404305782 520.9109238209928 217 148 200
-52.69276621438801 125.95574943767399 520.9267449228021 222 143 185
-51.79963648070535 125.43482891384181 517.7297172321386 224 145 187
-44.52497413327027 124.70427196222094 519.7633144400062 224 145 187
-41.853370940097975 124.42722942599829 520.9555510102014 223 146 190
-39.18571476641685 124.22982542275678 522.1889332501986 224 147 191
-37.67871142900522 123.27003943671109 515.3584232401879 223 143 188
-36.79020712637257 122.72908868539379 512.2421256092358 223 143 188
-31.216483018157387 121.78470335090667 510.12069082191096 216 142 187
-22.758150848233175 120.63620821212284 509.63800030806806 222 148 191
-21.92612215948742 120.13244993128399 506.5292679310739 222 148 193
-15.089267095840821 119.33856967356128 507.2492423430207 221 149 193
-14.236598400954007 118.74306819229616 504.1669565690702 221 147 192
-11.812431186882508 118.68383610584338 504.85307292277355 220 146 191
-7.603773364630141 118.00369559654649 504.4318837358894 222 145 191
7.12748975302327 115.3528973719814 498.32960333049414 223 144 186
14.990539360171793 114.08768702989074 496.3279135698713 224 144 186
17.480726766342016 113.78091934262247 496.87375219560147 224 144 186
20.027269595831235 113.54144915722594 497.5599699403088 225 145 187
20.023518189865673 113.04303361402691 493.0442363979289 223 144 186
-73.07281407792345 131.63374380600675 528.4863687362348 225 144 189
-66.04392402548359 130.1982402572436 524.4212296477469 224 144 189
-58.0417993528525 127.43084760474176 511.79562221080397 224 145 187
-54.041798702935694 127.80545365564093 516.8612001686608 223 142 187
-52.75248596497405 127.13231780498592 514.4811710460378 224 144 186
-43.79615049303464 126.24836036077487 515.5850064119708 235 161 208
-28.865255390851697 123.58646739740729 509.9355341985696 213 142 195
-23.839193886136385 122.59855933513633 506.57405935801233 221 147 192
-21.397235418009313 122.2317631193079 507.10501943203565 222 148 193
-14.91808064820493 121.38016565527764 506.9984388894373 255 198 246
-13.775723028864526 120.96434158164105 504.673529553117 220 148 194
-11.473166373834887 120.84109421473016 505.05301901384746 219 147 193
-10.695896404608455 120.21977998703002 501.82214178118767 221 144 190
-6.855967895550138 120.34728438156542 505.62296229044136 222 145 191
-6.354994179382255 119.59731731723907 501.73648311851036 224 152 198
0.8669922498355652 118.29768051606342 498.44442987489094 220 146 189
5.451147512987823 117.20496183836127 494.21861163000443 255 208 251
8.017079355878783 116.89749374213149 494.9615956311499 229 160 203
15.948611552801133 115.66704188605115 493.16635170645986 222 143 185
20.009656627182533 115.02673902669997 492.4271912561939 213 136 180
21.853541084459934 115.08896870330737 491.92059844409977 216 139 183
23.457592398784705 114.3291241144745 490.4460451429921 217 140 186
30.795817627474772 113.03897837727023 487.4252236855299 222 143 185
35.11938078849638 112.43032139090066 487.18094173985156 218 138 183
-85.46983807394591 135.2046490829057 528.4536832673155 219 139 181
-80.71012654448226 134.7179933518257 529.870006509092 223 143 185
-77.31724409156152 133.9271792749851 527.444355280318 221 140 185
-74.83449391619412 133.82359262153915 528.5379962199213 223 142 187
-73.26497259510687 133.3811208367215 526.9588862949756 225 144 189
-69.70936804730908 132.74270568741835 525.1289136529405 219 139 184
-67.61487112118122 132.439531691157 525.0107251337532 222 142 187
-58.056637380044414 130.81760609682965 522.0396627209414 224 145 187
-56.52954353190191 129.5931039074895 514.8384768605634 223 142 187
-53.24467883128282 129.74579788033466 517.9742958647686 223 142 187
-43.260859368705624 128.08613543294376 515.9737037836817 218 138 185
-41.302702957010396 127.83879614078032 515.5532995494683 223 143 190
-40.0418141244581 127.31304004843494 513.2919823411277 224 144 189
-35.886725129977755 126.79269299735954 512.9718281832028 224 143 188
-32.315437471748936 126.06471975502298 511.1469238976596 209 132 178
-28.148203467278776 125.5334397579382 510.8156186544795 213 140 191
-25.04273915355372 124.75759619752782 507.9334892079341 220 146 191
-22.714126751127775 124.53801169206149 508.33389166563705 223 149 194
-17.57195797621295 123.31673335402262 505.0632624454019 233 165 212
-14.82493647293789 123.23337120428661 506.4422188355275 215 143 189
-13.2526982333259 122.88724135428897 505.095255764022 221 149 193
-11.328781751772521 122.53217301032528 504.49538867319654 222 145 191
-11.167095668735167 122.02273105171241 500.0549255061492 221 144 190
-8.210563704946553 121.84231857161461 501.7727550293194 221 144 190
-2.572913184952694 120.71699021928156 499.667787337575 209 141 188
1.9477403273302798 120.29137944234512 500.05579485635496 220 146 189
4.043806906962138 119.90203954085793 499.781017057391 220 143 187
3.406019306675451 119.23495791774428 493.7469511330009 213 139 186
6.8493997243945115 119.23717724301851 496.4840221334296 213 139 186
15.135509407621605 117.94495696870892 495.3460303476669 221 144 188
16.69892876889191 117.59843425633277 494.03037245471324 220 143 187
18.64488809253484 117.25567483198313 493.47777171392215 221 145 186
21.90370910662347 116.60758787217544 491.15388585360756 255 205 254
23.85666667665322 116.25578000655292 490.6114530024286 223 149 196
-75.09983757268962 135.60936294244098 526.8690531363887 223 143 185
-73.57176044518947 135.3024270348733 525.353965143932 223 143 185
-67.61256110091212 134.34005298351045 524.1636514414621 223 142 187
-65.57821593230256 134.04667972108246 523.9075381747438 221 141 183
-63.328311012847294 133.89570489045414 524.3202539857164 224 144 186
-60.10395321149387 133.0248516054703 521.45964442295 226 146 188
-58.29697097081349 132.7274515334238 520.6488085000941 221 141 181
-55.95459080811854 132.5531968885409 521.2334224704445 221 141 181
-54.49323504341314 132.12879668133112 519.473730672016 222 143 185
-52.50871242500056 131.754134064098 519.0037167609987 218 138 180
-48.547668037482545 131.0234192299656 518.060396983878 223 143 185
-47.55583242754339 130.72136230689023 515.3568177545969 225 145 187
-41.11349594020793 129.88103252299575 515.3339013888607 224 144 186
-37.50278755375868 129.13886891138606 513.574017102914 224 144 186
-35.563377792481546 128.7588041000814 512.991848314392 224 143 188
-33.53619916772368 128.54219741601318 512.7482177367054 224 143 188
-32.93528480628495 127.955669259782 509.0008230945435 226 146 191
-30.33309895552483 127.64282208201051 509.95994062536363 224 147 193
-25.76251287466056 127.34765907033533 510.71106320163625 223 146 190
-24.9729055358451 126.76851242232702 507.4416631937855 220 146 191
-22.998866078815997 126.32284019949104 506.8881105946103 221 147 190
-20.786971433308814 126.04918035858054 506.9874099570284 221 147 190
-18.635814978623817 125.89118101089898 507.0388281195076 221 147 190
-18.00288270983525 125.18832223596422 503.39698914485723 221 147 190
-15.443993596559785 124.99672449477197 504.29667825440555 224 152 196
-13.235073636504131 124.82623375011373 504.45153143688503 220 146 189
-11.343061044871247 124.56992137284358 503.8618158258434 222 145 189
-10.388266834222833 124.12997060288616 501.15795568399926 223 146 190
-6.074007870199035 123.40572240317702 500.94518075451435 223 146 190
-3.271265252574297 123.26636598783007 502.3335390395341 223 146 190
-3.4753947682073534 122.62130531902086 497.1193637060581 219 145 190
-0.3862027585069874 122.3888450409545 499.0238966551529 218 146 188
3.8387293518555237 121.94349542266976 498.78465681345153 216 142 185
4.985977188339738 121.60636119525643 496.61770803734777 221 144 188
7.448871784409404 121.22572773684406 497.0949203589803 220 143 187
8.763208318078581 120.77477531722474 495.2036929258629 207 133 178
11.013920710842445 120.44569691616393 495.2811191696038 214 140 187
11.926896066736123 120.05303420066483 492.6413489612261 218 141 187
14.363760205345647 119.73501857505535 493.0943402732421 218 144 187
18.800440071165276 119.32610531633243 493.25129979840983 222 145 189
24.128193798408763 118.20814278898595 490.54443861168085 213 136 182
25.643268498278132 118.04630170637827 489.2705248282409 221 144 188
26.805702339355097 117.55303560929913 487.1231466499459 221 144 190
-74.38426315189072 137.50565791038923 527.7698538270182 220 140 182
-73.23341823607336 137.27145178721338 525.4088156534763 223 140 183
-66.2245794037893 136.4985621836991 526.9753673880366 221 141 183
-59.70644423738836 134.82911651401773 521.4829778721356 219 140 182
-51.76787291287359 133.72750888046818 520.0047457259712 219 140 182
-44.684799321029075 132.20155403204103 516.1042468541953 224 144 186
-37.47778492260482 130.95783007477414 512.7912715853546 226 146 188
-29.536944945430122 129.6251163579872 511.04520699335103 226 147 189
-22.249043372419987 128.3530704686616 507.8950982368048 221 144 188
-14.604301550451828 126.88514055347586 505.3688633415372 221 147 190
-13.822983952845632 126.5250396637684 502.3437381562719 221 147 190
-7.020954928413156 125.74833368319493 502.95578672580046 224 147 191
-2.303272760156753 125.21503266516534 503.6880440131035 222 142 187
1.3175951958080845 124.01392281151541 497.36282775786566 218 141 185
8.484397471889006 122.5668904220401 493.9181044486087 221 144 188
11.004583748186654 122.42765999789712 494.6649183403732 221 144 188
16.116566649880642 121.35075075440562 491.56850840912847 218 141 185
23.368816010693706 120.5403228673365 492.8309622056792 220 143 187
-73.74906180176382 139.02800170580758 523.1240987748992 221 141 183
-66.9363186253403 138.29569514101843 524.2888883680234 223 144 186
-58.46753129988483 136.49743013780423 518.5831434828792 219 139 181
-44.2563725944927 134.40409619216183 516.5890087499351 220 140 182
-43.21264892497214 133.96343598833073 513.9086116454356 221 141 183
-36.088777923336664 132.68377230593075 510.41249359419606 224 144 186
-28.26862084389011 131.2332860293643 508.3220886034231 225 145 187
-20.038265191500233 130.2067436642082 507.4488878631316 225 145 190
-14.684808607776244 128.9963538888839 504.6512537303978 222 145 189
-7.03215532068133 127.76755791529386 502.3295196735624 222 145 189
-6.127029847657201 127.46675016358843 499.6598189096733 218 142 183
-3.581084567259497 126.99176273141849 500.2673387525097 222 142 187
1.3137058945394045 126.0053227545762 496.75396579888303 218 141 185
8.909735819666478 125.13723483512038 498.7935011188321 218 144 187
15.341472291008538 123.85437460485579 493.95512737702694 218 141 185
15.950346067991912 123.34077085189091 490.6668301889659 218 141 185
22.71353632254203 122.41881167337259 490.9170245113533 220 143 187
23.912486219159515 122.17078824988629 488.9860086245589 221 144 188
-69.46988219340294 140.2254631240037 522.1939461809527 220 140 185
-67.12070727474682 140.12139694934157 522.9246859134298 218 142 183
-65.31229491462305 139.85598876923618 522.1636549125 221 145 186
-61.894957113611206 138.99726499757793 519.8093024357418 219 140 182
-59.36371609239407 138.88119379769762 520.9223786454496 219 140 182
-57.91427866349682 138.4520875959038 519.1386492253777 218 138 187
-46.68535343479634 136.41188917553987 515.0033931118692 221 141 183
-44.70232951503909 136.1955248788421 514.6893706660336 219 139 186
-39.36230281723878 135.01755125406964 511.8557008581726 224 144 186
-32.73389449149788 134.33361380131765 512.351576098367 224 145 187
-31.905657908334767 133.75921434741852 509.14384980515916 224 144 186
-29.52947050546483 133.5889665288474 509.71672998773545 221 141 183
-23.481195262675932 132.46251379080886 508.4947280819488 222 142 187
-20.367407314783254 131.9746984314531 505.91564619183765 225 145 190
-17.14435311814352 131.12436122828288 503.2945789570068 222 143 185
-14.532198047146036 130.944576447265 504.3089285395213 222 145 189
-10.826425867994235 130.18049726698118 502.7854494316644 221 144 188
-9.659494778365232 129.7087425945339 500.52411968348105 218 142 183
-7.986251817221906 129.48294700668592 499.5179565412098 217 140 184
-5.448343050269201 129.32282330486194 500.3533982235639 217 141 182
-3.1393959524170874 128.92845460427606 500.52669904319225 220 144 185
0.4256107695677307 128.27691627002235 498.8028646497759 221 145 186
2.078438138652434 127.98500824956868 497.7042970286356 221 145 186
4.414585179695404 127.58414877049724 497.91402148223085 221 144 188
5.425003152288796 127.08475737059567 495.37699789312956 220 143 187
7.611117199457937 126.9497813893431 495.468638585899 220 143 187
9.466067211921619 126.70418493949522 494.81518601834307 220 143 187
12.698457218584435 125.80618192055034 492.2854013216042 221 144 188
14.859569640038988 125.63353005767256 492.2874481309404 218 141 185
19.16300686127113 124.94644916089185 492.0096778469522 220 143 187
22.29203936785215 124.28740170926739 489.45886258541873 221 144 188
24.384991122327424 124.0747508577925 489.2834345410997 220 140 185
26.948967308243923 123.7357934379712 489.92603382522105 220 140 185
29.995477668490565 123.0334739726464 487.2061300055432 220 143 187
-59.51505447000124 140.81475571219858 519.7935640644869 219 139 181
-55.203703486056 140.2819588974382 519.8941872348593 255 208 255
-42.34542006174764 137.79793215772264 514.3717083972927 215 146 191
-40.306049979461086 137.61636480658507 514.2103523932066 209 135 182
-40.0191999750649 136.8030845087718 509.5220620781846 223 143 185
-37.16405538954712 136.81721833154967 511.37182349783325 220 141 183
-32.843562606292764 136.41642638599487 511.53143594132234 222 143 185
-22.374493964678692 134.11735328891896 505.51571029573495 225 145 187
-20.456734090777736 133.78987042986535 504.94261709146383 223 144 186
-18.27679010568952 133.54609551256112 504.99624627915415 220 143 189
-14.978786673444572 132.78499117900338 502.61866795347726 222 142 187
-12.693660969811832 132.45595348585684 502.8150654445405 225 146 188
-9.838545598276594 132.34303411574516 504.3661996219696 225 146 188
-9.34090282165274 131.80133580105962 500.6526901437172 220 141 183
-5.925997657098839 131.1085528275897 498.60376320775714 218 142 183
-3.559201654028351 130.88511110929906 499.0312165875581 220 144 185
1.8948328701412782 129.7881887935034 496.6003966793053 220 144 185
4.127900814296217 128.81760709004 491.99985227046324 220 144 185
7.560967564960416 128.90563681122728 494.7588368134912 220 144 185
9.297616641124337 128.52677444963686 493.7811742534274 220 144 185
15.062673346072708 127.54871013548437 492.0642043952761 218 141 185
16.910139330028628 127.18809459416183 491.3216166347359 216 139 183
19.673921171197932 127.01534377692887 492.4878582748993 217 140 184
26.863722622811718 125.80537358518959 489.257958645888 218 138 183
28.344691738438314 125.39210925061745 487.77992727398197 218 137 182
-288.90825224725614 190.1455790368663 675.6069142975593 19 52 95
-66.2990577058467 144.00810180637683 523.3374083066436 211 134 180
-59.66740553620828 142.58629452310655 518.4947110787484 218 138 180
-56.743566736935755 142.39967738093512 520.432351718162 209 129 176
-36.581761684052836 138.67880426640824 511.8826897280725 221 141 183
-29.194989371053193 137.38239268220485 508.97673596520093 255 229 255
-21.98533269411982 136.00962640790937 505.63262271320673 224 145 187
-14.207680692266067 134.7270025171625 503.58217749667557 217 139 192
-12.554793570547808 134.1529966328079 502.2526982452499 225 146 188
-10.752710324108952 134.03982561142715 501.60670860140556 220 141 183
-7.222045260551824 133.33395578573095 499.7846991672782 220 141 183
15.697121559444208 129.49579045389012 492.7091479070975 218 142 183
24.095135890305876 127.73948750241237 487.4159413391298 216 139 183
31.32810107796031 127.07339208712887 488.6738843462406 219 139 184
37.18852953477661 126.75299965376209 491.48366713517106 220 140 185
-58.742413927717884 144.66368801331615 520.0553750892963 220 140 182
-57.59177089939494 144.20776825403803 517.5651037082781 220 140 182
-55.40143306293316 143.87263852557584 517.6264728326952 222 138 184
-50.09619732482102 142.86966552169395 514.8892858843031 220 137 178
-27.601008938077054 138.95330151987733 506.9791206256887 218 144 187
-12.82892915836016 136.3513971000855 501.23383185385546 218 144 189
0.34963370425856344 133.9895301050975 496.6709497537348 216 142 185
1.6337992497525387 133.62969260178926 494.7969493875383 220 144 185
5.993714038465259 133.02080366840065 494.73765387460054 220 143 187
-68.63448647472977 147.9756021125665 521.0847594972976 217 137 177
-64.64396167827036 147.42462142126058 520.4613191305937 217 138 178
-57.15154199452467 146.14785923510442 517.8441847526598 218 138 180
-55.15740925578454 145.7688870816578 517.402537245576 220 137 180
-51.87146831239193 145.07106563811246 514.9781540851769 218 135 178
-49.85045230302141 144.7784795859714 514.6914261748249 223 140 183
-46.25453987423116 144.00702716521803 512.9111993781656 220 140 182
-39.594529536210146 143.3552176877592 513.5741881110554 218 138 180
-39.3591838833175 142.53720002439238 508.8006394141104 216 139 183
-37.15377975756004 142.43363711534928 509.0967700895796 218 138 183
-31.398760221713594 141.23822349715525 507.22329035186544 212 138 181
-23.23053270976394 140.85710770486884 511.2577959415659 214 142 188
-23.92726194714035 140.02815993046215 504.6395680872117 220 143 187
-21.93484124887508 139.83477167905127 504.3526271131425 220 144 185
-7.615239789565349 137.12150080040183 497.6255443437945 216 139 183
-5.527804075635894 136.81029053297178 497.42149206366565 220 140 185
2.4215179881717757 135.5920181157022 495.779043816275 218 142 183
4.7252996280516655 135.24479340538613 495.962512452493 221 145 186
17.14477932579542 132.93918453445355 489.94527451540847 217 141 182
-64.38878721246076 149.33888147881623 520.2780141099906 217 137 177
-59.049394930953426 148.2540557587935 517.5302290795335 219 139 179
-56.94407068959636 148.031768057281 517.5242529537288 219 139 179
-51.38465383458682 146.9906661261564 515.341095399595 219 136 179
-49.63312563088508 146.6644519461852 514.4074330885454 220 137 180
-47.682469672729006 146.43619308823602 514.0273816804573 225 142 185
-34.76244453538155 144.019577727065 508.8606076583354 222 143 185
-32.63260555208666 143.83792352805693 508.8996041116334 222 143 185
-30.552944768535674 143.1269261158875 508.3280912791741 220 143 187
-29.022546458074792 143.09278073525206 507.1972957248589 221 145 186
-25.015948383532415 142.60192000457266 506.58255511625254 218 142 183
-20.184477558178948 141.3564690762227 502.6961134673452 217 138 180
-17.791378039662632 141.1580594890859 503.2446088781785 220 141 183
-9.21159614106545 139.41325583438402 498.23596734390844 218 142 183
-5.569656477475587 138.65504629695536 496.63309828945614 220 140 185
-2.5628514612919275 138.570544397589 498.47120888343545 220 140 185
-2.041453076361333 137.96018927628063 494.8570519038375 217 141 182
8.329525675646773 136.5384089518413 493.7478281405146 218 139 179
9.608645574303651 136.05447707556286 491.8032811452917 216 140 181
-64.56814279773343 151.09699250546015 518.9003518474755 216 137 174
-60.67291009384312 150.53158191506583 518.0406787203549 218 139 176
-58.4839984096027 150.25467220098668 518.168372972753 218 138 178
-57.250571849322895 149.69921204580407 515.7869756233299 218 138 178
-50.581488571285874 149.01756348979964 516.5335729402841 220 140 180
-31.11187307203455 144.88189669759643 506.2658086486934 221 145 186
-28.487227513253245 144.9560112483209 507.6023458681991 222 142 187
-6.301632513984258 140.9737663503707 499.0275011600133 217 140 184
1.0604785558807552 139.64648746542935 496.1148721977468 220 141 183
2.2150692538473535 139.2238003972684 493.94951941119575 220 141 181
10.393144788137887 137.99664365910772 492.74629748340743 218 139 179
-60.018698571021446 151.63978651076428 513.2892885528038 219 140 177
-57.250710524006536 151.63351835815928 515.0595063193188 219 139 179
-49.73785255801304 150.52684313280855 512.7369760887774 217 138 175
-43.81111942716024 149.5284625266526 511.4482341368315 219 139 181
-34.65729547075436 147.91083378163398 507.7416217805998 218 139 181
-19.794631667057715 145.32797022024826 502.29853523809595 222 143 183
-13.018843622189117 143.7765509924587 498.0057490503608 219 140 182
-5.073534347262377 142.63278708388347 496.4784481994686 219 140 180
9.590563185306461 139.98301227110227 490.6168826640955 216 140 179
-67.93599958590013 155.4731408854369 519.4158770937389 204 130 173
-60.67442038465749 154.23088307870938 516.375684075338 220 141 178
-58.22913416993535 154.1038289766417 517.2655411404564 219 141 178
-53.69459422939298 152.77021362469074 512.4668371403333 218 139 179
-50.75319743882987 152.78348115198642 514.5969596998023 219 140 177
-49.00935948956956 152.467463407133 513.6663842476764 217 138 175
-46.62805739355145 152.27514990348476 514.2876966050317 217 138 178
-45.643616612981745 151.708590971963 511.40599184572824 216 140 181
-43.656541126109076 151.39062395290776 511.01797591911105 199 125 172
-34.16025490817065 149.83190883380394 508.12530285588514 218 138 180
-31.44366279413914 149.65042119068096 509.4270540937724 220 140 182
-23.512711901678603 147.6192724095039 502.7328276910322 219 140 182
-20.976303686676676 147.50383552342998 503.66956668477087 219 140 182
-19.535518330038446 147.12272158021764 502.0655192628183 219 140 182
-17.309053176298423 146.89249730186276 502.23619885537227 222 143 185
-16.580110536721993 146.3289486702856 499.0078486594577 222 142 187
-12.18414548463459 145.69244436346233 499.0713463796166 222 143 185
-8.882546049975288 144.83999505551273 496.7048995643488 225 146 188
0.8518654383567855 143.47721503548786 494.4395457325862 218 142 181
8.597328628060112 142.2225865613522 492.37614991076117 219 140 180
10.181933416923583 141.88753777510254 491.1553687186497 217 138 178
12.776829498448008 141.78188719208654 492.07138557383763 217 138 178
12.672488923034548 141.01341631223545 487.2653772975462 219 138 183
-58.30390774797703 155.94417069093925 516.2653542933816 217 138 175
-53.55714487416038 154.82292613339249 512.2063977933796 215 138 182
-50.9320961378907 154.58069659964465 513.3386291770391 214 137 181
-49.4319487710775 154.19376768132284 511.79693163620817 215 136 178
-47.20685490634695 154.01249833727294 512.0914014831731 213 134 176
-43.49592407244295 153.29549027611174 510.6497685547592 255 221 255
-41.24777583326667 153.0315060644715 510.8876829726466 255 203 255
-39.362966521523184 152.78563454650006 510.3458659767511 202 127 177
-36.19682691500154 151.97244826092364 507.6267494191427 220 140 180
-23.94231614691514 150.06483907951167 505.9361794967933 216 139 183
-14.077230723336289 147.9578174744676 499.0484514963883 221 144 190
-11.553976084607509 147.69355686705168 499.78679205873834 223 144 186
-6.684564673229131 146.62480917167522 496.24774194911225 217 138 180
0.6254574502159109 145.31379049573778 493.30583351628775 217 141 180
5.382944567684822 144.27849415387382 489.6451264514888 216 137 177
8.259490991851107 144.04070866602535 491.03334980606945 216 140 179
17.98258099983887 142.43558951562855 488.5053471959135 169 114 162
20.209350504942435 142.2531727679533 488.63272060730753 255 230 255
-57.73290308619187 157.8738061413694 516.8363576300588 214 135 172
-50.66427204287222 156.48787793458604 513.205011334813 215 138 182
-49.20927573318825 156.0760439450547 511.5402531918126 211 135 176
-43.05292556566769 155.211839637955 510.9145425513005 206 132 177
-35.9186228753063 153.80118919470615 507.4479328891937 218 139 179
-28.00248680773358 152.29985779300858 505.5811828439723 211 138 189
-20.932709954216584 151.20859621310612 502.31484567470886 216 139 183
-12.730783348915802 150.0676993829203 501.32935679367426 230 162 211
-6.272704728723721 148.56164530853084 496.4639614147294 216 140 181
8.765214008934072 145.94158226822378 491.4020094761824 217 138 178
18.0685497362945 144.26420431379134 488.01612591277393 170 114 159
-56.204867251510194 159.38208496642176 514.591230271117 216 136 176
-49.47686213898961 157.91395556804903 510.1576036698775 213 137 178
-41.5159230843153 156.79016347790738 508.8316777056318 212 133 175
-26.49023717289129 154.21228362146343 503.8191710033906 216 142 185
-20.280272609754988 152.54984959034638 498.2703828866187 213 139 182
-13.295124729898891 151.88440943059362 499.4453715567604 213 144 189
-12.347616330032082 151.36397984881776 496.75162824360933 212 140 182
-4.619354967748868 150.09477512836233 494.71072897031695 214 137 183
1.0339118766542374 149.11606962246645 492.86161530403956 215 138 182
8.544009699873357 147.83891557852618 490.3582618287307 217 138 178
-59.953839485413624 161.75699611802423 514.9099129947974 212 133 170
-53.806604954753865 160.9482568348993 514.3729448178515 214 134 174
-53.57916041808608 160.24681689399296 509.66125529122587 215 136 176
-50.7357011876129 160.21785401418663 511.5126196435556 213 137 176
-45.229498450596786 159.0854835188858 509.18855413129575 211 135 174
-41.1076624257795 158.6411221429334 508.95515309715046 213 134 174
-30.578756540727806 156.40303928023783 503.33780385346626 215 139 178
-26.536812332978975 155.90812672533156 502.84584785255674 214 141 181
-24.187791817810425 154.875790102295 498.3156817950249 213 140 180
-21.231242659767855 154.94777247073154 500.3064296278655 213 140 180
-19.108764914077877 154.65419905865238 500.21421205867495 215 141 184
-16.06613411333381 153.73544021787905 497.26170939825613 213 141 183
-13.665088000735103 153.6059471513227 497.8815579688462 211 139 181
-11.782240036639443 153.28923204759073 497.2737255363472 211 140 179
-9.91932229184318 152.93182058024672 496.58899831597705 214 141 181
-8.808760533777525 152.62057101536362 494.43911551384355 215 142 180
-7.209316515811668 152.4955819892677 493.44234682809616 208 137 174
5.94157495994346 150.54533551950124 493.37707999082454 217 138 180
8.07612822620297 149.6425051046087 488.77107435727316 214 138 177
-58.14405635882367 163.29336541538757 513.3556283950425 213 135 172
-48.85200835551059 161.71591172660868 510.1007391494496 215 139 178
-46.49996092003157 161.53493460786967 510.6729319741506 216 140 179
-43.37990605048509 160.66397238856285 507.80699220780434 213 137 176
-31.75891054473838 158.93159412099564 505.0584181354459 211 135 176
-28.495117102105123 158.08183975934617 502.5783972852082 214 138 179
-27.031166548156847 157.67949811524545 501.02103342101674 211 138 178
-24.211367193729647 157.74546567714555 502.7393083201666 211 138 178
-21.22821197311793 156.7785609274692 499.58943878399344 209 136 174
-17.251407847731993 156.1856227584102 498.8532616549873 213 140 180
-14.855009562641431 155.42459910184652 494.7607120057723 209 136 176
-11.98003730390324 155.09385680659264 496.1484164840418 212 141 180
-10.04790454845697 154.87097541224114 495.72915500816265 211 140 179
-2.516465517994767 153.58246466388928 493.2888618872328 209 136 174
10.214562901454151 151.2109052685937 488.0448697942462 215 139 178
13.227315899745566 151.3382753101019 489.947788541666 214 138 177
-28.088790398796746 159.98290134231928 502.7573839019349 212 139 179
-26.957715416956912 159.56467876824593 500.4980366042507 206 135 174
-20.57913577002772 158.7085357376903 500.2944639431244 212 139 177
-13.280281855391049 157.25394743321587 497.233185576923 211 138 178
-5.408076250693166 156.24759915757036 495.7236036326319 207 136 173
-42.797742703748945 163.86625181573123 502.75688930646254 197 140 181
-35.473231058100005 163.2605784199033 504.90939724491545 204 128 167
-34.06257723881277 162.91106422594495 503.28833691973176 200 127 165
-19.147994896334335 160.28252809227092 498.1188209333172 201 130 169
-13.17952456246732 159.30514929623976 496.9390678688967 207 134 174
-4.7155578057218595 157.61412911042305 491.96203822367164 203 132 169
1.3740134246238458 156.62443129547415 490.99189277953144 208 135 173
170.6478105024825 139.73686533445692 501.6955117852958 0 12 20
-43.31916642028811 166.26385760271168 505.7617674854785 202 163 214
-35.903145435990474 165.06326154620277 503.2355611831937 194 146 182
-31.619683303984683 164.41059466841182 503.1074056777596 197 126 165
-30.160257802783683 163.95311662742597 501.48913215299 196 129 169
-28.451621908437648 163.68427178202577 500.58815446468896 191 131 169
-23.60941822671203 162.58286597583302 497.02002407204253 191 134 171
-16.630280722882254 161.1503964267472 493.41009053730403 195 127 165
-13.239780974669884 161.13067448066465 496.118028668822 202 129 169
-7.503151741031687 159.80485392301014 490.1488164429141 154 106 142
-5.283928794692911 159.4668453624318 490.2005741061288 193 137 169
-1.815843780639476 159.2921046939816 492.82550771083356 199 131 167
12.81348607719032 157.0100084795301 487.3774390621789 168 135 175
183.75202333666755 142.71124306834622 517.3584796099705 0 16 28
-70.80392771213593 171.93940146031161 509.83086040172464 45 24 53
-55.90287355432918 168.63903747167873 499.83978269953155 48 30 51
-43.212742909700836 168.17475162336865 505.32591464476246 31 4 40
-38.975655530785644 167.58806364635439 505.1938692973014 112 81 127
-39.82745414121878 166.50883181559902 498.0460923399122 28 6 38
-36.48481797429207 166.73114640353353 501.1118699961333 26 0 37
-33.612301190556465 166.60757842277818 502.79230455597764 128 98 139
-31.447004373043054 166.4044450251688 502.9060483941353 89 61 100
-23.85600684064606 165.1294561975972 500.63419854229534 181 133 171
-26.222609005065326 163.87843560513517 490.4824086160373 39 26 44
-22.24479746998703 164.1051053443896 494.6990958545889 28 0 31
-17.09674789965075 163.75731824967443 496.5893373072534 152 117 158
-12.965939201965945 162.45556014219207 491.4701714370409 48 6 45
-9.425451358018083 162.5025909612625 494.49904252127953 194 140 183
-9.171041306120546 161.7187369754557 490.2704443303475 161 113 149
-6.931986877414326 161.60893981677177 490.5769302082343 154 106 142
-3.963175423501849 161.50548088171698 492.30017986259753 185 137 173
-1.9986421354120225 161.12136262390555 491.8007005370202 187 131 165
8.971707859881276 159.0608798705879 487.44999018675236 189 129 167
190.9100544238256 144.91972765971096 523.8684493085965 0 15 33
205.29499937579317 144.46616779371726 530.2643923466175 0 15 27
-145.91180813829544 181.8880953719696 508.1089704807874 48 35 43
-85.16268607414159 175.1585830146449 509.01981615234655 46 36 50
-76.44712946938091 172.8611660427989 499.56215235988475 47 35 46
-73.96806371311035 172.6019811970474 500.4605046702155 48 34 47
-53.703536616170176 172.6606252750706 514.993049365217 64 41 91
-41.16798111454003 170.50173661478235 509.4519493057483 25 9 46
-45.33144942057002 168.641591787722 494.41966211936705 46 32 43
-27.509923594333113 166.83351844813987 496.45363888666503 43 23 43
-20.120244657643283 166.14217532631739 498.4878478732879 166 120 160
-14.168504068849787 164.5674709337737 492.68690180679675 30 0 34
-12.556798986594407 163.88936089736688 487.2570940766731 44 28 35
-5.720845785277817 163.45993012547956 492.2931842332237 154 106 142
176.38380177433353 146.9074674644212 512.7757792983952 0 13 25
177.6946960576521 146.21131537328878 510.86123209744375 0 13 23
191.66133560000742 145.76219334804136 516.9467486979072 0 15 22
224.96326760818442 143.4236637085066 524.7534024194862 0 12 21
