ply
format ascii 1.0
element vertex 11961
property float x
property float y
property float z
property uchar red
property uchar green
property uchar blue
end_header
56.48568000308786 -218.3628316296047 440.4507586781853 0 7 22
121.11550261100166 -289.3581047782402 597.8847705274062 0 3 4
121.94820473729474 -289.28966941524646 598.557758951874 0 3 1
121.52457104742756 -288.00860754595095 598.291215874089 0 3 3
24.231617638024574 -209.43238586413452 443.5551438821644 0 3 20
20.417032112214905 -209.49519340102742 447.93170168045714 0 5 16
25.709119923409183 -211.29549498469981 450.6157646611474 19 45 72
25.564321723017 -210.83393259500616 450.57242968758874 15 44 72
40.782714126118925 -217.5197522303793 475.10088341503143 18 52 88
40.62962344943196 -217.0318569224187 475.04297240315026 18 52 88
40.476714490691485 -216.54437783154037 474.98514584731464 19 53 89
41.118284362553275 -199.6978208425105 453.95708041747343 19 55 90
-20.73501619700279 -198.68881839516055 449.4523183939144 0 1 2
-20.103800531876303 -199.02072873860521 449.88188389647513 0 1 2
40.95094119929036 -199.17649576102446 453.73311508308495 17 56 90
40.80686236575624 -198.71759516172008 453.6853791328752 17 56 92
41.30505747352006 -196.4217313071374 452.94095711110185 17 56 90
47.51039481959041 -183.69055071856064 421.51042599774263 17 56 92
41.16149147517464 -195.96407373140272 452.89258774737556 18 54 91
-22.264740842511173 -196.71961197600677 456.1075113865671 0 4 27
40.898415833781016 -194.7497439659069 451.2266713445312 22 58 93
-17.357041384935727 -196.5503782156057 454.38604168663625 18 50 82
39.91492709911625 -193.53004723263805 450.7267720089183 21 57 92
36.824488396002415 -193.2610461407076 450.7971501513127 22 61 97
37.79322039364096 -192.8924551960216 451.0673311916855 21 60 96
38.660625562934044 -192.7775798514557 451.38947637505487 24 60 97
39.07587911599319 -192.76697947849607 450.27516395531825 24 60 97
39.77280986816202 -193.07619161541004 450.67967154124966 23 59 96
-27.118238615826026 -160.01301236032126 374.6933765746276 0 2 10
35.40168926243802 -187.44508464735577 439.8208455192556 20 59 97
36.33379454060036 -194.0029156532378 451.47654854754103 21 60 96
38.03267006467516 -178.13035904827134 414.5602620921922 20 59 95
-25.0433682701983 -185.30754569054906 439.15098186897205 18 44 71
31.24309985844733 -192.48644881927135 454.08900230547357 20 59 97
31.985346473612815 -187.6163018976668 443.0166583546733 20 59 97
-31.636493306026097 -157.0894878764074 372.610363444197 0 3 11
-25.791776114034157 -184.55106558093894 438.7002080072721 25 54 82
88.30323021544022 -172.8315649949033 413.0002105567065 0 4 10
-28.120699792607038 -194.35307983824876 465.51138193024946 18 52 88
-28.262314425934093 -193.87076858564447 465.4469441643072 18 54 89
88.59988841251979 -171.87699475029945 413.22197044730507 0 3 13
80.73212710754935 -173.7309652343457 420.1045721397018 16 55 93
81.2880854479973 -173.57639792665046 420.3919489537462 16 55 91
90.37925768930334 -177.92840023282045 431.21029455696686 0 16 35
90.24534657370407 -177.50868841136943 431.17571657412856 0 16 38
-51.009854367027344 -199.63570208600143 491.1611289245948 21 42 71
89.39936603105916 -176.82471893456213 430.8029345515604 8 37 63
-51.15403166525906 -199.11764639290115 491.0728567732089 24 49 81
6.601013896979609 -170.19338465191993 423.891555981225 20 61 98
75.36402760511923 -168.78080509252402 416.4943825504733 18 58 98
243.34444125949395 -236.203744851535 586.8689794370817 0 1 0
244.5275499652739 -236.64638740210887 587.5743770917667 0 1 0
6.471579069847643 -169.770228737982 423.8540106339411 20 61 98
7.7267445808581785 -170.30757375444477 424.5594631175291 23 64 101
-112.89750261821324 -319.76139446309327 793.1347127379177 0 2 6
-25.882295964384376 -182.58843961832522 453.3231749684868 18 54 91
1.894820144205909 -176.1086718180251 438.3132460864625 20 61 98
7.597092175200033 -169.88413589350446 424.5218135444915 23 64 101
-26.192126497699537 -183.27259345394256 456.05753119756156 15 54 90
-0.39568006169750275 -171.1177546633283 430.3353018510965 16 57 94
0.23457248226868854 -171.39471141035688 430.7060663712042 18 59 96
0.8726872547455509 -171.71855539283672 431.22902903020093 18 59 96
7.467544722212676 -169.46100924254725 424.4841974638814 22 62 102
7.501425360350835 -170.89885729048123 429.53105822308 22 62 102
-5.222763071641506 -184.81443397796625 466.94262563031907 19 58 96
62.18407027059546 -169.6651184430898 431.67638652543184 18 58 98
62.56644400172371 -170.9706620087924 432.4579942879708 19 59 99
63.25928465230992 -171.2351223611216 432.8088322094092 18 58 98
64.4992455620444 -171.923121961594 435.45531847942925 19 59 99
65.1989605713884 -172.19047348883865 435.8124730499599 20 60 100
-123.9104299842103 -304.4295109319481 769.8603108083663 0 2 4
-123.07544129849464 -305.36223502268916 771.6049231775107 0 2 8
58.54507184352743 -167.97087155555906 425.21441062961424 19 59 99
60.95404249011184 -172.52449414839066 434.8662639699675 20 60 100
62.05089938352758 -169.2421876179431 431.63669364893354 18 58 98
-128.62502322830005 -305.6038180055806 776.2493957401399 0 3 5
57.22531953255433 -167.6293593111984 428.14022011829616 22 62 102
57.906466667202345 -167.88778686845964 428.4827449330636 21 61 101
57.75378780129677 -168.03781914482352 425.93234537511137 21 61 101
58.41474090336048 -167.5556905560155 425.17909576387564 21 61 101
97.31103678338164 -172.66069983909793 441.1351319834871 0 3 7
-60.1572127686898 -139.73192934999523 357.73954230096126 0 2 6
-59.67848794646114 -139.93575649985388 357.9740649359567 0 3 7
56.21660176726739 -164.69074539409053 423.86572718139485 20 60 100
56.82065605291537 -165.63887262532936 424.95624182907244 21 61 101
57.49627499231473 -165.89273125737415 425.29147260857144 20 60 100
-15.443619201608307 -186.5733638612293 478.5692485590031 19 60 97
-62.28674171880184 -138.2094207832018 356.78880630797033 0 3 9
-68.19149719045494 -176.7694320773342 459.0433425598784 23 53 85
14.802766937346009 -161.2554329007581 424.2035971856541 20 60 100
15.440140256319719 -161.51274691863426 424.55268003862307 21 61 101
-68.3242487973454 -176.29272793390388 458.97383137694294 23 53 85
14.67500633231238 -160.83640676327576 424.1640906782329 21 61 101
19.67398683984693 -162.48501347766438 426.932620606059 22 62 102
19.54521719442435 -162.06426938484566 426.892670092625 24 62 103
18.77225139451706 -161.38431564725042 426.4998287327977 25 65 105
19.416572396734253 -161.6438419954462 426.85276587106347 23 63 103
188.0311708981826 -326.6765790741989 863.7780677659773 0 13 39
101.49783911140406 -169.06066385730819 452.4355676784102 0 4 10
18.643881885767602 -160.96449673642294 426.4600340442087 26 64 105
100.59346447665123 -168.3526755335712 452.001231360376 0 4 20
101.35690533558055 -168.6214682863226 452.38416918624057 0 4 10
-0.42420076140892254 -157.95400959693663 428.52346550151765 23 63 103
-0.5515010476551361 -157.52967813833897 428.47949461603315 23 63 103
10.493231508199626 -156.22913145408026 422.11580616656676 26 66 106
210.54978082493145 -224.8931622093633 611.2805334837851 0 1 0
-38.281446524200994 -165.8996905382494 453.82690317288615 19 60 97
9.612104922223091 -155.14858221300622 421.69332078494074 26 66 106
237.51275446066293 -211.4944099921204 580.3542057653556 0 1 0
238.6795397929276 -211.8977007916818 581.0416418773701 0 1 0
239.84919272102053 -212.30199992222617 581.7307675886591 0 1 0
-174.06873476612458 -260.6664843863617 713.7829971530896 0 5 12
-54.1257942932583 -176.39723290995803 489.47384350635485 19 60 97
-54.10376602237464 -178.17343548231196 490.7535187149928 19 60 97
-107.59667100444584 -168.23168777286253 469.9831805487825 20 45 68
-54.26358020859184 -175.89170433057538 489.3812192525648 19 60 97
86.88313638534744 -153.13959880163378 424.61124058386673 22 62 102
-118.40461586900739 -183.02755799100987 513.404909461825 20 49 77
1.0937844069020668 -153.32694959337175 431.516363834723 26 66 106
0.33095264557525356 -152.6445675460004 431.0990303006578 27 67 107
0.9668075183341536 -152.9021179165637 431.4698285404948 27 67 107
1.6037709152764066 -153.16016435869977 431.8412697462951 23 63 103
0.20424526988626843 -152.2203698242853 431.0526135040925 27 67 107
0.8399220723777135 -152.47759747263817 431.42332636307754 26 66 106
1.0540908425012798 -151.00746083531595 430.6137267485474 25 65 107
0.927863493674065 -150.58447645113387 430.56725443251145 27 67 109
-140.3147138733903 -172.35378077331566 501.90086778147304 11 34 53
-0.1419553443480529 -158.1687450303661 465.92012665316474 27 67 109
0.5469809131256091 -158.45856665316555 466.38012320446916 27 67 109
-140.98118586385306 -171.43449643703826 501.1253569128707 12 37 58
-140.43670860759502 -171.815523122697 501.7759207999158 12 37 58
294.7214818685734 -250.3184510885871 735.1760419227361 0 1 0
-141.818448361644 -171.89964706227298 502.88498256183533 15 42 64
-13.231441008090467 -168.39557737077294 498.6452554411268 26 66 108
280.1027599128209 -244.18475138826514 724.0200549251389 0 1 0
-154.65675722092305 -174.3376330921968 514.2915220130757 6 18 34
-154.12224452762 -174.73973921216415 514.9954572047077 7 19 35
-13.373989628691655 -167.89232212084843 498.54916188860955 25 65 105
-12.558828291963136 -168.57173220363052 501.131375331733 26 66 106
-10.965747145837963 -158.46396121680868 465.7432317259582 26 66 108
276.6907670473485 -242.27504204933874 721.3908972032893 0 1 0
278.24901438011005 -242.85967943213174 722.5763733145848 0 1 0
279.8125438856606 -243.44632267702954 723.7658692476056 0 1 0
-81.98351063900596 -154.95165825891758 461.0011329325214 18 54 89
-82.2490978035472 -156.85645212220538 467.0569677737822 17 53 88
-81.65532881808859 -157.16856549633434 467.56508738933263 16 55 91
-80.44656830989217 -156.19728027829024 467.4410534052978 17 56 92
-11.774414386541277 -157.70720037080653 465.20841489472537 26 66 108
271.7619298340777 -239.80182082779535 717.6080583637482 0 1 0
273.30375472144783 -240.3792889115731 718.780987222732 0 1 0
274.85078132838487 -240.95872988240438 719.9578745486132 0 1 0
276.4030358498707 -241.54015341691837 721.1387402618559 0 1 0
277.9605446397409 -242.12356924952437 722.3236044036801 0 1 0
279.52333421189206 -242.7089871728608 723.5124871369775 0 1 0
281.09143124149875 -243.29641703825078 724.705408747241 0 1 0
282.66486256623915 -243.88586875615823 725.9023896434942 0 1 0
284.2436551875389 -244.47735229665383 727.1034503592397 0 1 0
285.8278362718223 -245.07087768988103 728.3086115534093 0 1 0
-202.46409449139617 -216.37053745854433 647.039147694171 0 4 11
-143.62711870873295 -167.78592912504024 498.0464852700559 13 44 69
-84.86658823052402 -158.34087053093958 469.71455114654407 17 56 90
-18.80060198627917 -160.3763963400129 483.25364865493844 27 65 106
-18.107110506903407 -160.68754971518135 483.771282788255 26 64 105
266.88504385206613 -237.35458896886448 713.8650874406254 0 1 0
268.41069349019585 -237.92499909039918 715.0256580942827 0 1 0
269.9414658697522 -238.49734975576226 716.1901269863744 0 1 0
271.47738671014866 -239.07165045318789 717.3585136750355 0 1 0
273.0184818860583 -239.64791072725822 718.5308378364163 0 1 0
274.564777428579 -240.22614017933873 719.7071192655709 0 1 0
276.11629952641505 -240.8063484680172 720.8873778773556 0 1 0
277.6730745270722 -241.38854530954933 722.0716337073364 0 1 0
279.235128938054 -241.97274047830396 723.2599069127004 0 1 0
280.8024894280845 -242.5589438072191 724.4522177731864 0 1 0
282.3751828283332 -243.14716518825836 725.6485866920141 0 1 0
283.9532361336535 -243.7374145728719 726.8490341968294 0 1 0
285.53667650383903 -244.32970197246559 728.0535809406565 0 1 0
-94.0131554203487 -166.81386098285995 503.69562986260445 21 57 92
-22.090074743764475 -157.06523663177896 470.0901874629806 24 62 103
-21.41983082286123 -157.36348891518648 470.572547135013 24 62 103
-16.14133208244091 -152.085786147992 456.51994069386694 23 61 102
23.56920897541626 -144.07954691238382 432.946724646687 25 67 113
268.12857518834085 -237.1982999503678 714.7780940315928 0 1 0
269.6586252057375 -237.769452682188 715.9419641948884 0 1 0
271.19382236142314 -238.34255178035284 717.1097509804536 0 1 0
272.73419252401186 -238.91760677167747 718.2814740590077 0 1 0
274.27976171849 -239.49462723965 719.4571532201285 0 1 0
275.83055612739344 -240.07362282486878 720.6368083731469 0 1 0
277.38660209199975 -240.65460322548537 721.8204595480559 0 1 0
278.94792611353114 -241.23757819765186 723.0081268964224 0 1 0
280.51455485437003 -241.82255755597356 724.199830692312 0 1 0
282.08651513928476 -242.4095511739646 725.3955913332262 0 1 0
283.66383395667054 -242.99856898451003 726.5954293410398 0 1 0
285.24653845979986 -243.58962098033024 727.799365362955 0 1 0
286.83465596808816 -244.18271721445277 729.0074201724648 0 1 0
288.4282139683713 -244.77786780068817 730.2196146703238 0 1 0
290.02724011619426 -245.37508291410876 731.435969885527 0 1 0
291.6317622371153 -245.97437279153496 732.6565069763046 0 1 0
-22.223770823927595 -156.59551584627445 470.0138653508617 23 61 102
-21.55379118701562 -156.89330450651013 470.49605160286967 24 62 103
23.164649068116905 -144.23614526815564 432.6974556847746 28 70 114
270.91123484260083 -237.61452045989753 716.8617686080447 0 1 0
272.4508846895081 -238.18837268658837 718.0328942177076 0 1 0
273.9957322518221 -238.7641866962162 719.2079747386485 0 1 0
275.54580370601565 -239.34197211143936 720.3870300747553 0 1 0
277.1011253872477 -239.92173861235742 721.5700802505297 0 1 0
278.6617237905658 -240.5034959369568 722.757145411999 0 1 0
280.2276255721185 -241.0872538815616 723.9482458276436 0 1 0
281.7988575503842 -241.67302230128968 725.1434018893264 0 1 0
283.37544670740937 -242.26081111051204 726.3426341132373 0 1 0
284.9574201900579 -242.85063028331797 727.5459631408422 0 1 0
286.54480531127797 -243.44248985398528 728.7534097398484 0 1 0
288.137629551375 -244.03639991745285 729.96499480517 0 1 0
289.73592055930413 -244.63237062980195 731.1807393599136 0 1 0
291.3397061539717 -245.23041220873935 732.4006645563666 0 1 0
-155.25335458318165 -165.4610471348533 500.5264764540078 11 36 57
-154.73079457445095 -165.83784516874343 501.1862771021813 9 34 55
-23.052876613176224 -155.19807319676968 474.20032324399534 24 62 103
23.392543097671627 -139.3133691134761 424.7327484390619 30 72 118
273.71268708506005 -238.03481418364558 718.9595821496473 0 1 0
275.2620403183034 -238.6113919534394 720.1380413098809 0 1 0
276.81664246837903 -239.18994708694734 721.3204941416432 0 1 0
278.37652002426483 -239.77048930404047 722.5069607855055 0 1 0
279.94169963598733 -240.3530283828139 723.6974615044439 0 1 0
281.51220811584375 -240.9375741600404 724.8920166847687 0 1 0
283.088072439641 -241.52413653163043 726.0906468370683 0 1 0
284.6693197479477 -242.11272545309475 727.2933725971601 0 1 0
286.2559773473554 -242.70335094001354 728.5002147270476 0 1 0
287.8480727117551 -243.29602306851004 729.7111941158969 0 1 0
289.4456334836246 -243.89075197572737 730.9263317810095 0 1 0
291.04868747533385 -244.48754786031344 732.1456488688199 0 1 0
292.6572626704558 -245.086420982908 733.3691666558893 0 1 0
-25.147667956719207 -156.2707770169009 476.6610551323728 23 61 102
44.32216818271383 -144.82989780142208 437.6130396155027 30 72 118
276.5331513938014 -238.45922426780362 721.0716995504862 0 1 0
278.0923128726119 -239.0385539085041 722.2575713452406 0 1 0
279.6567751035384 -239.61987666035316 723.4474760502238 0 1 0
281.2265648928073 -240.20320234183018 724.6414340462776 0 1 0
282.8017092100981 -240.78854083043655 725.8394658384732 0 1 0
284.38223518979305 -241.37590206315733 727.0415920570629 0 1 0
285.9681701322409 -241.9652960369287 728.2478334584366 0 1 0
287.55954150503044 -242.55673280911057 729.4582109260945 0 1 0
-19.60790941584705 -140.30965682289738 433.578110065132 26 64 105
40.6354939209547 -143.75933714133865 439.28762837990524 25 69 115
151.36794320372366 -208.90132431009562 644.145112974237 0 3 13
279.3728500352439 -238.8877943166043 723.1982877947457 0 1 0
280.94192594135956 -239.46990244008626 724.3916523028497 0 1 0
282.5163550784813 -240.054019591329 725.5890894456861 0 1 0
-183.8179546193598 -176.2592954492867 542.656403364241 0 2 8
-85.48649937225828 -152.28437773111295 464.45769606834244 17 53 88
-183.92673954484468 -175.66276855447344 542.4750570341382 0 8 22
-20.83576071850337 -147.7226185334098 453.48857139427906 26 64 105
-20.18670702991292 -147.99644855694973 453.9252023070019 27 65 106
-183.0190644976292 -175.9473789871099 543.9476203086734 7 29 53
-85.11956415784158 -150.08027545785876 463.67313438516277 17 53 88
410.6511280354026 -256.4331186577574 788.9822084683982 0 1 0
-185.58742432502058 -171.22841127276465 539.7470356976426 9 41 63
-159.08789948230998 -160.11462670247263 511.5825141926446 9 46 74
-188.32581733380155 -169.8306447886426 546.5766699089129 12 44 66
86.621709447895 -124.68779835991397 405.49862116632124 25 64 109
-188.43171651886993 -169.2328146725307 546.3873951696808 11 44 69
-128.42259930621825 -150.627534417141 485.8697890797027 15 50 83
86.50526178138536 -124.30917607206177 405.464003376954 25 64 109
473.87502610976946 -268.2851381404537 882.3098266935551 0 1 0
476.20141275841496 -269.0382348828088 884.0996645136595 0 1 0
478.5372954223335 -269.79439993150396 885.8968076674653 0 1 0
480.8827300679734 -270.55365108624625 887.7012991827152 0 1 0
464.23769981827485 -264.4105392233724 874.8219920376933 0 1 0
466.5252800460788 -265.1496608456447 876.5818365518534 0 1 0
468.822131155165 -265.89177337338253 878.3488127512102 0 1 0
471.1283074176953 -266.6368940323527 880.1229623575125 0 1 0
-141.70081184221766 -159.4467309428362 524.5460995831443 15 50 83
-60.70704904776079 -131.72509502369977 439.594859463185 21 60 98
-63.75944536184758 -139.99717594151903 464.8897914573223 21 60 98
-59.84647850644341 -132.94377712881226 443.27277141301516 21 60 98
-56.48651423252083 -135.09626607068975 450.97086553664997 20 60 100
457.01027827469204 -261.3255157499007 869.1891670052788 0 1 0
459.26901827192944 -262.0539162161197 870.9266885281166 0 1 0
461.53686347973894 -262.78524930590663 872.6712138238915 0 1 0
463.813866933592 -263.51953181885733 874.4227836603836 0 1 0
466.10008206358043 -264.25678067990583 876.1814391087421 0 1 0
468.3955626982572 -264.9970129405661 877.9472215464473 0 1 0
470.7003630685083 -265.74024578017895 879.7201726602839 0 1 0
473.0145378114859 -266.48649650718176 881.5003344493681 0 1 0
475.33814197457906 -267.23578256039076 883.2877492282046 0 1 0
477.671231019441 -267.9881215102988 885.0824596297799 0 1 0
480.0138608260619 -268.7435310603896 886.884508608699 0 1 0
482.3660876968911 -269.50202904847055 888.6939394443552 0 1 0
484.72796836101475 -270.2636334480169 890.5107957441443 0 1 0
487.09955997838034 -271.02836236953783 892.3351214467135 0 1 0
489.4809201440774 -271.7962340619566 894.1669608252562 0 1 0
-143.4298733737817 -156.49816080756733 519.7180084319169 13 48 79
-142.86553590854118 -156.87254460182038 520.4325923705783 10 45 78
-63.0574797352954 -137.68935607974086 461.89865250603157 20 59 97
-63.26437990060075 -139.815089402443 465.29770143185317 20 59 97
14.286785438148643 -129.50269870089946 429.6788696696929 28 72 120
458.84968120101144 -261.1681525846325 870.5313065779794 0 1 0
461.1161804480961 -261.89763219971616 872.2746588013422 0 1 0
463.3918326885654 -262.63005384441567 874.0250509719256 0 1 0
465.6766913124297 -263.3654343981817 875.782524126888 0 1 0
467.9708101077361 -264.10379086666194 877.5471196093687 0 1 0
470.27424326444265 -264.84514038294583 879.3188790714614 0 1 0
472.58704537833876 -265.5895002088291 881.0978444772353 0 1 0
474.90927145501576 -266.3368877360914 882.8840581057851 0 1 0
477.2409769138861 -267.0873204877904 884.6775625543249 0 1 0
479.5822175922508 -267.84081611957237 886.4784007413158 0 1 0
14.165611671378489 -129.09089401501078 429.6282992658189 26 70 118
73.94233080844836 -120.0912176817186 399.33463275200165 26 68 114
74.59503159626553 -120.27882398519164 399.60497055855035 25 67 113
458.43212216519424 -260.28390275237746 870.1373835949918 0 1 0
460.69728394704066 -261.01153328529796 871.8795694413964 0 1 0
462.9715935121914 -261.7420984747838 873.6287906749337 0 1 0
465.25510421091144 -262.47561515497165 875.3850882990375 0 1 0
467.5478697910826 -263.2121002858139 877.1485036227729 0 1 0
469.8499444020764 -263.95157095432165 878.9190782638118 0 1 0
472.1613825986681 -264.69404437582386 880.6968541514507 0 1 0
474.4822393450031 -265.4395378952405 882.4818735296517 0 1 0
476.81257001860683 -266.1880689883728 884.2741789601326 0 1 0
479.1524304144515 -266.93965526320943 886.0738133254966 0 1 0
481.50187674906465 -267.69431446124736 887.8808198323864 0 1 0
483.8609656646965 -268.4520644588306 889.6952420146923 0 1 0
486.2297542335318 -269.21292326850505 891.5171237367944 0 1 0
488.6082999619594 -269.97690904038916 893.346509196841 0 1 0
490.9966607948913 -270.7440400635642 895.1834429300764 0 1 0
493.39489512013733 -271.5143347674793 897.0279698122008 0 1 0
495.8030617728343 -272.2878117233743 898.8801350627805 0 1 0
498.22122003993104 -273.06448964572314 900.7399842486941 0 1 0
653.6972813079891 -301.44751117000743 1012.9934360647835 0 1 0
656.7724298868111 -302.3694581081688 1015.3323336599984 0 1 0
659.8615868333765 -303.2955784435551 1017.6818827182694 0 1 0
-201.72256962005406 -154.53400223333585 518.4272366387552 10 37 57
-146.56085542220532 -154.8362199777389 518.15174908975 13 48 79
-140.42647111811127 -152.88490856412756 516.6643242296718 15 50 81
3.842883856250055 -136.46879487798213 460.3219910883372 28 70 116
14.044550072596836 -128.67939276913643 429.5777790990325 29 72 123
82.64986113060534 -120.63261188099621 408.0967514492419 25 67 113
467.12673816939815 -262.32193434477045 876.7513702807325 0 1 0
469.4274628917182 -263.0595306206537 878.520766921466 0 1 0
471.73754587189404 -263.8001221139912 880.2973601461181 0 1 0
474.0570420329735 -264.5437261230196 882.0811921637957 0 1 0
476.3860067109508 -265.29036007646124 883.8723055010022 0 1 0
478.7244956588257 -266.04004153482595 885.6707430047582 0 1 0
481.0725650507073 -266.79278819172845 887.4765478457603 0 1 0
483.43027148597633 -267.54861787522213 889.2897635215775 0 1 0
485.79767199349016 -268.3075485491491 891.1104338598911 0 1 0
488.17482403584773 -269.0695983145076 892.9386030217698 0 1 0
643.9825353242231 -297.671792654487 1005.5056245494135 0 1 0
647.0140833981167 -298.5788654997831 1007.8111538046211 0 1 0
650.059356633156 -299.4900195835209 1010.127118290065 0 1 0
653.1184447868421 -300.4052813744137 1012.4535862229645 0 1 0
656.1914383980925 -301.3246775735464 1014.7906264146524 0 1 0
659.2784287961528 -302.2482351170476 1017.1383082773516 0 1 0
662.3795081096208 -303.17598117879385 1019.4967018310393 0 1 0
665.4947692756103 -304.10794317315685 1021.8658777104137 0 1 0
-140.5419660552261 -152.34364652125046 516.5209723389852 16 51 84
-65.05631951016738 -121.51475590254282 409.4980976270986 24 60 97
-72.01386504589779 -141.55507410086037 479.7270001133049 20 59 97
466.7074116773771 -261.43328620283125 876.3557162885717 0 1 0
469.0067951573739 -262.16901252091145 878.1239417398846 0 1 0
471.31553161124015 -262.9077265418528 879.8993591467587 0 1 0
473.6336759212739 -263.6494455173815 881.6820106837175 0 1 0
475.96128338229005 -264.3941868293169 883.4719388423249 0 1 0
478.2984097056714 -265.1419679908687 885.2691864343024 0 1 0
480.64511102347063 -265.89280664794967 887.0737965946807 0 1 0
483.0014438925609 -266.646720580504 888.8858127849963 0 1 0
485.36746529884005 -267.40372770385363 890.7052787965177 0 1 0
487.74323266149105 -268.1638460700624 892.5322387535304 0 1 0
490.12880383728333 -268.9270938693127 894.3667371166354 0 1 0
492.5242371249399 -269.6934894313033 896.2088186861155 0 1 0
635.5962308109285 -294.2926123108009 999.909762799557 0 1 0
638.5936998625215 -295.1876481949611 1002.1916526383646 0 1 0
641.6046869543902 -296.08669590087595 1004.4838305515286 0 1 0
644.6292801082041 -296.98978132590884 1006.7863635031287 0 1 0
647.6675681074083 -297.8969305934002 1009.0993190369945 0 1 0
649.4853094761462 -298.4522952783617 1009.5912630818309 0 1 0
652.5422672818714 -299.3650249844207 1011.9158936288939 0 1 0
655.613119151436 -300.2818771735461 1014.251086793291 0 1 0
658.6979563092826 -301.2028786948611 1016.5969119011613 0 1 0
661.796870777971 -302.12805663436905 1018.953438885401 0 1 0
664.9099553873133 -303.05743831768814 1021.3207382926107 0 1 0
668.037303783643 -303.99105131282084 1023.6988812901432 0 1 0
-203.28705527858722 -152.24387152138033 515.830908003456 7 37 60
-169.94594950746625 -147.7965170064834 497.2854169072845 2 42 71
-71.7985512082564 -133.51766576655464 449.67898617205134 21 60 96
475.5383964379837 -263.4995423369886 883.0730756610577 0 1 0
477.87416894938735 -264.2454277006482 884.8691402809842 0 1 0
480.2195110506898 -264.99436287835806 886.6725627358167 0 1 0
482.5744792566228 -265.7463656021351 888.483386451342 0 1 0
484.9391305104929 -266.5014537389643 890.3016551827102 0 1 0
630.8713923071109 -292.04015582840435 995.3385399429616 0 1 0
633.8448063939964 -292.92624564577983 997.5994461366424 0 1 0
636.8315727490909 -293.8162902945574 999.8705022702488 0 1 0
639.8317778961916 -294.7103151762729 1002.1517740903097 0 1 0
642.8455091038105 -295.6083459129054 1004.4433279094435 0 1 0
645.8728543935753 -296.5104083493832 1006.7452306127503 0 1 0
648.9139025487433 -297.4165285561275 1009.0575496642815 0 1 0
651.9687431228331 -298.32673283162836 1011.3803531136099 0 1 0
655.0374664483784 -299.241047705058 1013.7137096024793 0 1 0
658.1201636457976 -300.1594999389182 1016.0576883715532 0 1 0
661.2169266323989 -301.08211653172924 1018.4123592672644 0 1 0
664.3278481314914 -302.0089247207491 1020.7777927487392 0 1 0
667.4530216816453 -302.93995198473664 1023.1540598948401 0 1 0
-224.76065194124192 -156.11092254802458 530.5534786428108 0 5 5
-224.33829755481307 -156.52500082368735 531.3760654008225 0 9 9
-202.92912499953934 -152.07050874608814 516.4164094420307 6 37 62
-170.05416366794518 -147.26888066174476 497.14996420275344 2 44 72
-157.0703313613894 -145.15282211704346 497.79544470164154 5 42 72
-156.021864150164 -145.84207521157882 499.1052384985935 9 46 76
-68.58527030369285 -119.64108461524937 405.18555707335196 22 63 98
71.27545478184132 -124.91377441328187 430.14301755463106 22 68 115
70.65389337825474 -121.4447239124048 413.4515173814698 24 68 116
475.11734229734304 -262.6064197022543 882.6757126456872 0 1 0
477.4517697984286 -263.35041374627593 884.4706012232743 0 1 0
643.5950329438739 -297.78776721066527 1022.8946078079285 0 1 0
637.4654173561399 -293.1333960416892 1001.1351437987273 0 1 0
640.4722377130272 -294.0274672794729 1003.4237202943729 0 1 0
643.4926421237443 -294.9255529942259 1005.7226331563684 0 1 0
646.5267191711564 -295.8276791413377 1008.0319497634151 0 1 0
649.5745582061746 -296.7338719030943 1010.3517380786237 0 1 0
652.6362493564808 -297.6441576912774 1012.6820666561596 0 1 0
655.7118835353697 -298.55856314979746 1015.0230046479712 0 1 0
658.8015524507097 -299.4771151573627 1017.3746218106088 0 1 0
660.6396699460603 -300.0381516224506 1017.8734577573882 0 1 0
663.7484417524536 -300.96239309859715 1020.2370358345596 0 1 0
666.8714539581969 -301.89084145420327 1022.6114377165578 0 1 0
-224.84877843115873 -155.52630372084118 530.362681736217 1 15 21
-224.00355229985072 -156.35362249804493 532.0088111391659 10 25 38
-234.3276746126447 -165.39308325926712 563.1983225970379 13 29 48
-203.02636053718803 -151.5105125875249 516.2499526827336 6 37 62
-60.82231283210174 -131.61483450028155 455.74085583344896 22 60 101
69.67019890267636 -123.11138006389126 427.79869308339767 27 73 120
633.8013635759277 -293.9772313276215 1015.1771994226991 0 1 0
636.856393588918 -294.89205564613064 1017.5518088621438 0 1 0
639.9255815203996 -295.81109630928273 1019.9374201703234 0 1 0
643.0090222980713 -296.7343813469891 1022.3341070851362 0 1 0
641.7189176231558 -293.55264059922894 1003.389496607246 0 1 0
644.7421118442674 -294.4497187932791 1005.6878133148542 0 1 0
647.7789869531734 -295.3508314455389 1007.9965277376085 0 1 0
650.8296323024374 -296.25600468576914 1010.3157077597995 0 1 0
653.8941380212734 -297.1652648727409 1012.645421855983 0 1 0
656.9725950243808 -298.0786385968616 1014.9857390976979 0 1 0
660.0650950209102 -298.99615268284134 1017.3367291602816 0 1 0
663.1717305235525 -299.9178341923921 1019.698462329781 0 1 0
666.2925948577566 -300.8437104269701 1022.0710095099612 0 1 0
-224.51536062213705 -155.35411794593634 530.9928611042758 13 31 40
66.10313949359379 -121.84822260146197 421.28702578367984 26 70 118
74.94338442692046 -124.43621230723403 432.1383889765609 26 70 118
624.1502694717996 -290.22202431684724 1007.5721230132112 0 1 0
627.1612004939141 -291.12179569151607 1009.9122342617925 0 1 0
630.1859977483982 -292.0256885204046 1012.2631197552122 0 1 0
633.2247535806331 -292.93373000801785 1014.624851217952 0 1 0
636.2775611498698 -293.8459476002296 1016.9975010068158 0 1 0
639.344514438579 -294.7623689870781 1019.3811421182007 0 1 0
642.4257082619181 -295.6830221055944 1021.7758481954497 0 1 0
645.5212382773395 -296.607935142675 1024.1816935363213 0 1 0
648.4400368179853 -294.6673668613908 1009.2892843687617 0 1 0
651.497524579597 -295.5726087593051 1011.6159771277268 0 1 0
654.5689328713933 -296.48194656346436 1013.9532602124347 0 1 0
657.6543531941605 -297.39540697939293 1016.3012032089813 0 1 0
660.753877849897 -298.313016948393 1018.6598763130029 0 1 0
663.8675999509948 -299.2348036502667 1021.0293503366672 0 1 0
666.9956134295484 -300.1607945060771 1023.4096967157549 0 1 0
-76.8880083660555 -125.44788427854381 438.6990948690953 19 60 97
74.44175723485081 -124.75881517594208 431.6929813235029 25 71 118
611.6845602180614 -285.6399673379564 997.7812181702636 0 1 0
614.6388067246688 -286.5210055447467 1000.0770593542939 0 1 0
617.6065466715714 -287.40604686186015 1002.3833842170492 0 1 0
620.5878691366029 -288.2951174692148 1004.700261937698 0 1 0
623.5828639741721 -289.1882437764573 1007.0277622986905 0 1 0
626.5916218240784 -290.0854524255918 1009.3659556926037 0 1 0
629.6142341204585 -290.9867702936492 1011.714913129097 0 1 0
632.6507931008545 -291.8922244953912 1014.07470624196 0 1 0
635.7013918154082 -292.8018423860535 1016.4454072962561 0 1 0
638.7661241361874 -293.71565156412635 1018.827089195571 0 1 0
641.845084766636 -294.6336798741742 1021.2198254893569 0 1 0
644.9383692511674 -295.5559554096963 1023.623690380387 0 1 0
652.7614080955337 -295.0972559398827 1011.5857220950244 0 1 0
655.8356776874432 -296.0055776777908 1013.9224191818558 0 1 0
658.9239678051956 -296.9180159406149 1016.2697700404779 0 1 0
662.0263707540119 -297.8345976160663 1018.6278447863202 0 1 0
665.1429796494073 -298.75534982986034 1020.9967141505452 0 1 0
668.2738884264962 -299.6802999484694 1023.3764494871147 0 1 0
-77.66668159163939 -124.91587544067343 438.71073472953566 16 57 94
632.0794761884225 -290.8527053149679 1013.5267589510919 0 1 0
635.127879607451 -291.7597304921682 1015.8955221602668 0 1 0
638.1904046049281 -292.67093449206226 1018.2752558054167 0 1 0
641.2671457734085 -293.5863450671578 1020.6660333427618 0 1 0
644.3581985451007 -294.50599021797177 1023.0679288807594 0 1 0
659.6131346855492 -296.23401947589923 1017.5914626085466 0 1 0
662.722615838763 -297.1506931129688 1019.9572655527668 0 1 0
665.8463653645534 -298.07154660076657 1022.3339213336834 0 1 0
-158.44983600889142 -140.26123419384783 490.25656702320777 11 48 78
-77.78109026169784 -124.48200066743996 438.64318453816753 19 58 96
-60.36606720233392 -129.26898323673387 458.0776033154049 21 61 101
427.7033972764831 -217.4831716032931 768.6153883014027 0 1 0
429.612344416054 -218.02400829507621 769.9031826054627 0 1 0
619.4651458317788 -286.2385246319561 1003.6218149738469 0 1 0
622.4558573309529 -287.12657021172896 1005.945531691469 0 1 0
625.4603087303865 -288.0186739630104 1008.2799214142656 0 1 0
628.4785912534029 -288.9148625862867 1010.6250549744692 0 1 0
631.5107969242455 -289.8151630180186 1012.9810038263898 0 1 0
634.5570185772373 -290.7196024333593 1015.3478400535288 0 1 0
637.6173498660763 -291.6282082489178 1017.7256363758058 0 1 0
640.6918852732483 -292.5410081255518 1020.1144661568665 0 1 0
643.7807201195801 -293.45802997120575 1022.5144034115093 0 1 0
-202.13490383203882 -149.55554374746188 528.9392825400107 3 40 68
-165.46117876819173 -141.9857880248256 499.7631754876333 5 45 76
-164.987367633871 -144.28067943716565 504.15253349135975 9 46 78
-160.48708737368594 -141.47763860207488 500.3859289204469 11 46 79
-94.83207228787721 -141.7383284986363 504.28136961145617 19 60 97
-61.91716262817676 -132.00874284951468 463.04649959078694 20 60 100
55.022358981425896 -117.06536897096392 414.11142093544913 28 73 123
74.62843305662456 -121.25087900427818 428.0242841907901 25 71 118
421.67686462701033 -215.1219207900468 764.4924111653202 0 1 0
423.5659208481144 -215.65612157492652 765.766699000458 0 1 0
425.4612983147357 -216.19210234087586 767.0452502485902 0 1 0
427.3630268023604 -216.729871248155 768.3280849723462 0 1 0
429.27113626049174 -217.26943650514738 769.6152233516427 0 1 0
643.2059279649943 -292.41206509970067 1021.9631083720938 0 1 0
646.306942061745 -293.3307081525459 1024.3722699813222 0 1 0
-236.05043756642138 -155.90177092597327 547.7389172470162 8 35 55
-200.62639248000033 -150.26014584417842 533.7913117981908 0 39 66
-169.02444122346452 -140.37571601895772 499.3788689648801 5 45 74
-164.76532649382798 -142.38929817476142 501.506247921228 6 46 75
-78.15133873155345 -123.87124938772533 439.030969394018 19 58 96
-61.01182030324772 -129.26140605025026 459.820716607843 20 60 100
415.71337856194515 -212.78526691487508 760.4125573167252 0 1 0
417.5828277781064 -213.31293070511074 761.6735318362187 0 1 0
419.45850803453396 -213.84234640941142 762.9387086949081 0 1 0
421.3404485796428 -214.37352202727504 764.20810759885 0 1 0
423.22867883154566 -214.9064656049885 765.4817483684672 0 1 0
425.12322837943236 -215.4411852360242 766.7596509394798 0 1 0
427.02412698495505 -215.9776890614384 768.0418353638412 0 1 0
428.93140458363655 -216.51598527027667 769.3283218106889 0 1 0
430.84509128628594 -217.0560820999798 770.6191305672959 0 1 0
432.76521738043897 -217.5979878368003 771.91428204005 0 1 0
434.6918133318067 -218.14171081621657 773.213796755425 0 1 0
436.6249097857458 -218.68725942335763 774.5176953609777 0 1 0
630.3813278089192 -287.74597140893013 1011.8960481223612 0 1 0
633.423226400869 -288.64526001029327 1014.2590628702602 0 1 0
636.4792109978059 -289.54869029257134 1016.6330172352349 0 1 0
639.5493758645162 -290.45628973453097 1019.0179843977372 0 1 0
642.6338161015487 -291.3680860601997 1021.4140381872401 0 1 0
645.73262765485 -292.28410724171374 1023.8212530897217 0 1 0
-61.131852940118875 -128.8079311384662 459.74017302059815 19 59 99
52.909609309185946 -121.82196205324168 435.3951089251478 23 71 120
407.9680365473316 -209.9533556863022 755.1314867533855 0 1 0
409.8120436565171 -210.47286295375216 756.3752144966644 0 1 0
411.6621646455365 -210.99408680781522 757.6230653541669 0 1 0
413.5184280847312 -211.51703504646017 758.8750585736864 0 1 0
415.3808627086584 -212.0417155127813 760.1312135136767 0 1 0
417.24949741740625 -212.56813609537573 761.3915496441359 0 1 0
419.1243612779213 -213.0963047287253 762.6560865475071 0 1 0
421.00548352535 -213.6262293935804 763.9248439195775 0 1 0
422.8928935644004 -214.15791811735147 765.1978415704053 0 1 0
424.7866209707095 -214.69137897450113 766.4750994252341 0 1 0
426.68669549223546 -215.2266200869442 767.7566375254397 0 1 0
428.5931470506578 -215.76364962444904 769.0424760294712 0 1 0
430.50600574279576 -216.302475805045 770.3326352138092 0 1 0
432.42530184204446 -216.84310689543443 771.6271354739343 0 1 0
434.351065799823 -217.38555121140865 772.9259973253071 0 1 0
436.2833282470418 -217.92981711826903 774.2292414043573 0 1 0
-61.25190002282577 -128.35476894889948 459.6596090544438 18 61 100
52.7869651918922 -121.4121500672258 435.3408238878294 26 74 123
72.80907347445012 -117.36922544151658 419.0570601050549 27 73 120
402.1469413907487 -207.67117870525882 751.1489325460734 0 1 0
403.97198056511627 -208.1843681455237 752.3797814432872 0 1 0
405.80304710067304 -208.69924731709006 753.6146948826299 0 1 0
407.640169070659 -209.21582386695832 754.8536917756575 0 1 0
409.4833747085421 -209.73410548602575 756.0967911418838 0 1 0
411.332692409293 -210.2540999094516 757.3440121096442 0 1 0
413.1881507306642 -210.77581491702384 758.595373916957 0 1 0
415.04977839449214 -211.29925833353158 759.8508959124018 0 1 0
416.91760428800734 -211.824438029141 761.1105975560065 0 1 0
418.79165746516213 -212.35136191977418 762.3744984201392 0 1 0
420.67196714797205 -212.88003796749487 763.6426181904167 0 1 0
422.55856272787025 -213.41047418089536 764.914976666617 0 1 0
424.45147376708115 -213.94267861549042 766.1915937636074 0 1 0
426.35073000000386 -214.4766593741134 767.4724895122766 0 1 0
428.2563613346142 -215.0124246073177 768.7576840604838 0 1 0
430.1683978538826 -215.54998251378302 770.0471976740113 0 1 0
432.0868698172049 -216.08934134072553 771.3410507375338 0 1 0
434.0118076618523 -216.63050938431238 772.639263755596 0 1 0
435.9432420044311 -217.1734949900812 773.9418573535968 0 1 0
437.8812036423713 -217.7183065533648 775.2488522787944 0 1 0
439.8257235554154 -218.2649525197194 776.5602694013118 0 1 0
441.7768329071365 -218.81344138535857 777.876129715161 0 1 0
443.73456304646777 -219.36378169759104 779.1964543392739 0 1 0
641.4976094771919 -289.28604743544287 1020.322550205784 0 1 0
-80.03100933166083 -125.40607108401093 457.04057403984734 20 59 97
-61.58064104594188 -128.18157729328803 465.75672620371756 21 61 101
46.63988440447668 -115.35443551992307 413.85536401534796 26 74 123
47.29707014814808 -115.55086219285194 414.1654688159082 25 73 122
47.95529285720596 -115.74762910794789 414.47606189353684 23 71 120
51.96737022129573 -120.78844587315204 434.92957600542985 26 74 123
396.38598699484385 -205.41248322531447 747.2075156710798 0 1 0
398.19232560827965 -205.91944782919106 748.4256676092047 0 1 0
400.00460658698563 -206.42807581442597 749.6478265511048 0 1 0
401.82285751930203 -206.93837468106744 750.8740110803772 0 1 0
403.647106149944 -207.45035197187508 752.1042398859695 0 1 0
405.47738038123333 -207.96401527267292 753.3385317630144 0 1 0
407.3137082743378 -208.47937221270294 754.576905613664 0 1 0
409.15611805052623 -208.9964304649838 755.8193804479366 0 1 0
411.0046380924402 -209.51519774667426 757.0659753845755 0 1 0
412.85929694537106 -210.0356818194383 758.3167096519113 0 1 0
414.72012331856354 -210.55789048981723 759.5716025887407 0 1 0
416.58714608652195 -211.08183160960283 760.8306736452076 0 1 0
418.46039429033567 -211.6075130762174 762.0939423836998 0 1 0
420.33989713902093 -212.13494283309558 763.361428479751 0 1 0
422.2256840108728 -212.66412887007175 764.633151722956 0 1 0
424.1177844548362 -213.1950792237724 765.909132017895 0 1 0
426.01622819189026 -213.7278019780101 767.1893893850681 0 1 0
427.92104511644555 -214.26230526418487 768.4739439618365 0 1 0
429.8322652977622 -214.79859726168846 769.7628160033823 0 1 0
431.74991898137847 -215.33668619831292 771.0560258836714 0 1 0
433.6740365905578 -215.87658035066437 772.3535940964272 0 1 0
435.60464872775185 -216.41828804458112 773.6555412561233 0 1 0
437.54178617607926 -216.9618176555566 774.9618880989775 0 1 0
439.485479900819 -217.5071776091661 776.2726554839596 0 1 0
441.4357610509242 -218.05437638149965 777.5878643938164 0 1 0
443.3926609605495 -218.60342249959905 778.9075359360967 0 1 0
577.2265915837075 -253.67044414341228 922.2307388240537 0 1 0
579.8527379720223 -254.39879865940557 924.1402713827698 0 1 0
582.4896357442093 -255.13011404048393 926.0576191146864 0 1 0
585.137347799956 -255.86440739947977 927.982827717526 0 1 0
587.7959375242859 -256.6016959827097 929.9159432417833 0 1 0
590.4654687925766 -257.3419971713722 931.8570120943732 0 1 0
593.1460059756234 -258.0853284829615 933.8060810423115 0 1 0
595.837613944771 -258.8317075726974 935.7631972164495 0 1 0
598.5403580771228 -259.5811522349776 937.7284081152632 0 1 0
601.2543042607995 -260.33368040484555 939.7017616086761 0 1 0
603.9795189002815 -261.0893101594781 941.6833059419458 0 1 0
-189.09679272560007 -149.19441605901633 539.0694744146606 10 47 75
-61.700708437122266 -127.72265818050887 465.670987841815 18 61 100
388.90226084537875 -202.67774137547383 742.1049578961362 0 1 0
390.6843296643858 -203.176942227242 743.3066592364465 0 1 0
392.4722303740518 -203.67777328685713 744.5122928886906 0 1 0
394.26598993813104 -204.18024187005685 745.7218770144652 0 1 0
396.06563547185544 -204.68435533381395 746.9354298774115 0 1 0
397.8711942431067 -205.1901210766688 748.1529698439992 0 1 0
399.682693673607 -205.69754653906978 749.374515384335 0 1 0
401.500161340119 -206.20663920371476 750.6000850729685 0 1 0
403.3236249756604 -206.71740659589818 751.8296975897148 0 1 0
405.1531124707289 -207.22985628385925 753.063371720479 0 1 0
406.98865187454396 -207.74399587913655 754.3011263580958 0 1 0
408.8302713963008 -208.25983303692544 755.5429805031725 0 1 0
410.67799940643687 -208.77737545643973 756.7889532649491 0 1 0
412.53186443791213 -209.29663088127566 758.0390638621561 0 1 0
414.3918951875067 -209.81760709978278 759.2933316238939 0 1 0
416.25812051712757 -210.3403119454368 760.5517759905135 0 1 0
418.1305694551335 -210.86475329721685 761.8144165145114 0 1 0
420.00927119767425 -211.39093907998773 763.0812728614312 0 1 0
421.89425511004004 -211.91887726488488 764.3523648107753 0 1 0
423.78555072803175 -212.4485758697055 765.6277122569309 0 1 0
425.6831877593444 -212.98004295930255 766.907335210101 0 1 0
427.58719608496153 -213.5132866459828 768.1912537972473 0 1 0
429.49760576057173 -214.04831508991143 769.479488263045 0 1 0
431.4144470179967 -214.58513649951846 770.7720589708471 0 1 0
433.3377502666362 -215.12375913191184 772.0689864036582 0 1 0
435.26754609492747 -215.66419129329378 773.3702911651214 0 1 0
437.2038652718235 -216.20644133938146 774.6759939805137 0 1 0
439.14673874828594 -216.75051767583446 775.9861156977531 0 1 0
441.0961976587969 -217.29642875868484 777.300677288423 0 1 0
443.05227332288126 -217.8441830947723 778.6196998487942 0 1 0
445.01499724665535 -218.393789242185 779.9432046008711 0 1 0
446.98440112438476 -218.94525581070567 781.2712128934462 0 1 0
566.3503450993916 -249.87259550333854 914.2327253540534 0 1 0
568.9325329983085 -250.58731296163864 916.1101288559634 0 1 0
571.5252184931086 -251.30491610956992 917.9951624465737 0 1 0
574.1284625332042 -252.02542148867957 919.8878704020326 0 1 0
576.7423265333199 -252.74884576813892 921.7882973366617 0 1 0
579.3668723782409 -253.47520574606577 923.6964882064138 0 1 0
582.0021624276293 -254.20451835086416 925.6124883123712 0 1 0
584.6482595208936 -254.93680064257984 927.5363433042902 0 1 0
587.3052269821263 -255.67206981427415 929.468099184189 0 1 0
589.9731286250983 -256.4103431934138 931.4078023099813 0 1 0
592.6520287583221 -257.15163824327954 933.3554993991596 0 1 0
-74.00287700461826 -114.72129869115997 421.77105751749787 20 59 97
-31.228216156891214 -126.39184443354004 458.87491556873664 29 68 113
383.2771698927374 -200.4710522550332 738.2563826176446 0 1 0
385.0411404696388 -200.96423443970423 739.4457964485667 0 1 0
386.8108613331682 -201.45902159211767 740.6390873543413 0 1 0
388.5863589889296 -201.95542088977072 741.8362731867542 0 1 0
390.36766009044123 -202.4534395503015 743.0373718972188 0 1 0
392.1547914402704 -202.95308483181373 744.2424015375445 0 1 0
393.9477799911859 -203.45436403320258 745.4513802607142 0 1 0
395.7466528473154 -203.95728449448552 746.6643263216628 0 1 0
397.5514372653229 -204.46185359713573 747.8812580780743 0 1 0
399.3621606555921 -204.9680787644194 749.1021939911781 0 1 0
401.1788505834303 -205.47596746173832 750.3271526265634 0 1 0
403.00153477027476 -205.9855271969727 751.5561526549905 0 1 0
404.8302410949238 -206.49676552083184 752.7892128532249 0 1 0
406.6649975947717 -207.00969002720498 754.0263521048668 0 1 0
408.5058324670624 -207.52430835351822 755.2675894011996 0 1 0
410.3527740701571 -208.04062818109574 756.5129438420446 0 1 0
412.20585092480957 -208.5586572355217 757.7624346366196 0 1 0
414.06509171546344 -209.0784032870106 759.0160811044183 0 1 0
415.9305252915601 -209.599874150779 760.2739026760884 0 1 0
417.8021806688572 -210.12307768742025 761.5359188943237 0 1 0
419.68008703076794 -210.6480218032869 762.8021494147675 0 1 0
421.56427372971336 -211.17471445087418 764.0726140069236 0 1 0
423.45477028848364 -211.70316362920914 765.3473325550772 0 1 0
425.3516064016267 -212.23337738424482 766.6263250592298 0 1 0
427.2548119368352 -212.76536380925506 767.9096116360361 0 1 0
429.16441693636625 -213.29913104523973 769.1972125197617 0 1 0
431.0804516184644 -213.83468728132817 770.4891480632417 0 1 0
433.00294637880563 -214.37204075519224 771.7854387388589 0 2 1
434.93193179195623 -214.91119975346015 773.0861051395236 0 2 1
436.86743861285044 -215.45217261213793 774.3911679796736 0 2 1
438.8094977782764 -215.99496771703224 775.7006480962763 0 1 0
558.1950591218024 -246.839292890057 908.2143212136476 0 1 0
560.744573142146 -247.54351747846778 910.0678026188544 0 1 0
563.3043979299301 -248.25057102575516 911.9287777016233 0 1 0
565.8745930110894 -248.96046964891983 913.797289699645 0 1 0
568.4552183623662 -249.67322958828458 915.673382178207 0 1 0
571.046334415885 -250.38886720876548 917.5570990335206 0 1 0
573.64800206377 -251.10739900115294 919.4484844960765 0 1 0
576.260282662838 -251.82884158341662 921.34758313406 0 1 0
581.516930493748 -253.28052623325416 925.1690999182402 0 1 0
584.1614228056595 -254.01080218459194 927.0916089205238 0 1 0
586.8167782386827 -254.74405669605127 929.0220128175257 0 1 0
589.4830605454489 -255.48030704158447 930.9603579185118 0 1 0
592.1603339726578 -256.2195706304786 932.906690891799 0 1 0
594.8486632661984 -256.9618650087778 934.8610587684851 0 1 0
597.5481136763306 -257.70720786072195 936.8235089462127 0 1 0
600.2587509629363 -258.4556170102038 938.7940891929879 0 1 0
602.9806414008353 -259.20711042224514 940.7728476510486 0 1 0
605.7138517851729 -259.9617062044922 942.7598328407777 0 1 0
608.4584494368702 -260.719422608729 944.7550936646709 0 1 0
611.2145022081581 -261.48027803241274 946.7586794113565 0 1 0
613.9820784881666 -262.2442910202255 948.7706397596645 0 1 0
-113.82454672060294 -136.9403948293777 504.30241252635375 15 51 88
-113.78212599301746 -137.89680103313864 507.6150767617501 15 51 88
-112.82108398855769 -138.43103072510414 503.72523604918126 18 54 91
-28.099681023709422 -122.76344738692943 453.58111884089135 25 67 113
388.27180201513113 -201.23414389760813 741.568553920788 0 1 0
390.0523408111088 -201.7309825517655 742.7690537095937 0 1 0
391.83870823160987 -202.22944424669694 743.9734830588249 0 1 0
393.63093121852876 -202.72953626450465 745.1818601129235 0 1 0
395.4290368650082 -203.2312659283021 746.3942031182031 0 1 0
397.2330524166092 -203.734640602546 747.6105304236398 0 1 0
399.0430052724969 -204.2396676933728 748.8308604816689 0 1 0
400.8589229866399 -204.74635464893927 750.0552118489985 0 1 0
402.68083326901774 -205.25470895976497 751.2836031874205 0 1 0
404.50876398684886 -205.76473815908156 752.5160532646399 0 1 0
406.34274316582594 -206.27644982318307 753.7525809551107 0 1 0
408.18279899136706 -206.7898515717812 754.9932052408758 0 1 0
410.0289598098796 -207.3049510683644 756.2379452124242 0 1 0
411.88125413003934 -207.82175602056074 757.4868200695496 0 1 0
413.7397106240813 -208.34027418050556 758.7398491222243 0 1 0
415.60435812910754 -208.86051334521136 759.9970517914811 0 1 0
417.4752256484061 -209.3824813569439 761.2584476103028 0 1 0
419.35234235278773 -209.90618610360121 762.5240562245231 0 1 0
421.2357375819329 -210.43163551909575 763.793897393736 0 1 0
423.1254408457595 -210.95883758374433 765.0679909922206 0 1 0
425.02148182579856 -211.48780032465734 766.3463570098662 0 1 0
426.92389037659353 -212.01853181613754 767.6290155531169 0 1 0
428.832696527105 -212.5510401800785 768.9159868459221 0 1 0
430.7479304821402 -213.0853335863708 770.2072912306975 0 1 0
432.6696226237939 -213.6214202533117 771.5029491692985 0 1 0
550.1433936341881 -243.84442880926406 902.2723747454662 0 1 0
552.6608152670328 -244.53835592766106 904.1023607847006 0 1 0
555.1883652354129 -245.2350566901628 905.939707309741 0 1 0
557.7261016863736 -245.93454680327122 907.7844565524362 0 1 0
560.2740832038304 -246.6368420926814 909.6366510620642 0 1 0
562.8323688129582 -247.3419585045002 911.4963337085303 0 1 0
565.4010179846448 -248.0499121064797 913.3635476856015 0 1 0
567.9800906399921 -248.76071908926414 915.238336514177 0 1 0
570.5696471548765 -249.47439576765453 917.1207440456099 0 1 0
573.1697483645705 -250.19095858188854 919.0108144650623 0 1 0
575.780455568413 -250.91042409893547 920.9085922949038 0 1 0
578.4018305345571 -251.63280901381088 922.8141223981634 0 1 0
581.0339355047524 -252.35813015090207 924.7274499820052 0 1 0
583.676833199211 -253.08640446531743 926.6486206012678 0 1 0
586.3305868215242 -253.8176490442458 928.5776801620397 0 1 0
588.9952600636385 -254.55188110833842 930.5146749252748 0 1 0
591.6709171109093 -255.2891180131066 932.459651510469 0 1 0
594.3576226472029 -256.0293772503363 934.4126568993707 0 1 0
597.0554418600757 -256.7726764495226 936.3737384397434 0 1 0
599.7644404460108 -257.5190333793198 938.3429438491748 0 1 0
602.4846846157305 -258.268465949014 940.3203212189404 0 1 0
-154.05432405791203 -134.99737069441525 496.31989955851907 8 49 82
-117.00556066434602 -135.87468572264584 497.52988810217687 17 53 90
-115.5218842601041 -134.17944837422087 498.29571550094636 17 53 90
-115.14656506001629 -135.11596553310142 498.3415046676254 17 53 90
-113.94185180024583 -136.42783480103284 504.17467284411185 15 51 88
-60.57106846301335 -124.69843047409395 462.717527608965 22 62 102
38.96800188865446 -113.44193029056822 420.19215117482344 27 72 122
210.7817182455533 -225.89252747642382 841.3611091453997 0 5 4
387.9585876828236 -200.51390566076296 741.3017982259726 0 1 0
389.73836958325734 -201.00956648456244 742.5017027992492 0 1 0
391.52397850294307 -201.5068467755491 743.7055355761307 0 1 0
393.31544137301904 -202.0057537990831 744.9133146926017 0 1 0
395.1127852757554 -202.50629486142378 746.1250583864305 0 1 0
396.91603744572853 -203.00847731006218 747.3407849979656 0 1 0
398.7252252710014 -203.5123085340558 748.5605129709306 0 1 0
400.54037629432236 -204.01779596436833 749.7842608532324 0 1 0
402.3615182143339 -204.5249470742113 751.0120472977773 0 1 0
404.1886788867959 -205.03376937939174 752.2438910632956 0 1 0
406.02188632582113 -205.5442704386612 753.4798110151758 0 1 0
407.861168705124 -206.05645785407057 754.7198261263072 0 1 0
409.7065543592851 -206.5703392713277 755.9639554779313 0 1 0
411.5580717850255 -207.0859223801589 757.212218260503 0 1 0
413.4157496425008 -207.60321491467587 758.4646337745652 0 1 0
415.2796167566016 -208.1222246537438 759.72122143162 0 1 0
417.14970211827676 -208.6429594213569 760.9820007550302 0 1 0
419.02603488586243 -209.16542708701485 762.2469913809078 0 1 0
420.90864438643473 -209.68963556610686 763.5162130590314 0 1 0
422.7975601171685 -210.2155928202955 764.7896856537618 0 1 0
424.6928117467182 -210.7433068579102 766.0674291449733 0 1 0
426.5944291166086 -211.27278573433972 767.3494636289904 0 1 0
557.259287788084 -245.0313481613353 907.3562598276969 0 1 0
559.8057464883967 -245.7317186242125 909.2071746893981 0 1 0
562.3625026541413 -246.43490239530814 911.0655721842076 0 1 0
564.9296157015717 -247.14091549331806 912.9314954622755 0 1 0
567.5071454965667 -247.84977405940387 914.8049880004302 0 1 0
570.0951523591818 -248.5614943584501 916.6860936054845 0 1 0
572.6936970682627 -249.2760927803401 918.5748564175893 0 1 0
575.3028408661124 -249.99358584124747 920.47132091363 0 1 0
577.9226454632184 -250.71399018494182 922.3755319106613 0 1 0
580.5531730430446 -251.43732258411404 924.2875345693889 0 1 0
583.1944862668785 -252.16359994171685 926.2073743976995 0 1 0
585.8466482787387 -252.89283929232008 928.1350972542216 0 1 0
588.5097227103537 -253.6250578034896 930.0707493519502 0 1 0
591.183773686192 -254.36027277717446 932.0143772619012 0 1 0
593.868865828569 -255.09850165112192 933.9660279168262 0 1 0
596.5650642628093 -255.83976200030168 935.9257486149642 0 1 0
599.2724346224784 -256.5840715383533 937.8935870238441 0 1 0
601.9910430546865 -257.3314481190522 939.869591184143 0 1 0
604.7209562254538 -258.0819097377916 941.8538095135855 0 1 0
607.462241325147 -258.83547453308614 943.8462908108969 0 1 0
610.2149660739884 -259.59216078809345 945.8470842598074 0 1 0
612.9791987276301 -260.3519869321551 947.8562394331046 0 1 0
615.755008082815 -261.11497154236037 949.8738062967496 0 1 0
618.5424634830895 -261.8811333451254 951.8998352140312 0 1 0
621.3416348246079 -262.65049121779714 953.9343769497831 0 1 0
-154.16238346781694 -134.48347247960436 496.1879291383846 8 50 80
-117.12606040771396 -131.5582849609127 491.69380302059534 15 51 88
-116.54330095956415 -131.86436948309364 492.2987991946541 16 52 89
-116.78804452473287 -133.26636220805258 495.84141328933424 17 53 90
52.42214084638248 -117.45879630996184 434.1489284822301 23 71 120
53.11894572854536 -117.66896188552415 434.50381370894434 25 73 122
77.19885039192525 -115.7669891598697 435.9836044872054 25 71 118
394.7978958374121 -201.78236652518478 745.856890250765 0 1 0
396.60039010852034 -202.28335894204073 747.0720199233756 0 1 0
398.40881840490664 -202.78599649980941 748.2911495791703 0 1 0
400.22320825821885 -203.2902866123129 749.5142977573391 0 1 0
402.0435873558797 -203.79623673550623 750.7414831019825 0 1 0
403.8699835423129 -204.30385436782439 751.972724362941 0 1 0
405.7024248201718 -204.8131470505292 753.2080403966203 0 1 0
407.5409393515911 -205.32412236806454 754.4474501668406 0 1 0
409.3855554594478 -205.8367879484113 755.6909727456815 0 1 0
411.23630162863594 -206.35115146344918 756.9386273143483 0 1 0
413.09320650735447 -206.86722062932003 758.1904331640338 0 1 0
414.9562989084139 -207.38500320679847 759.4464096968067 0 1 0
416.82560781054997 -207.90450700166227 760.7065764264914 0 1 0
418.70116235975803 -208.42573986507105 761.9709529795728 0 2 1
546.7165680728307 -241.3636292842715 899.6050782146447 0 1 0
549.2209348674588 -242.05101460704702 901.425236655194 0 1 0
551.735359503941 -242.74114276249628 903.2527030321306 0 1 0
554.2598995925036 -243.4340292445337 905.0875191796615 0 1 0
556.7946131747827 -244.1296896642477 906.9297272453954 0 1 0
559.339558728151 -244.8281397510964 908.7793696934932 0 1 0
561.8947951700939 -245.52939535411244 910.6364893078444 0 1 0
564.4603818626449 -246.23347244312959 912.5011291952951 0 1 0
567.0363786168783 -246.9403871100194 914.3733327889115 0 1 0
569.622845697451 -247.65015556994751 916.2531438512835 0 1 0
572.2198438272083 -248.362794162641 918.1406064778713 0 1 0
574.8274341918451 -249.07831935367764 920.0357651003966 0 1 0
577.4456784446268 -249.79674773578557 921.9386644902698 0 1 0
580.0746387111711 -250.51809603016338 923.8493497620697 0 1 0
582.7143775942831 -251.2423810878153 925.7678663770591 0 1 0
585.364958178867 -251.96961989090352 927.6942601467528 0 1 0
588.0264440368827 -252.69982955411714 929.6285772365212 0 1 0
590.6988992323795 -253.43302732606088 931.570864169252 0 1 0
593.382388326584 -254.1692305906566 933.5211678290444 0 1 0
604.2279926070439 -257.1444510703578 941.4035002747615 0 1 0
606.9676373792814 -257.89594739382505 943.3946037391257 0 1 0
609.7187141518933 -258.6505564361304 945.3940130340721 0 1 0
612.4812911145523 -259.40829656929714 947.4017776799374 0 1 0
-207.2159663040306 -140.48095373697785 520.1185820339902 4 40 66
-206.76231892842188 -140.85375416709272 520.8898891403762 5 41 67
76.35445322187505 -115.15731050908084 435.57835149633706 25 71 118
77.07559505001511 -115.36080358052006 435.9275734157879 25 71 118
73.62185531893547 -108.55476648928159 409.3951075643536 28 72 120
206.69725188451454 -222.7925608435947 836.9449498085385 0 3 7
394.4843663148621 -201.0594761560808 745.5896968406499 0 1 0
396.2861081678958 -201.55928072601955 746.804233327242 0 1 0
398.09378243513027 -202.06072680917623 748.0227684316759 0 1 0
399.90741663722946 -202.5638218022817 749.245320684502 0 1 0
401.7270384505173 -203.0685731440865 750.4719087210993 0 1 0
403.5526757081982 -203.57498831570473 751.7025512824974 0 1 0
405.3843564015907 -204.08307484096255 752.9372672162069 0 1 0
407.2221086813699 -204.59284028674824 754.1760754770597 0 1 0
409.0659608588342 -205.10429226337004 755.4189951280617 0 1 0
410.91594140717365 -205.61743842491452 756.6660453412503 0 1 0
412.7720789627594 -206.1322864696094 757.9172453985606 0 1 0
566.5677857050532 -246.03255086882865 913.9433670468914 0 1 0
569.1527228578124 -246.74037200743643 915.8218909365816 0 1 0
571.7481843133871 -247.45105531151182 917.7080607856669 0 1 0
574.3542312012944 -248.16461719623518 919.6019209810237 0 1 0
576.9709251180103 -248.8810742034946 921.5035162487465 0 1 0
579.5983281317436 -249.60044300319984 923.4128916576125 0 1 0
582.236502787268 -250.32274039461353 925.330092622598 0 1 0
584.8855121108169 -251.04798330769657 927.2551649084362 0 1 0
587.5454196150398 -251.77618880447406 929.1881546332162 0 1 0
590.2162893040224 -252.5073740804157 931.129108272036 0 1 0
592.8981856783727 -253.2415564658363 933.0780726606976 0 1 0
595.591173740368 -253.97875342731217 935.0350949994499 0 1 0
598.2953189991713 -254.7189825691158 937.0002228567776 0 1 0
601.0106874761125 -255.4622616346707 938.9735041732415 0 1 0
603.7373457100418 -256.2086085080223 940.9549872653698 0 1 0
-80.07130473438873 -122.19926141229452 456.1423147856472 21 62 99
-48.543826669799685 -132.00050022765944 497.10783573518796 25 67 111
6.738345624884602 -117.12480709314656 445.02677750505677 29 73 121
401.41186926230984 -202.34195150561797 750.2033222813286 0 1 0
403.23675314649904 -202.84716641960918 751.4333699460586 0 1 0
405.0676788300818 -203.35404899740706 752.6674895958997 0 1 0
406.90467445239955 -203.8626067883985 753.9057001767831 0 1 0
555.8716648883839 -242.3309639847263 906.0816394064024 0 1 0
558.4136130969647 -243.02558658362068 907.9287586774768 0 1 0
560.9658391879764 -243.72299918045724 909.7833442912606 0 1 0
563.5284024162484 -244.42321764791498 911.6454392689134 0 1 0
566.101362484486 -245.12625797986482 913.5150869569095 0 1 0
568.6847795478094 -245.83213629261587 915.3923310303361 0 1 0
571.2787142183389 -246.54086882617526 917.2772154962254 0 1 0
573.8832275698427 -247.2524719455242 919.169784696934 0 1 0
576.4983811424407 -247.96696214191098 921.0700833135609 0 1 0
579.1242369473712 -248.68435603415872 922.9781563694111 0 1 0
581.7608574718182 -249.4046703699928 924.8940492335066 0 1 0
584.4083056837912 -250.12792202737953 926.8178076241311 0 1 0
587.066645037082 -250.8541280158882 928.7494776124319 0 1 0
589.7359394762734 -251.58330547806696 930.6891056260639 0 1 0
592.4162534418141 -252.31547169083507 932.6367384528736 0 1 0
-78.97898271905053 -119.82395360231737 449.86742787767173 18 59 96
-47.98888568213748 -131.80183565944395 497.57368103415047 24 66 110
329.68895542992817 -168.44425359737897 643.1532182961457 0 1 0
576.028042196765 -247.0544041214772 920.6383618278363 0 1 0
578.652360820583 -247.76982767067088 922.5451400266273 0 1 0
581.2874372939875 -248.4881635386261 924.4597323248565 0 1 0
583.933334527212 -249.20942855152086 926.3821843946948 0 1 0
-245.89470961140336 -145.78545099861896 550.1872816522387 3 36 61
-48.116605921371566 -131.31240948541472 497.4645442165053 28 70 114
25.76110035979893 -116.18100820098871 445.09169725143636 27 72 122
26.451920476821883 -116.40061125785118 445.48369832216537 28 73 123
27.14398668153794 -116.6206429184041 445.87640605014985 28 73 123
323.7353198971377 -166.36508769428073 639.578497426927 0 1 0
325.1566523381194 -166.73098279066366 640.4225465421025 0 1 0
326.58180160965685 -167.09785951766315 641.2688621895879 0 1 0
328.01078185029684 -167.46572132631644 642.1174527519391 0 1 0
329.443607255316 -167.83457168139887 642.9683266453393 0 1 0
330.8802920770661 -168.2044140615198 643.8214923198046 0 1 0
332.3208506253261 -168.57525195921926 644.6769582593917 0 1 0
565.1750081066365 -243.31827291582047 912.6635685392295 0 1 0
567.7554144435102 -244.02027897436156 914.5382749955768 0 1 0
570.3463251480612 -244.72512343175032 916.4206108237233 0 1 0
572.9478011838358 -245.4328225531588 918.3106202779354 0 1 0
-212.52930027265245 -136.29636622383282 516.5331834507891 5 41 67
-77.63068910679834 -115.75650671528132 446.45146412713103 16 57 94
23.738240895286637 -116.02690204155829 447.2402300191296 37 78 129
23.564384531082798 -116.03187013342942 441.43269048410923 34 75 126
319.25280572941995 -164.66981413563724 636.8777639853703 0 1 0
320.6623388327464 -165.0320074958169 637.7147585059223 0 1 0
322.07564661314467 -165.39517043990065 638.5539944405024 0 1 0
323.4927430395766 -165.75930637205497 639.3954800707297 0 1 0
324.9136421366761 -166.12441870986947 640.239223711219 0 1 0
326.3383579850881 -166.49051088444983 641.0852337097823 0 1 0
327.7669047218043 -166.85758634051007 641.933518447627 0 1 0
329.1992965405107 -167.22564853646935 642.7840863395666 0 1 0
330.6355476919341 -167.59470094454642 643.6369458342228 0 1 0
332.07567248419144 -167.96474705085683 644.4921054142351 0 1 0
333.5196852831481 -168.33579035551165 645.3495735964756 0 1 0
334.96760051277715 -168.70783437271578 646.2093589322593 0 1 0
-249.83278576978364 -135.4581065766326 522.5493977816814 0 13 33
-249.4626084227195 -135.8401858836167 523.3705858085549 7 21 41
-249.09132453235736 -136.22343086944775 524.1942305080081 8 30 52
-77.74311792208499 -115.31961482179749 446.37564799147776 19 60 97
21.605613010685456 -112.29184550245039 439.5395283217606 35 76 127
21.579086154712847 -113.40841115335822 437.4140943946684 35 76 127
22.253779364242426 -113.62118149365205 437.78872995162277 35 76 127
26.01627920045872 -108.77141940533578 419.2386191325539 29 74 124
74.68666608059121 -110.0026968318114 419.5719965779635 29 72 123
314.8077372930561 -162.9886398591507 634.1995872647567 0 1 0
316.20560029095657 -163.3471737337423 635.0296045785611 0 2 1
317.6071963267485 -163.7066653042606 635.8618384954173 0 1 0
319.0125392030341 -164.06711792903457 636.6962971979361 0 1 0
320.4216427770709 -164.42853497951342 637.5329889011183 0 1 0
321.83452096109534 -164.7909198403551 638.3719218525455 0 1 0
323.2511877226531 -165.15427590951722 639.2131043325767 0 1 0
324.6716570849296 -165.51860659834796 640.0565446545459 0 1 0
326.0959431270841 -165.883915331678 640.9022511649591 0 1 0
327.52405998459204 -166.25020554791456 641.7502322437012 0 1 0
328.956021849586 -166.61748069913557 642.6004963042352 0 1 0
330.3918429712044 -166.98574425118497 643.4530517938124 0 1 0
331.83153765594017 -167.3549996837696 644.3079071936786 0 1 0
333.2751202679993 -167.7252504905568 645.1650710192882 0 1 0
334.72260522965655 -168.0965001792733 646.0245518205155 0 1 0
336.1740070216209 -168.46875227180567 646.8863581818723 0 1 0
337.62934018340167 -168.84201030430046 647.7504987227247 0 1 0
-249.53357483841265 -135.26908377837483 523.1717636315008 7 21 43
-207.6134075711093 -135.27882644975375 522.0373171719631 7 45 70
-77.89544092265362 -115.18155651154193 444.92027113348314 19 60 97
25.902326787316465 -108.37934033770765 419.1900071503119 32 75 126
309.01706435068934 -160.96743986106802 630.7227891265827 0 1 0
310.399706579057 -161.32141330076868 631.5437216347364 0 1 0
311.7860271244998 -161.676329403006 632.3668381824531 0 1 0
313.17603957300764 -162.03219146852308 633.1921468235798 0 1 0
314.56975756393484 -162.38900281080655 634.0196556435828 0 1 0
315.9671947903096 -162.74676675617098 634.8493727597311 0 2 1
317.3683649991444 -163.1054866438448 635.6813063212811 0 2 1
318.7732819917582 -163.465165826058 636.515464509669 0 2 1
320.1819596240919 -163.82580766812868 637.3518555386977 0 1 0
321.59441180703385 -164.1874155485522 638.1904876547311 0 1 0
323.010652506749 -164.5499928590919 639.0313691368901 0 1 0
324.4306957450088 -164.91354300486904 639.8745082972481 0 1 0
325.8545555995249 -165.2780694044549 640.7199134810297 0 1 0
327.2822462042919 -165.6435754899644 641.5675930668157 0 1 0
328.713781749926 -166.01006470715 642.4175554667437 0 1 0
330.1491764840145 -166.37754051549592 643.2698091267167 0 1 0
331.58844471146494 -166.74600638831586 644.1243625266093 0 1 0
333.0316007948603 -167.11546581284964 644.9812241804811 0 1 0
334.47865915481754 -167.48592229036169 645.840402636789 0 1 0
335.92963427035016 -167.857379336241 646.7019064786032 0 1 0
337.38454067923385 -168.22984048010147 647.5657443238249 0 1 0
338.84339297838085 -168.60330926588477 648.4319248254087 0 1 0
340.3062058242118 -168.97778925196246 649.3004566715837 0 1 0
-249.97417116332198 -134.31840433475287 522.1531288855335 0 8 30
-209.9331464898759 -133.96511931063102 525.1815475533851 5 43 68
-78.00837931525957 -114.74638759451933 444.84555180623806 22 63 100
122.19312047584938 -124.63497307363134 493.3457809285772 0 4 14
304.65704411953624 -159.31757633222475 628.0957930433705 0 1 0
306.02831048078633 -159.66798472366486 628.9099244167218 0 1 0
308.7817701389371 -160.37159814032722 630.544674883369 0 1 0
310.1639903416259 -160.72480969228826 631.3653099258371 0 1 0
311.54988881825915 -161.0789621786858 632.1881288591263 0 1 0
312.93947915369813 -161.43405889429926 633.0131397360069 0 1 0
314.3327749861377 -161.79010314662088 633.8403506408475 0 1 0
315.729790007417 -162.14709825594161 634.6697696898013 0 1 0
317.13053796333037 -162.505047555435 635.5014050309895 0 1 0
318.5350326539449 -162.86395439124547 636.3352648446918 0 1 0
319.9432879339208 -163.2238221225741 637.1713573435351 0 1 0
321.35531771283235 -163.5846541217685 638.0096907726871 0 1 0
322.7711359554995 -163.94645377441168 638.8502734100507 0 1 0
324.1907566823138 -164.3092244794128 639.6931135664602 0 1 0
325.614193969578 -164.67296964909877 640.5382195858821 0 1 0
327.0414619498388 -165.03769270930675 641.3855998456136 0 1 0
328.47257481223556 -165.40339709947867 642.2352627564899 0 1 0
329.9075468028404 -165.77008627275484 643.0872167630868 0 1 0
331.3463922250128 -166.13776369607118 643.9414703439317 0 1 0
332.7891254397507 -166.50643285025524 644.7980320117118 0 1 0
335.68631298127167 -167.2467603445887 646.5181138309194 0 1 0
337.14079632149463 -167.61842571674316 647.3816511804583 0 1 0
338.5992254818999 -167.99109688397786 648.2475310135953 0 1 0
340.0616151171395 -168.36477739807654 649.1157620170695 0 1 0
341.5279799417164 -168.73947082532123 649.9863529130977 0 1 0
342.998334730367 -169.11518074659747 650.8593124596 0 1 0
-165.46388546214234 -127.69704972037376 503.5216829198035 10 47 79
-164.94380948538858 -128.0214907867053 504.20262258160096 12 49 81
91.25575524404341 -105.68239252991724 411.7551439696417 25 69 117
300.33313610016404 -157.68132231395833 625.490551274275 0 1 0
301.6931506975822 -158.02820618096436 626.2979558257621 0 1 0
303.05676313323346 -158.37600978451434 627.1074964666061 0 1 0
304.42398667735114 -158.72473633905057 627.9191810627843 0 1 0
305.79483465169017 -159.0743890712135 628.7330175107942 0 1 0
308.5474574374 -159.7764860364435 630.367177701927 0 1 0
309.92925915250794 -160.128936784494 631.1875173921989 0 1 0
311.31473910590523 -160.48232674029947 632.0100408289527 0 1 0
312.7039108813566 -160.83665919268827 632.8347560639014 0 1 0
314.09678811593085 -161.1919374431726 633.6616711803374 0 1 0
315.49338450031064 -161.54816480603225 634.4907942933166 0 1 0
316.89371377910527 -161.90534460839996 635.3221335498448 0 1 0
318.29778975116454 -162.26348019034833 636.1556971290663 0 1 0
319.7056262699011 -162.62257490497578 636.9914932424534 0 1 0
321.1172372436113 -162.98263211849553 637.8295301339971 0 1 0
322.53263663580367 -163.3436552103254 638.6698160804045 0 1 0
323.9518384655267 -163.7056475731762 639.5123593912925 0 1 0
325.37485680770646 -164.0686126131451 640.3571684093885 0 1 0
326.80170579348226 -164.43255374980677 641.204251510731 0 1 0
328.2323996105493 -164.79747441630727 642.0536171048728 0 1 0
329.6669525035041 -165.16337805945832 642.905273635087 0 1 0
331.10537877419335 -165.53026813983294 643.7592295785738 0 1 0
332.5476927820701 -165.8981481318625 644.6154934466732 0 1 0
335.4440417373665 -166.63689181848997 646.334979174039 0 1 0
336.8981056949533 -167.0077625321271 647.1982182286042 0 1 0
338.356115410797 -167.37963719569865 648.0637995988174 0 1 0
339.81808553782065 -167.75251935441682 648.9317319699524 0 1 0
341.2840307887592 -168.1264125679559 649.802024062734 0 1 0
342.75396593654364 -168.5013204105571 650.6746846335681 0 1 0
-77.04347840434619 -112.3915044313336 447.11159368289947 22 63 100
30.159488000746286 -111.97492345382668 446.14745629221255 31 76 126
294.6996079785031 -155.7160380825745 622.1081814027315 0 1 0
296.0449481863587 -156.05853211535327 622.9068277603039 0 1 0
297.39383364203826 -156.4019314798887 623.7075789146236 0 1 0
298.746277411715 -156.7462393369414 624.5104426104045 0 1 0
300.10229261193496 -157.09145885913773 625.3154266221969 0 1 0
301.4618924098934 -157.43759323104499 626.12253875455 0 1 0
302.8250900237134 -157.7846456492465 626.931786842177 0 1 0
304.19189872272875 -158.1326193224182 627.743178750124 0 1 0
305.56233182776805 -158.4815174714067 628.5567223739399 0 1 0
306.93640271144454 -158.83134332930655 629.3724256398466 0 1 0
308.3141247984471 -159.18210014154076 630.1902965049154 0 1 0
309.69551156583583 -159.53379116593996 631.010342957239 0 1 0
311.08057654333857 -159.88641967282337 631.8325730161109 0 1 0
312.4693333136558 -160.23998894508193 632.656994732205 0 1 0
313.86179551276234 -160.59450227826036 633.483616187757 0 1 0
315.25797683021847 -160.94996298064098 634.3124454967465 0 1 0
316.6578910094797 -161.30637437332933 635.1434908050843 0 1 0
318.06155184821404 -161.66373979033935 635.9767602907991 0 1 0
319.4689731986201 -162.02206257868104 636.8122621642281 0 1 0
320.8801689677497 -162.38134609844735 637.6500046682078 0 1 0
322.2951531178345 -162.74159372290393 638.4899960782689 0 1 0
323.7139396666167 -163.10280883857914 639.3322447028341 0 1 0
325.1365426876809 -163.46499484535397 640.1767588834124 0 1 0
326.5629763107933 -163.82815515655517 641.0235469948046 0 1 0
327.9932547222419 -164.19229319904778 641.8726174453033 0 1 0
329.42739216518413 -164.55741241333004 642.7239786769005 0 1 0
335.2028191250391 -166.02777028081877 646.1525014452372 0 1 0
336.6564673878236 -166.3978474453894 647.015444406311 0 1 0
338.1140613550941 -166.76892671643517 647.880729519896 0 1 0
-167.2171785443445 -125.69564084567986 501.20433523180736 10 47 77
-166.70176210038446 -126.01600192210176 501.8791460182838 11 48 80
-142.55122003779994 -129.0885722743311 508.98777437986325 12 51 85
290.45772172572515 -154.1100016336231 619.5523005161158 0 1 0
291.7920928686932 -154.44906175517508 620.3443892099829 0 1 0
293.12997035080207 -154.78901614726513 621.1385595199893 0 1 0
294.4713670880354 -155.12986792992942 621.9348191015133 0 1 0
295.8162960459166 -155.47162023482497 622.7331756392712 0 1 0
297.1647702397741 -155.8142762053008 623.5336368474739 0 1 0
298.51680273501296 -156.15783899647204 624.3362104699901 0 1 0
299.8724066473858 -156.50231177529272 625.1409042805064 0 1 0
301.2315951432687 -156.8476977206303 625.9477260826915 0 1 0
302.5943814399418 -157.19400002334166 626.7566837103628 0 1 0
303.96077880586853 -157.5412218863487 627.5677850276533 0 1 0
305.33080056098237 -157.8893665247163 628.3810379291822 0 1 0
306.7044600769732 -158.2384371657291 629.196450340224 0 1 0
308.0817707775816 -158.5884370489719 630.0140302168845 0 1 0
309.46274613888966 -158.93936942640823 630.833785546274 0 1 0
310.8473996896217 -159.29123756246238 631.6557243466856 0 1 0
312.23574501144446 -159.64404473409977 632.4798546677736 0 1 0
313.62779573927213 -159.99779423091087 633.3061845907354 0 1 0
315.0235655615742 -160.35248935519388 634.1347222284952 0 1 0
316.4230682206864 -160.70813342204022 634.9654757258874 0 1 0
317.82631751312766 -161.06472975941944 635.7984532598463 0 1 0
319.23332728991653 -161.42228170826567 636.6336630395942 0 1 0
320.6441114568942 -161.780792622566 637.4711133068336 0 1 0
322.0586839750511 -162.14026586944846 638.3108123359407 0 1 0
323.4770588608555 -162.50070482927163 639.1527684341626 0 1 0
324.8992501865869 -162.86211289571563 639.9969899418122 0 1 0
326.32527208067484 -163.2244934758737 640.8434852324752 0 1 0
327.7551387280369 -163.58784999034484 641.6922627132062 0 1 0
329.1888643704252 -163.95218587332766 642.5433308247356 0 1 0
330.6264633067752 -164.31750457271562 643.3966980416812 0 1 0
332.0679498935579 -164.68380955019265 644.252372872752 0 1 0
333.5133385451376 -165.05110428133057 645.1103638609652 0 1 0
-253.29465087952684 -133.79075402998623 532.4565174454492 5 30 51
-166.80276134153272 -125.49916757308036 501.73603329760124 10 47 79
122.4793270899498 -123.03451506319003 493.46261912265936 0 5 11
286.2506657857547 -152.51710380958852 617.0174025927458 0 1 0
287.574187149707 -152.85276892906325 617.803005048197 0 1 0
288.9011763987534 -153.18931739634877 618.5906662107013 0 1 0
290.2316463012293 -153.52675229156247 619.3803936478208 0 1 0
291.5656096742054 -153.86507670620642 620.1721949559749 0 1 0
292.90307938374184 -154.20429374323584 620.9660777605914 0 1 0
294.2440683451544 -154.5444065171309 621.7620497162662 0 1 0
295.5885895232728 -154.88541815396576 622.5601185069157 0 1 0
296.9366559327105 -155.22733179148204 623.3602918459379 0 1 0
298.2882806381311 -155.57015057915982 624.1625774763705 0 1 0
299.6434767545235 -155.9138776782921 624.966983171054 0 1 0
301.0022574474747 -156.2585162620589 625.773516732796 0 1 0
302.3646359334502 -156.60406951560225 626.5821859945356 0 1 0
303.7306254800737 -156.95054063610175 627.3929988195104 0 1 0
305.10023940641213 -157.29793283285207 628.2059631014268 0 1 0
306.473491083265 -157.6462493273408 629.021086764632 0 1 0
307.8503939334516 -157.99549335332617 629.8383777642833 0 1 0
309.2309614321098 -158.345668156918 630.6578440865286 0 1 0
310.61520710699057 -158.69677699665695 631.4794937486774 0 1 0
312.00314453876024 -159.0488231435968 632.3033347993868 0 1 0
313.39478736130246 -159.40180988138613 633.1293753188337 0 1 0
314.7901492620295 -159.75574050635245 633.9576234189059 0 1 0
316.18924398219065 -160.11061832758583 634.7880872433822 0 1 0
317.5920853171871 -160.46644666702446 635.6207749681217 0 1 0
318.99868711689186 -160.82322885954116 636.4556948012532 0 1 0
320.4090632859699 -161.18096825303004 637.2928549833646 0 1 0
321.82322778420377 -161.53966820849533 638.1322637876987 0 1 0
323.2411946268229 -161.8993321001403 638.9739295203473 0 1 0
324.6629778848372 -162.259963315458 639.8178605204505 0 1 0
326.08859168537384 -162.6215652553225 640.6640651603975 0 1 0
327.51805021201494 -162.984141334081 641.5125518460269 0 1 0
-253.36224912305684 -133.21078369228363 532.2445062313574 8 30 52
-205.87952235721366 -128.8285310066125 521.3767103218239 1 41 68
280.7686908122343 -150.60576539698525 613.7261023664564 0 1 0
282.0780629860423 -150.93720442196081 614.5032605607929 0 1 0
283.390852462299 -151.26951297797422 615.2824473669733 0 1 0
284.7070718164337 -151.60269409490846 616.0636702379616 0 1 0
286.0267336715866 -151.93675081373783 616.8469366549689 0 1 0
287.3498506988548 -152.27168618659414 617.6322541276013 0 1 0
288.6764356175416 -152.60750327683274 618.4196301940049 0 1 0
290.00650119540694 -152.9442051591008 619.2090724210185 0 1 0
291.3400602489242 -153.2817949194049 620.0005884043235 0 1 0
292.6771256435366 -153.62027565518054 620.7941857685972 0 1 0
294.0177102939168 -153.9596504753619 621.5898721676673 0 1 0
295.3618271642305 -154.29992250045208 622.3876552846691 0 1 0
296.70948926840185 -154.64109486259534 623.187542832202 0 1 0
298.06070967038437 -154.98317070564866 623.9895425524923 0 1 0
299.4155014844296 -155.3261531852554 624.7936622175514 0 1 0
300.77387787536566 -155.6700454689193 625.5999096293424 0 1 0
302.1358520588716 -156.01485073607887 626.4082926199432 0 1 0
303.5014373017606 -156.3605721781834 627.2188190517141 0 1 0
304.87064692226437 -156.70721299876982 628.0314968174686 0 1 0
306.24349429032 -157.0547764135395 628.8463338406414 0 1 0
307.619992827859 -157.40326565043765 629.6633380754639 0 1 0
309.0001560091051 -157.7526839497317 630.4825175071373 0 1 0
310.3839973608657 -158.10303456409142 631.303880152009 0 1 0
311.77153046283763 -158.45432075867134 632.1274340577531 0 1 0
313.16276894790826 -158.80654581119114 632.9531873035492 0 1 0
314.557726502464 -159.15971301202052 633.7811480002679 0 1 0
315.95641686669893 -159.5138256642611 634.6113242906513 0 1 0
317.3588538349316 -159.86888708383356 635.4437243495039 0 1 0
318.76505125592143 -160.22490059956144 636.2783563838788 0 1 0
320.17502303319037 -160.58186955326042 637.1152286332717 0 1 0
321.58878312534785 -160.93979729982433 637.9543493698122 0 1 0
323.00634554641914 -161.298687207315 638.7957268984579 0 1 0
-253.79680696373956 -132.24664486008155 531.1756430367876 5 17 31
-253.4299498568801 -132.63125369677968 532.0323139540203 5 31 49
123.0614429342459 -122.35620290395187 493.76205167953987 0 4 12
276.64074624895454 -149.0420338346506 611.2388153457189 0 1 0
277.93954048176704 -149.3701648884335 612.0096499537133 0 1 0
279.24171459119754 -149.69915485782397 612.7824908781199 0 1 0
280.5472810105923 -150.02900673452598 613.5573454874133 0 1 0
281.8562522202636 -150.3597235211186 614.3342211778714 0 1 0
283.1686407477306 -150.691308231119 615.1131253737168 0 1 0
284.48445916795845 -151.02376388904713 615.8940655272635 0 1 0
285.80372010360264 -151.35709353049003 616.6770491190563 0 1 0
287.12643622525354 -151.69130020216824 617.4620836580219 0 1 0
288.45262025168785 -152.02638696200188 618.2491766816144 0 1 0
289.7822849501185 -152.36235687917818 619.0383357559655 0 1 0
291.11544313644816 -152.69921303421881 619.8295684760353 0 1 0
292.45210767552777 -153.03695851904976 620.6228824657647 0 1 0
293.7922914814153 -153.37559643706996 621.4182853782314 0 1 0
295.1360075176397 -153.7151299032224 622.2157848958045 0 1 0
296.4832687974658 -154.05556204406514 623.0153887303054 0 1 0
297.8340883841614 -154.39689599784273 623.8171046231618 0 1 0
299.1884793912723 -154.7391349145606 624.6209403455748 0 1 0
300.54645498289375 -155.0822819560567 625.4269036986802 0 1 0
301.90802837394904 -155.4263402960783 626.2350025137122 0 1 0
303.27321283047087 -155.7713131203557 627.0452446521724 0 1 0
304.6420216698845 -156.1172036266796 627.8576380059976 0 1 0
306.01446826129387 -156.4640150249777 628.6721904977305 0 1 0
307.39056602577466 -156.81175053739338 629.4889100806922 0 1 0
308.7703284366636 -157.16041339836383 630.3078047391563 0 1 0
310.1537690198597 -157.51000685470115 631.1288824885276 0 1 0
311.54090135412036 -157.8605341656724 631.952151375517 0 1 0
312.9317390713676 -158.2119986030815 632.7776194783253 0 1 0
314.32629585699317 -158.56440345135192 633.6052949068231 0 1 0
315.7245854501704 -158.9177520076112 634.4351858027377 0 1 0
317.12662164416673 -159.27204758177416 635.2673003398377 0 1 0
318.53241828666086 -159.62729349662982 636.1016467241222 0 1 0
-169.29873934597333 -124.48859366525593 502.7471648818406 9 46 76
-74.27962244900084 -113.21255977665234 466.6503116747319 20 63 102
121.17342641732112 -121.41696928614779 492.71559932492374 0 2 23
122.91655946647818 -121.89693060934614 493.67246320067835 0 4 12
272.54639864545703 -147.49098772805092 608.7717691403469 0 1 0
273.8347296811396 -147.81584820402526 609.5363488651976 0 1 0
275.1264035973887 -148.14155711028332 610.3029128676475 0 1 0
276.4214326877267 -148.4681174010625 611.0714684330316 0 1 0
277.7198292919264 -148.79553204126648 611.842022874062 0 1 0
279.02160579623865 -149.123804006526 612.6145835309619 0 1 0
280.32677463362984 -149.45293628326166 613.389157771608 0 1 0
281.6353482840123 -149.78293186874527 614.1657529916674 0 1 0
282.94733927448544 -150.11379377116407 614.9443766147399 0 1 0
284.2627601795751 -150.44552500968413 615.7250360925013 0 1 0
285.5816236214758 -150.77812861451534 616.5077389048474 0 1 0
286.9039422703003 -151.11160762697702 617.2924925600413 0 1 0
288.2297288443229 -151.44596509956384 618.0793045948597 0 1 0
289.5589961102341 -151.78120409601297 618.8681825747419 0 1 0
290.8917568833943 -152.11732769137237 619.6591340939442 0 1 0
292.2280240280882 -152.45433897206826 620.4521667756878 0 1 0
293.56781045778683 -152.79224103597542 621.2472882723159 0 1 0
294.9111291354092 -153.131036992487 622.0445062654487 0 1 0
296.25799307358676 -153.47072996258558 622.8438284661429 0 1 0
297.60841533493317 -153.81132307891488 623.6452626150489 0 1 0
298.96240903231325 -154.15281948585212 624.448816482572 0 1 0
300.31998732911967 -154.49522233958226 625.2544978690383 0 1 0
301.6811634395491 -154.8385348081718 626.0623146048571 0 1 0
303.04595062888154 -155.18276007164363 626.8722745506868 0 1 0
304.41436221376506 -155.5279013220537 627.6843855976064 0 1 0
305.78641156250285 -155.87396176356808 628.4986556672843 0 1 0
307.16211209534134 -156.22094461253982 629.3150927121491 0 1 0
308.54147728476454 -156.56885309758883 630.1337047155672 0 1 0
309.9245206557901 -156.91769045968047 630.9544996920163 0 1 0
311.31125578626984 -157.2674599522074 631.7774856872654 0 1 0
312.70169630718993 -157.61816484106964 632.6026707785536 0 1 0
-208.87976800689688 -125.10229441130454 516.2375634639022 1 41 68
-208.42663399355155 -125.44666164032752 517.0002086813478 2 42 69
-45.85097717519313 -131.41687592625183 541.3490641755059 30 72 116
-44.35375400155144 -132.0583857733652 542.7803532005966 27 69 113
121.02935632832587 -120.9589772529586 492.6264826657677 0 3 25
267.2105978412964 -145.63170038163355 605.5683077106971 0 1 0
268.48528490899463 -145.9524920646282 606.3247451509668 0 1 0
269.763266173505 -146.274118913294 607.083137905811 0 1 0
271.04455374537696 -146.5965838346804 607.8434931519017 0 1 0
272.32915978049493 -146.9198897462442 608.6058180927419 0 1 0
273.61709648029824 -147.24403957590715 609.3701199587964 0 1 0
274.90837609200565 -147.569036262116 610.136406007626 0 1 0
276.2030109088377 -147.89488275390033 610.9046835240185 0 1 0
277.501013270248 -148.22158201093444 611.6749598201266 0 1 0
278.8023955621505 -148.54913700359742 612.447242235604 0 1 0
280.1071702171535 -148.87755071303448 613.2215381377424 0 1 0
281.4153497147945 -149.20682613122042 613.9978549216138 0 1 0
282.72694658177795 -149.53696626102143 614.7762000102086 0 1 0
284.04197339221463 -149.86797411625957 615.5565808545811 0 1 0
285.3604427678664 -150.1998527217775 616.3390049339929 0 1 0
286.68236737838913 -150.53260511350268 617.1234797560575 0 1 0
288.00775994158374 -150.86623433851474 617.9100128568913 0 1 0
289.3366332236439 -151.2007434551112 618.6986118012578 0 1 0
290.6690000394123 -151.53613553287536 619.489284182723 0 1 0
292.0048732526358 -151.8724136527448 620.2820376238049 0 1 0
293.34426577622435 -152.2095809070803 621.0768797761284 0 1 0
294.68719057251474 -152.54764039973605 621.8738183205829 0 1 0
296.0336606535328 -152.8865952461294 622.6728609674757 0 1 0
297.38368908126336 -153.22644857331383 623.4740154566949 0 1 0
298.7372889679215 -153.56720352005044 624.2772895578703 0 1 0
300.0944734762242 -153.9088632368811 625.0826910705337 0 1 0
301.4552558196691 -154.251430886203 625.890227824285 0 1 0
302.81964926281415 -154.59490964234345 626.6999076789604 0 1 0
304.1876671215593 -154.93930269163482 627.5117385247966 0 1 0
305.5593227634352 -155.28461323249272 628.3257282826046 0 1 0
306.9346296078907 -155.63084447549244 629.1418849039414 0 1 0
308.31360112658615 -155.97799964344765 629.9602163712827 0 1 0
-208.05847625886847 -125.24807532284275 517.5901970793727 1 41 68
-207.60317231670876 -125.59350761356735 518.3564581973775 2 42 69
-157.70831555090794 -120.30382211863527 495.6947931830282 12 47 80
-44.83704789937371 -109.10129336134575 455.58842775148423 30 70 112
263.19256058930216 -144.10880857972887 603.1471881766043 0 1 0
264.45704603739927 -144.42641334689733 603.8975272405028 0 1 0
265.7247896601259 -144.7448430836023 604.6498001612483 0 1 0
266.9958034331673 -145.06410066096504 605.4040140353378 0 1 0
268.2700993768793 -145.38418896032294 606.1601759857032 0 1 0
269.5476895565027 -145.70511087328472 606.9182931618392 0 1 0
270.82858608237746 -146.02686930178788 607.6783727399298 0 1 0
272.11280111016225 -146.3494671581557 608.4404219229809 0 1 0
273.4003468410532 -146.67290736515534 609.2044479409469 0 1 0
274.6912355220079 -146.99719285605624 609.970458050867 0 1 0
275.9854794459705 -147.32232657469035 610.7384595369975 0 1 0
277.28309095209715 -147.6483114755107 611.5084597109465 0 1 0
278.5840824259882 -147.9751505236534 612.2804659118095 0 1 0
279.88846629991957 -148.3028466949986 613.0544855063105 0 1 0
281.19625505307744 -148.6314029762326 613.8305258889399 0 1 0
282.50746121179543 -148.96082236490994 614.6085944820936 0 1 0
283.8220973497951 -149.29110786951858 615.38869873622 0 1 0
285.14017608842846 -149.62226250954294 616.1708461299601 0 1 0
286.4617100969223 -149.95428931552865 616.9550441702945 0 1 0
287.78671209262745 -150.28719132915012 617.7413003926928 0 1 0
289.1151948412675 -150.62097160327468 618.5296223612595 0 1 0
290.44717115719465 -150.95563320203195 619.3200176688864 0 1 0
291.78265390364305 -151.29117920088052 620.1124939374041 0 1 0
293.1216559929883 -151.62761268667734 620.9070588177352 0 1 0
294.4641903870115 -151.964936757748 621.703719990053 0 1 0
295.810270097161 -152.3031545239558 622.502485163934 0 1 0
297.15990818482084 -152.6422691067744 623.3033620785208 0 1 0
298.5131177615829 -152.98228363935928 624.106358502682 0 1 0
299.8699119895167 -153.32320126662034 624.9114822351736 0 1 0
301.23030408145064 -153.66502514529694 625.7187411048048 0 1 0
302.5943073012474 -154.0077584440309 626.5281429706033 0 1 0
-208.14483252790362 -124.70451991409513 517.4152453557252 3 43 70
-207.68988980948342 -125.04904255510613 518.1808591649681 3 43 70
-79.04842100743863 -110.59856522991825 462.4071854024367 21 61 101
-44.95202564982594 -108.66453559182219 455.50815394905857 30 70 112
-44.31671409365806 -108.89604272142117 455.96141877722476 27 69 113
-43.68017514646011 -109.12802971762156 456.4155591448763 24 66 110
259.20693277898454 -142.59816575070653 600.7455948792341 0 1 0
260.4613270531977 -142.91261956700075 601.489901694444 0 1 0
261.7189438875397 -143.22788827938842 602.2361211521451 0 2 1
262.9797951248485 -143.54397472369317 602.9842602698651 0 1 0
264.24389265199176 -143.86088174576983 603.7343260911839 0 1 0
265.5112484000713 -144.17861220155825 604.4863256858573 0 1 0
266.7818743446334 -144.49716895713877 605.2402661499412 0 1 0
268.05578250588 -144.8165548887863 605.9961546059147 0 1 0
269.33298494888004 -145.13677288302694 606.75399820281 0 1 0
270.61349378378725 -145.45782583669458 607.5138041163383 0 1 0
271.89732116605603 -145.77971665698738 608.2755795490195 0 1 0
273.18447929666235 -146.10244826152612 609.0393317303128 0 1 0
274.47498042232684 -146.42602357841253 609.8050679167505 0 1 0
275.7688368357373 -146.7504455462883 610.5727953920696 0 1 0
277.0660608757784 -147.07571711439496 611.3425214673466 0 1 0
278.3666649277596 -147.40184124263456 612.1142534811363 0 1 0
279.670661423648 -147.7288209016307 612.8879987996071 0 1 0
280.9780628423022 -148.05665907279007 613.6637648166816 0 1 0
282.2888817097102 -148.38535874836606 614.4415589541786 0 1 0
283.6031305992282 -148.71492293152076 615.221388661952 0 1 0
284.9208221318233 -149.0453546363899 616.0032614180393 0 1 0
286.24196897631845 -149.37665688814778 616.7871847288038 0 1 0
287.56658384964015 -149.70883272307225 617.5731661290829 0 1 0
288.8946795170677 -150.04188518861105 618.3612131823373 0 1 0
290.2262687924872 -150.37581734344937 619.1513334808003 0 1 0
291.5613645386466 -150.7106322575773 619.9435346456305 0 1 0
292.89997966741527 -151.04633301235836 620.7378243270651 0 1 0
294.24212714004483 -151.38292270059932 621.5342102045764 0 1 0
295.58781996743187 -151.72040442662012 622.3326999870274 0 1 0
296.93707121038864 -152.05878130632505 623.1333014128313 0 1 0
298.2898939799099 -152.39805646727456 623.936022250112 0 1 0
-49.478343556394016 -106.62383566930832 452.280581219645 27 67 109
254.0121280264017 -140.7891055103101 597.6268620462504 0 1 0
255.2533646440763 -141.09964177029715 598.3633172375903 0 1 0
256.49777694015546 -141.41098018221768 599.1016571825766 0 1 0
257.74537658337306 -141.72312353740307 599.8418887953696 0 1 0
258.99617528567137 -142.03607463698654 600.584019015694 0 1 0
260.25018480240027 -142.3498362919553 601.3280548089568 0 1 0
261.5074169325162 -142.6644113232014 602.0740031663664 0 2 1
262.7678835187854 -142.97980256157544 602.8218711050513 0 1 0
264.03159644798853 -143.29601284793944 603.571665668185 0 1 0
265.2985676511253 -143.61304503322017 604.3233939251044 0 1 0
266.5688091036235 -143.93090197846396 605.0770629714353 0 1 0
267.842332825553 -144.24958655489257 605.8326799292199 0 1 0
269.1191508818327 -144.5691016439569 606.5902519470395 0 1 0
270.3992753824522 -144.88945013739547 607.3497862001449 0 1 0
271.6827184826837 -145.21063493728965 608.1112898905852 0 1 0
272.9694923833059 -145.53265895612233 608.8747702473372 0 1 0
274.2596093308233 -145.85552511683554 609.6402345264388 0 1 0
275.55308161769284 -146.17923635289014 610.4076900111222 0 1 0
276.8499215825488 -146.50379560832425 611.1771440119477 0 1 0
278.1501416104344 -146.82920583781495 611.948603866941 0 1 0
279.4537541330312 -147.15547000673803 612.722076941731 0 1 0
280.7607716288938 -147.48259109123018 613.4975706296873 0 1 0
282.0712066236889 -147.81057207825168 614.2750923520632 0 1 0
283.38507169043186 -148.13941596564874 615.0546495581365 0 1 0
284.7023794497297 -148.46912576221823 615.8362497253539 0 1 0
286.023142570026 -148.79970448777132 616.6199003594762 0 1 0
287.3473737678482 -149.13115517319983 617.405608994725 0 1 0
288.6750858080568 -149.46348086054147 618.1933831939313 0 1 0
290.0062915040979 -149.7966846030468 618.9832305486863 0 1 0
291.34100371825997 -150.13076946524697 619.7751586794927 0 1 0
292.67923536193086 -150.4657385230223 620.569175235917 0 1 0
294.02099939585935 -150.8015948636714 621.3652878967479 0 1 0
-143.6965677201808 -100.4821222631045 427.3143530276378 12 49 81
-145.62779098149792 -117.12110815320538 492.9819132400872 12 51 87
-93.28333314405891 -120.33324617539847 504.9260253518367 22 62 102
-49.59147733706357 -106.1906976453206 452.2016098879283 28 68 110
252.56604858214354 -139.92136609138535 596.7325847221178 0 1 0
253.8037393945127 -140.23041934286897 597.4668933667382 0 1 0
255.0445943195115 -140.54027047042976 598.2030798036284 0 1 0
256.28862498287884 -140.85092225077872 598.9411509211608 0 1 0
257.5358430533532 -141.16237747035993 599.681113633148 0 1 0
258.78626024286706 -141.47463892539926 600.4229748789573 0 1 0
260.0398883067473 -141.7877094219574 601.1667416236293 0 1 0
261.2967390439132 -142.10159177598075 601.912420857995 0 2 1
262.5568242970796 -142.41628881335464 602.6600195988001 0 1 0
263.8201559529593 -142.73180336995512 603.4095448888189 0 1 0
265.08674594247134 -143.04813829170385 604.1610037969837 0 1 0
266.35660624094817 -143.36529643462177 604.9144034185057 0 1 0
267.62974886834604 -143.68328066488408 605.6697508749991 0 1 0
268.9061858894582 -144.00209385887558 606.4270533146098 0 1 0
270.1859294141294 -144.32173890324677 607.1863179121406 0 1 0
271.4689915974735 -144.64221869497078 607.9475518691826 0 1 0
272.755384640093 -144.96353614140102 608.7107624142444 0 1 0
274.04512078830027 -145.28569416032832 609.4759568028827 0 1 0
275.3382123343423 -145.6086956800405 610.2431423178384 0 1 0
276.6346716166281 -145.93254363938178 611.0123262691704 0 1 0
277.93451101995527 -146.25724098781222 611.7835159943885 0 1 0
279.2377429757446 -146.5827906854689 612.5567188585953 0 1 0
280.5443799622716 -146.90919570322762 613.3319422546231 0 1 0
281.854434504904 -147.2364590227642 614.1091936031743 0 1 0
283.1679191763409 -147.56458363661852 614.8884803529636 0 1 0
284.48484659685425 -147.89357254825734 615.6698099808633 0 1 0
285.8052294345329 -148.2234287721387 616.4531899920463 0 1 0
287.1290804055298 -148.5541553337774 617.2386279201324 0 1 0
288.45641227431156 -148.8857552698104 618.0261313273396 0 1 0
-197.20080813893426 -139.22795300607595 586.019212437032 10 47 79
249.89368782752655 -138.7496476065274 595.1109274650885 0 1 0
251.12470650861655 -139.0564337258619 595.841234498729 0 1 0
252.35886624546944 -139.36401071320495 596.573405555553 0 1 0
253.596178578468 -139.67238132112868 597.3074474730901 0 1 0
254.83665509059517 -139.98154831181895 598.043367114071 0 1 0
256.08030740762746 -140.2915144571253 598.7811713665419 0 1 0
257.32714719832717 -140.60228253861018 599.5208671439788 0 1 0
258.5771861746372 -140.9138553476002 600.2624613854036 0 1 0
259.8304360918811 -141.2262356852368 601.0059610555023 0 1 0
261.08690874896126 -141.53942636252793 601.7513731447424 0 1 0
262.3466159885606 -141.85343020040062 602.4987046694944 0 1 0
263.6095696973467 -142.16825002975355 603.2479626721511 0 1 0
264.87578180617726 -142.4838886915101 603.9991542212504 0 1 0
266.14526429031 -142.80034903667357 604.7522864116002 0 1 0
267.4180291696106 -143.1176339263809 605.5073663644025 0 1 0
268.6940885087655 -143.435746231958 606.2644012273778 0 1 0
269.97345441749854 -143.75468883497595 607.0233981748961 0 1 0
271.256139050786 -144.07446462730758 607.7843644081026 0 1 0
272.54215460907653 -144.39507651118464 608.5473071550505 0 1 0
273.8315133385127 -144.71652739925526 609.3122336708304 0 1 0
275.1242275311547 -145.03882021464312 610.0791512377048 0 1 0
276.42030952520764 -145.36195789100626 610.8480671652435 0 2 1
277.7197717052485 -145.68594337259665 611.6189887904561 0 1 0
279.0226265024597 -146.0107796143216 612.3919234779326 0 1 0
280.32888639486015 -146.33646958180415 613.1668786199814 0 1 0
281.6385639075438 -146.6630162514455 613.9438616367688 0 1 0
282.9516716129177 -146.9904226104875 614.7228799764623 0 1 0
284.268222130942 -147.31869165707602 615.5039411153721 0 1 0
-250.76718408753962 -125.8348610496676 539.3187454137436 0 33 58
257.11928754363527 -140.04283547864955 599.361148245323 0 1 0
258.36895160789436 -140.3537206366575 600.1024774531529 0 1 0
259.62182668629976 -140.66541181143174 600.8457120233621 0 1 0
260.8779245777558 -140.97791180904903 601.5908589460661 0 1 0
262.13725712493397 -141.29122344548534 602.3379252372735 0 1 0
263.3998362144774 -141.60534954666915 603.0869179390062 0 1 0
264.6656737772036 -141.9202929485338 603.8378441194222 0 1 0
265.93478178831526 -142.23605649707207 604.590710872938 0 1 0
267.2071722676088 -142.5526430483903 605.3455253203541 0 1 0
268.48285727968585 -142.87005546876333 606.1022946089812 0 1 0
269.7618489341708 -143.18829663469114 606.8610259127678 0 1 0
271.0441593859237 -143.5073694329538 607.621726432427 0 1 0
272.3298008352609 -143.82727676066958 608.3844033955695 0 1 0
273.61878552817797 -144.14802152535228 609.1490640568325 0 1 0
274.9111257565709 -144.46960664496945 609.9157156980152 0 1 0
276.20683385846314 -144.7920350480013 610.6843656282107 0 2 1
277.50592221823393 -145.11530967350072 611.455021183942 0 1 0
278.80840326685046 -145.43943347115317 612.2276897293018 0 1 0
280.11428948209937 -145.764409401338 613.0023786560874 0 1 0
254.42326401147324 -138.86603839318136 597.7255116345597 0 1 0
255.66616950116276 -139.17463624428925 598.4627880466682 0 1 0
256.91226261746726 -139.48403302840015 599.2019558563825 0 1 0
258.1615550724105 -139.794231527062 599.9430220020714 0 1 0
259.41405862136816 -140.10523453159936 600.6859934477455 0 1 0
260.669785063268 -140.417044843165 601.4308771831812 0 1 0
261.92874624079064 -140.72966527279175 602.1776802240373 0 1 0
263.19095404057316 -141.04309864144443 602.9264096119769 0 1 0
264.4564203934144 -141.35734778007406 603.6770724147898 0 1 0
265.7251572744835 -141.67241552967045 604.4296757265141 0 1 0
266.99717670352715 -141.9883047413169 605.1842266675621 0 1 0
268.27249074508484 -142.3050182762452 605.9407323848462 0 1 0
269.55111150870084 -142.6225590058911 606.6992000519059 0 1 0
270.8330511491414 -142.9409298119505 607.4596368690364 0 1 0
272.11832186661417 -143.2601335864364 608.2220500634185 0 1 0
273.4069359069875 -143.58017323173576 608.9864468892505 0 1 0
274.6989055620156 -143.9010516606682 609.752834627879 0 2 1
-154.76394697114281 -113.64666719179841 495.5360591076983 8 47 81
-148.08307402422744 -115.45123638093814 502.3389874999233 9 50 85
-79.55755389761443 -107.42094223752203 462.3518405608242 24 62 103
-13.99839157902454 -107.19675431829805 469.08202641476254 32 74 120
66.55489978615344 -96.92777680193961 426.69847615752724 31 76 128
125.0258108938464 -112.35761597823323 495.3869848975807 0 6 11
261.7210818736163 -140.16875240792382 602.0179685534541 0 1 0
262.9829217147607 -140.48149403623933 602.7664366154283 0 1 0
264.2480201955895 -140.795049904844 603.5168380324221 0 1 0
265.5163892912574 -141.10942284973206 604.2691798981068 0 1 0
266.7880410214854 -141.42461571697177 605.0234693325211 0 1 0
268.06298745076884 -141.74063136275922 605.7797134821908 0 1 0
269.3412406885955 -142.05747265347387 606.5379195202592 0 1 0
270.62281288965823 -142.37514246573514 607.2980946466164 0 1 0
-154.86392351242534 -113.14708491336997 495.40023613570605 9 48 82
-154.3300550495837 -113.44006854832162 496.0470101061473 10 49 83
-148.18548399246288 -114.94560303464104 502.19890482453235 11 52 87
-14.118562548503322 -106.75256590819856 468.99442467095105 34 76 122
259.00104065331163 -138.98680668523411 600.3681433570295 0 1 0
260.2560341507754 -139.29724059180174 601.1125066584688 0 1 0
261.5142625638026 -139.6084815779171 601.8587891509662 0 1 0
262.7757377790809 -139.92053245464092 602.6069978755045 0 1 0
264.0404717274308 -140.23339604297973 603.3571398991713 0 1 0
265.3084763840156 -140.54707517394058 604.109222315287 0 1 0
266.57976376854685 -140.86157268858273 604.8632522435233 0 1 0
-155.49622801455706 -112.35629912250155 494.6195363872449 8 49 82
-154.964017751354 -112.64783169397671 495.26428358327894 8 49 82
-148.28800615889918 -114.44031395732979 502.05870201030234 11 52 87
-13.937921784149193 -105.13875729086958 466.3904032295381 34 76 122
-205.6571113280516 -127.16686642034423 560.9283251742407 7 44 74
-205.16417905166873 -127.54501052413403 561.8519073881173 9 46 76
-189.3304391269405 -118.58173422035784 523.4422751517161 11 48 78
-188.83307521606673 -118.91336600444353 524.2129589844291 9 46 76
-155.59608695466207 -111.85807946038203 494.4838987941168 10 49 83
-155.06423056038008 -112.14890577169054 495.1282003510306 10 49 83
-154.53107205840962 -112.4404724896949 495.774080245037 12 51 85
-148.24554414495321 -113.9102283921499 501.23025496451095 11 52 87
-13.719823114196537 -103.61250513953199 465.063621049738 33 75 123
-209.4354855281953 -127.92504942465732 568.9026904353645 5 45 74
-167.7661366161836 -113.37281352691157 501.11143019868535 10 49 83
-148.3484471076943 -113.40629473599716 501.0904678023171 12 53 88
49.392526584737425 -97.58009975322096 443.4364000837871 35 77 133
52.059126174956184 -89.85498070297594 405.36156866166755 37 79 135
-144.9795311859494 -110.02713906542147 493.8225671254921 12 53 86
46.21676976500097 -96.79491511022759 437.5319778300879 33 75 131
46.75218494047392 -98.26140955791753 439.40568406203363 35 77 133
47.45652106648443 -98.45402248181811 439.7744249537277 36 78 134
48.58917917685712 -98.2760010589652 441.73450889666236 33 75 131
51.95222262911342 -89.48545900074356 405.31670144653606 37 79 135
-146.214837041432 -110.86049157135544 496.4808344085251 12 53 88
-13.021251532283586 -99.96476353904079 454.3447488829463 31 75 123
46.1004654353882 -96.39222809472149 437.4690654711916 37 79 135
46.532990903178025 -96.29425287658748 435.8265089578423 37 79 135
-146.2771714089957 -108.85964545581007 499.4806146711556 14 53 87
52.54316928754866 -86.9746012750078 403.04161763088035 35 77 135
-112.5927422149564 -106.10163293801808 483.05310616130015 16 57 94
-13.14874351314536 -99.47864210966883 458.8207834958191 30 73 124
52.026537662698885 -86.67184322295518 401.07511347888493 32 76 133
53.75358511306839 -87.82439184551292 412.6325365285671 35 77 135
-113.1502281800031 -105.21105463826737 485.07450131679866 18 59 96
53.81920260608898 -90.84762409325619 419.1495559632001 37 79 137
-48.41609258945893 -100.78111545457871 469.12892036956225 28 70 114
-255.29051365547255 -115.50828845645538 539.7315041833206 11 33 55
147.93928387734854 -122.884615584909 584.6516228552057 0 6 31
-45.330543615822165 -95.87953663939196 454.4720024115543 27 69 113
-17.086787618576103 -96.26964056921304 456.2046051408584 31 74 125
-16.417968152578233 -96.48060389321746 456.6446787175087 30 73 124
-15.747867755585691 -96.69199960081164 457.0855954877433 30 73 124
-72.92687333509821 -104.09470893968265 501.42112621664165 25 68 109
-45.44211513153362 -95.45029996072392 454.38939045325276 28 70 114
102.1209623270606 -83.35908042117302 399.3888761178763 0 4 16
200.7232834406495 -141.46582639918725 681.1674774041894 0 3 1
19.350890052322566 -85.94894887888701 423.54953131647443 37 79 135
20.2015949700474 -88.19080829721581 425.8741780641116 40 82 138
20.86124383787618 -88.36903593823538 426.2203313520244 40 82 138
179.51068297476218 -134.29461971008206 661.3433335515857 0 4 4
17.807671021009348 -84.99495202266979 421.00024237089013 35 77 133
18.45825521277479 -85.16683897056068 421.3355865638012 38 80 136
20.092177159932923 -87.80013653623531 425.815542275459 40 82 140
20.75165435077118 -87.97805883909052 426.16160459924356 39 81 139
17.216534624390853 -85.41771077700153 425.1923783758572 36 78 134
17.579486921999173 -85.97944571479647 424.11121241367835 36 78 134
-232.33041267532334 -106.61368078231527 528.0373717641052 0 40 64
20.747329954574607 -84.69762647051178 422.50976733473345 37 79 137
21.40270572273446 -84.87013551994819 422.84757790719794 37 79 137
131.1775402905777 -101.77258813501724 511.9153537634354 0 5 26
-232.4001572756589 -106.06625152070399 527.8357893677841 1 42 66
-222.9914665343664 -106.06247841884104 527.9406385182062 1 41 68
-30.97034849163046 -89.21200541514604 447.0353747916155 30 72 118
20.6396149557034 -84.31154648207578 422.4523392722578 37 79 137
131.02973331737178 -101.30500206625834 511.80618917341053 0 5 26
-156.38906611531604 -94.06542528678538 471.5533445257373 12 49 81
21.39929070117029 -85.08234579123832 427.3822230418637 37 79 137
130.88237235699253 -100.83785256760594 511.6972981229992 0 6 29
-232.41776436702705 -99.5309236142235 508.27163824801863 5 38 63
-248.6256978618807 -111.05605238654842 565.5228941907654 0 40 67
-160.6789778622292 -97.91875341427937 504.0685312860653 13 52 88
159.41656886608274 -113.61248282975302 601.8671424974626 0 5 6
128.6364947999342 -92.62635328632327 494.7250603040644 0 5 17
-184.7437225780551 -102.59496562915429 543.0129739771539 9 48 82
128.49613920317083 -92.17829075766346 494.6252145898274 0 5 19
-91.01849069900035 -91.1519600652176 485.7737728112766 22 62 102
128.35621462819333 -91.7306291018314 494.52561931876653 0 5 19
-91.1251358027113 -90.68835563654486 485.6568370309257 22 62 102
-227.210275759218 -95.77838297521144 519.1146465335275 5 41 67
-228.891171287183 -95.30892976350351 523.3917311878387 3 38 67
74.30499352219827 -76.71259423901297 425.5589869917437 38 80 138
94.61681403383987 -76.17951575623482 426.8776724409865 37 80 133
158.30206201593873 -110.28223232335571 600.7878222634589 0 5 6
215.47182875993806 -129.05565007852522 721.3729646765076 0 3 1
128.68649353989403 -90.14360620775842 494.6084175215193 0 6 13
216.85964671794852 -128.12222901234844 722.2180198679855 0 3 1
155.6728581734942 -108.61608578842056 598.8463037135165 0 7 16
207.6296035983236 -125.83384665996789 714.69578510589 0 3 1
-116.0266443009212 -90.87535441324182 515.1753986350249 26 65 103
207.38425455054394 -125.16614809013421 714.4066252969351 0 3 1
208.84115086192386 -125.53655262612035 715.6147865882178 0 3 1
210.45670796902448 -125.27798407736752 716.7368871262761 0 3 1
211.77030765549992 -126.28132354701377 718.0438581000237 0 3 1
216.35668941888886 -126.77166645379144 721.6267868710645 0 3 1
217.84473459004406 -127.14843618494041 722.8600839418738 0 3 1
-116.74830573245183 -90.12316596723802 514.3457392628685 22 61 99
-24.464397837649567 -76.89593289850403 440.741365650853 36 74 126
204.24290576334516 -123.76487717385511 711.7162821163096 0 3 3
207.13977722515804 -124.49934299203285 714.1182834924808 0 3 1
208.7488335999258 -124.240103901977 715.2350825040334 0 3 1
210.05697705594196 -125.23903707302411 716.5371510704744 0 3 1
215.95324375163432 -126.73433360047414 721.426216096811 0 3 1
220.4304615332087 -127.86994987587468 725.1386615639293 0 3 1
-198.21734647337763 -89.93808776579756 513.8425284899384 6 46 77
-35.86930436682677 -85.00661042828627 486.91609836120574 36 75 122
-21.376036614017327 -77.41236212162575 440.797029849269 40 78 130
197.0023781305458 -120.67818078644713 705.4157903388613 0 4 3
194.09602760620652 -119.4670816226739 692.1333856874868 0 3 3
199.8479006668397 -121.39431391477166 707.7735497469051 0 3 3
204.1533137748639 -122.47799769487762 711.3409735888847 0 4 4
205.5984589138181 -122.84178148138102 712.5384122029888 0 4 4
206.89616862669928 -123.83342612272327 713.8307565740135 0 3 2
-197.81535125278492 -89.70534247494851 514.4168755429567 5 45 76
-122.89393148561787 -87.73157182442345 513.3409425021405 19 59 99
-36.06532458957238 -80.77673807234288 477.89698225368255 35 74 121
-35.79126739762494 -81.95557261274328 483.11643962041705 36 75 122
12.567492515506748 -74.821918997858 427.70159070415815 38 82 139
209.56724913469662 -123.90323599217349 715.9595438406938 0 3 1
211.03184427377644 -124.2726229909647 717.1736683607111 0 3 1
212.50159859778393 -124.64332937445073 718.3920723310413 0 3 1
-161.09789013352 -83.95665788623778 486.77555483330883 13 52 86
-119.59250465586436 -84.28687241223328 491.10717091919713 17 60 99
-119.00163714230652 -84.5233727312298 491.7144203347445 19 59 99
-118.40939013603247 -84.76044725157848 492.3230889137674 20 60 100
-37.57531635631776 -80.05158291394916 476.49791098273323 32 74 122
-36.895317177922685 -80.25519032162057 477.00574670676235 33 75 123
-36.17538500617702 -80.33456097679098 477.7926876534174 34 76 124
-35.902657932527475 -81.50800509825724 483.00830656957834 37 76 125
-34.420925961676836 -80.01564736086914 469.1845273085728 37 76 125
-20.821115427304655 -76.64576629889426 446.2602159080636 37 78 131
158.86137030480873 -103.38535690847289 605.5853438634587 0 6 20
203.67114938979577 -121.15411608431515 710.7700268865359 0 3 1
205.11462001992564 -121.51550117292228 711.9657961446384 0 3 1
206.5631337571528 -121.87816704743756 713.165745700558 0 3 1
208.0167177114396 -122.24212049648041 714.3698980123565 0 3 1
-211.96441453902943 -85.59564383552791 507.689400681651 8 43 72
-161.18759003206668 -83.48222569468969 486.6388099224768 13 52 86
-148.62289034648106 -97.97323592057948 580.9137899776628 20 59 95
-147.99074029191777 -98.28994719111037 581.8631599745498 19 58 96
-119.69155380186257 -83.81703421833576 490.977567786417 18 61 100
-119.10103322406154 -84.0529152728801 491.58442959159606 19 59 99
-118.50913380696917 -84.289369170149 492.1927098177905 22 62 102
-42.27738787512974 -79.69296510662184 476.4515423147333 30 72 120
-41.60298211863166 -79.89717152130883 476.9620235533584 29 73 121
-40.92717128059123 -80.10182564194707 477.4735695269672 30 74 122
-40.574919619657926 -81.38644473483458 475.56736694748463 29 73 121
-38.94007949461309 -79.15893801240203 471.89722029663557 30 74 122
-34.779804359262755 -78.25731613855135 466.904833044245 37 79 127
-34.110036635461434 -78.45347525480857 467.3837132112984 35 77 125
-20.927754584452227 -76.23664178826257 446.1812374139211 39 80 133
156.38961514390567 -102.28684896291057 603.7807088969817 0 4 35
157.5316236872524 -102.55867516978883 604.5891208007477 0 6 22
-212.03621021914688 -85.08920328525465 507.51541754269226 8 45 73
-211.58461186980372 -85.36172235991137 508.25686711004045 9 44 73
-119.41975385145402 -83.24501499772016 498.0030276978219 20 60 100
-118.82049034735836 -83.48321366158378 498.6323927297528 21 61 101
-42.879480397645466 -80.58557574529036 477.0066629027856 31 73 121
-42.205803966907155 -80.79206550563809 477.51900553411684 32 74 122
-41.530715905918804 -80.99901097409341 478.0324228867524 32 74 122
-40.2150984781397 -79.49672824675072 477.28316789750863 29 73 121
-34.88805043165665 -77.82669745346566 466.80892884679207 37 79 127
-34.218564045533036 -78.02240311197455 467.28759064022483 35 77 125
-33.54773693759496 -78.21852253115671 467.76721202017796 35 74 123
158.49289555230843 -102.27780737061629 605.2147310119088 0 6 24
164.5320417426407 -98.54548327358152 593.4928239489984 0 4 3
170.2201289734886 -99.8444589649192 597.3548804149644 0 4 4
203.19239097473638 -119.83371144628182 710.2022757715728 0 3 1
204.63420913686323 -120.19270839638934 711.3963946509589 0 3 1
206.08106509640973 -120.55297774808759 712.5946884238851 0 3 1
207.38223503507405 -121.54169428479265 713.8918862403035 0 3 1
208.98999888919494 -121.27736067364987 715.0038904960231 0 4 2
214.8695234297413 -122.74169500521826 719.8733900157929 0 3 2
-121.89957995789861 -81.8252614746645 495.3661385315686 16 56 96
-121.30633890063444 -82.06048728003115 495.98913525222235 19 59 99
-43.473687947632556 -79.42112544127276 476.2969083237833 33 75 123
188.01491634781152 -118.94392391543802 724.2840047010591 0 4 35
161.76162642951988 -102.54277075366262 607.4733931421125 0 6 9
198.51122710510367 -118.72627734318546 706.4561327985799 0 4 3
-155.2043634662361 -93.56455137927155 570.6641271276043 19 58 94
-136.02291771919764 -83.92740359438947 504.300814285218 17 56 92
-121.99667327748891 -81.35275761471293 495.23167994223337 20 59 97
-121.40378674704382 -81.58734757659859 495.8542672689301 19 60 97
-120.80949343186865 -81.82251491035989 496.4783334057179 18 59 96
223.48753916439497 -120.39646681584611 741.2768138555122 0 3 1
-238.3964503175442 -84.82385847588253 522.0518725958821 2 38 64
-237.98798744630844 -85.11173566982869 522.8715666747414 2 38 64
-218.77281878451754 -88.01502819494597 532.6906186810083 4 41 69
-165.35720502914788 -97.87791771757834 595.7362158141086 16 55 91
-121.50135950114549 -81.11451451256919 495.71929477374545 19 60 97
-120.90742066354065 -81.34904558474463 496.342951535522 18 59 96
-102.51077751964256 -81.40305931561582 495.8211688859662 22 62 102
-34.01785549311364 -76.97746393973206 475.8789634897909 37 79 127
209.5628451522597 -116.40721738810993 729.3425670732769 0 3 1
211.05932193042455 -116.76863818937053 730.6145857707957 0 3 1
212.56120567370678 -117.1313819525246 731.8912031164944 0 3 1
214.068526406324 -117.49545593309432 733.1724446318937 0 3 1
215.58131435919233 -117.86086743579531 734.4583360140947 0 3 1
217.09959997164435 -118.2276238149481 735.7489031372406 0 3 1
221.68775032272012 -119.33603650716073 739.6489203805293 0 3 1
-237.6378775829015 -84.87257153647151 523.4911135270692 1 37 63
-235.24916377761667 -86.3141401084181 526.7800188198528 6 42 68
-219.29481016203806 -87.18976587411571 531.6520505141457 5 42 70
-171.31370754004482 -76.64411590834092 474.3804083349532 9 49 80
-165.56385764343315 -94.13015256491711 584.2386101386692 17 56 92
-161.08842517946098 -92.69064454688676 570.6426806424646 16 55 91
-102.61286125896501 -80.93368166358334 495.6903935717323 21 61 101
-101.99216518946469 -81.16348532173406 496.2994102155641 22 62 102
222.9700883392136 -119.02096829546255 740.6410165635889 0 3 1
226.06633488870082 -119.76689995647403 743.272562969218 0 3 1
-220.71373285224513 -85.790394791544 528.9624328942341 8 45 73
-103.33395253893994 -80.23597358886067 494.9523185201681 22 62 102
-102.29624368457593 -79.03547991954194 496.4032894832246 22 62 102
-101.67317285979443 -79.26220537740213 497.0147101681956 23 63 103
78.72967649917834 -64.7403963951048 399.1405831349478 36 80 137
212.05880205626696 -115.77594204503035 731.2707698427591 0 3 1
213.56426659479723 -116.13744730039468 732.5501012985789 0 3 1
215.07519162315253 -116.50028060838825 733.8340756711148 0 3 1
216.5916075347585 -116.86444926996732 735.1227187888645 0 3 1
218.11354493277605 -117.22996063572843 736.4160566584428 0 3 1
219.64103463185307 -117.59682210632425 737.7141154660691 0 3 1
222.7127952598582 -118.33462521744852 740.3245015474238 0 3 1
224.25712889154585 -118.70558191338051 741.6368821052382 0 3 1
-148.65584695679263 -81.0907448150262 516.4059273974789 15 54 90
-120.98726173671417 -76.75043757314134 492.7717816475442 18 62 98
-121.08214641315612 -78.75498726209315 497.79021239275687 18 62 98
-106.60965275297742 -78.39796880682185 498.16555740328175 22 62 102
-105.99041858038274 -78.62559120292669 498.78592720055286 21 61 101
-102.39685930471015 -78.56717697424807 496.2715815436688 23 63 103
211.8089635450477 -115.09958881235119 730.9618745837302 0 3 1
213.3135090058757 -115.45981407757776 732.2402590201158 0 3 1
-252.6875019186455 -85.71060188752237 547.2037155697918 4 37 64
-239.44368815308928 -82.15621340124414 519.6205244630868 5 38 65
-208.98317143202496 -81.9135984748414 517.329047121929 5 45 74
-121.08206548650098 -76.28373343321485 492.63885080915287 16 60 96
-121.77470891848942 -78.05165423733003 497.0244797966124 17 61 97
-121.17890698373732 -78.28215616832405 497.652819662265 16 60 96
-117.50225812445555 -77.64219679304524 496.3456479234175 17 61 97
-106.70912953718005 -77.92771028224603 498.0311700712675 21 61 101
-100.37428548251955 -74.76874452732842 484.90044980154767 21 61 101
-99.76038110767195 -74.98265167790805 485.47490540124244 23 63 103
214.57274822762483 -115.14335434721457 733.2133771441124 0 3 1
216.08731870412905 -115.50494702372312 734.5001178027309 0 3 1
217.60740396040566 -115.86787287622525 735.7915462732146 0 3 1
219.13303476507264 -116.23213925157106 737.0876886959705 0 3 1
-239.50256292420144 -81.633497542352 519.4201322562766 4 37 64
-209.05516527144002 -81.40124170312517 517.1444568714619 5 47 75
-208.590508919019 -81.67190659495147 517.9171203323028 5 47 75
-158.6813308675869 -81.0163398474795 520.8299659957001 13 54 87
-121.87124195735484 -77.57976613677931 496.8873964307118 16 60 96
-121.27579548082683 -77.80963023122041 497.51532080483844 17 61 97
-117.59930337110023 -77.17204083429078 496.21018610826576 17 61 97
-64.97935915684101 -70.12742228523534 459.82147084643015 26 68 114
-64.50298244930805 -71.39383845561957 457.5682187758672 27 69 115
-63.87830186541379 -71.58288910307999 458.03829971747246 27 69 115
-190.706481512159 -76.09980661494562 502.2144905703935 12 47 78
-190.21635319647925 -76.34783469162704 502.91963220420325 12 47 78
-119.45095045669538 -75.36385634278226 486.81806821115515 17 61 97
-118.86240822133588 -75.58486398340362 487.4122459060148 17 61 97
-117.69647403077292 -76.70218743479532 496.0746226854585 12 58 94
-66.50913640052846 -69.81080296027575 458.8590744858735 27 69 115
-65.88421804063748 -69.99832221293941 459.33413423043055 26 68 114
-65.07966669005495 -69.70339387972624 459.7250566923913 26 68 114
-64.60468295258892 -70.97109055976924 457.474071934047 26 68 114
215.58670742732824 -114.14907267901977 733.881072062856 0 3 1
217.10496482847165 -114.50942465814249 735.1706126829414 0 3 1
218.62876114168645 -114.87110762629874 736.4648603715658 0 3 1
-243.21058442000503 -82.35701003933072 537.3148145043829 3 38 67
-190.78224230861693 -75.61055710097756 502.05235605796867 12 47 78
-184.92601038367746 -73.35113619199595 489.04977518151964 12 47 78
-184.43583232704398 -73.58667779835726 489.7057803447543 15 50 81
-118.95896671713918 -75.12360014942281 487.28386173322843 16 60 96
-115.50756725357984 -73.42362201998185 489.11490907211896 13 57 93
-115.26888364300339 -74.4203556543061 490.0914335597479 15 61 97
-70.3074053104097 -70.86612047613022 461.11699916283413 26 68 114
-67.5376052995952 -68.84617068082514 455.09371866602663 26 68 114
-66.91865210695047 -69.03103018814754 455.55883560368284 27 69 115
-66.12273688703 -68.15920387323807 458.1733390030594 27 69 115
-65.98479007908549 -69.57459668699647 459.237977580756 27 69 115
-29.105007533918627 -65.49350612874849 440.9699708577014 32 75 126
171.70013480432843 -91.83662247101779 615.4338876574103 0 5 4
210.81862298962858 -112.40315908773839 729.7350215906857 0 3 1
212.3195519944092 -112.75829313569263 731.0096710653323 0 4 2
215.33777277858167 -113.47248216061399 733.5728736734753 0 3 1
-185.00353930905501 -72.87687638125382 488.9018669326802 11 46 77
-117.16430068781321 -72.61545047571519 481.2048818274192 17 61 97
-117.58471810311106 -72.53080767303457 487.8293895852713 16 60 96
-115.70114266631425 -73.64167989592578 483.78141107501403 15 61 97
-115.96210277516775 -73.7394421601484 489.3616022763191 11 57 93
-115.36515453754518 -73.95820379553324 489.9613510293611 14 60 96
-72.16831907040834 -67.83716599508007 458.54993554561435 26 68 112
-64.0247380675201 -69.22944794489094 460.48543665511755 26 70 116
-29.252418050307146 -65.18576194099009 441.8370084131744 32 75 126
35.06362642244537 -62.809692940456436 416.378754854045 45 89 148
210.57327522574897 -111.7312701190077 729.4304730765912 0 4 1
-117.47647995725957 -70.5815256764623 481.28308303426445 18 62 98
-117.25951258491928 -72.16201324589338 481.0817992583969 17 61 97
-117.6790435187581 -72.07162205382187 487.70053827901137 17 61 97
-115.69780315076251 -72.50291312722268 488.8561976231158 14 60 96
-115.10051221807365 -72.71935406680576 489.4543344688755 14 60 96
-72.2667702595039 -67.41445221875647 458.45291789048576 26 68 112
-63.023439502156606 -67.90866562087795 459.81552910267425 28 72 118
-29.353123465002927 -64.78504388632905 441.7569200992335 33 76 127
35.76267781683324 -61.730722989179995 415.66532856059143 45 88 150
168.7337216183962 -94.50083871081854 635.8454351612796 0 5 31
-218.07960351916478 -81.05689754067761 541.5152923521937 5 45 74
-115.19616489488516 -72.25883220589158 489.3244453572185 15 60 99
12.874206310528328 -67.23754822237423 464.56258220446034 37 86 143
35.0021148356174 -61.21991617869067 415.29157810505393 45 88 150
168.53861892289774 -93.92416240218861 635.6296395632149 0 4 30
-171.3870098176463 -75.27097545027216 510.0769923816691 13 52 86
-84.68386099629629 -71.29645154690567 490.8130585901934 24 66 110
12.622800183173435 -71.64350258929177 505.5333054301554 37 84 142
12.763799671343333 -66.819700260126 464.4702588747071 38 85 143
13.483015705220872 -66.99171174914379 464.91750448029194 38 85 143
175.71670612029882 -90.63672805987954 618.0193720133201 0 5 4
180.10928121874093 -91.74636707597645 623.2203475190693 0 3 1
-127.55329156895041 -68.47310335589965 481.0011222405066 12 57 96
-84.78510934906456 -70.84056815412349 490.68789343061553 27 66 111
-84.14325156678659 -71.04849562698274 491.2690179614097 26 65 110
13.37246200615574 -66.57374127084816 464.825084411333 37 84 142
14.09282417177135 -66.74569210746965 465.2730224976925 38 85 143
-172.72833702684196 -71.4802215277861 497.75418717493136 11 52 87
-179.55228295528954 -75.02035950729639 519.3252109972575 8 49 84
-117.60812339382366 -67.43048398631676 482.12304061512816 15 60 99
-89.71433652118702 -70.10964706568903 486.20062450012824 25 64 109
-89.08458909677981 -70.31577192679919 486.7713191763456 25 64 109
-84.24492752328638 -70.59233860784596 491.1434549526913 27 66 111
6.002576740356118 -64.522980088406 446.1644540778865 36 83 141
11.601496352413687 -70.53424850732259 504.7233851213646 38 85 143
13.26201251933138 -66.15605807197919 464.7327450022933 37 84 142
13.98212596337538 -66.32759743474038 465.18050713723153 38 85 143
35.90187660479572 -57.812811743228046 413.7746595923157 41 87 148
174.89437136772574 -89.58980377906857 619.3820171617396 0 5 4
176.09734112216853 -89.84675483388234 620.2372768514176 0 5 4
177.30379047912047 -90.10446240141661 621.095012053394 0 4 4
-125.8407684275975 -65.90703889872984 478.3768784752139 11 56 95
35.80302148628401 -57.44671488467505 413.71526743025873 38 84 145
-227.53489670547384 -75.10639705657555 530.8343413393388 3 43 70
-66.90088498598487 -57.842477782358344 426.0118061377907 25 67 113
-29.906151545094183 -61.94187705413963 446.15089691263006 34 79 131
-2.495035683485256 -63.86534870709365 453.32265850726543 37 84 140
1.1785350807125345 -61.3001305645328 437.2660935126583 38 85 141
3.2557349000893745 -60.44724638548749 445.3956771408794 38 85 141
35.69736381292774 -58.10282092695602 416.0396164386354 43 86 148
108.87723609414411 -55.34817150475003 398.24598462470175 0 6 6
-207.74339164595102 -71.42990525219254 512.0699431165134 7 47 74
-108.87867159542827 -60.15479947755256 446.5875374774548 11 56 97
-29.904461439221645 -61.13078222575386 447.636269335026 33 76 129
-29.705594138461404 -62.503153966637576 450.54192771288905 35 78 131
1.0762521517510686 -60.908560069937394 437.1911881651251 38 85 141
1.7417836695702982 -61.063988624201 437.5725778293669 38 85 141
2.4084807856925994 -61.21970567716242 437.9546361725031 40 87 143
-30.00505478630198 -60.72665426599632 447.550954577327 32 77 129
-29.807596816659057 -62.09572205333341 450.45507497505247 35 80 132
112.56684879772278 -55.25743812527694 415.4769921274569 0 6 11
-209.27107208410737 -69.68882174360672 509.4582886056423 5 45 72
-189.83162028984194 -68.04658778563743 512.8690489590939 14 51 83
37.56640574297871 -56.61254619624383 416.28334108834076 43 87 146
-224.8266728688364 -70.17918184327084 520.7453031657434 2 42 69
-224.38786435188285 -70.43623240719272 521.5489218355583 1 41 68
-176.9825118120579 -69.22497931067973 517.4265726139082 12 53 88
-7.8118067278301515 -58.53978411861256 440.4848075430617 37 81 136
36.92467762101102 -56.98924360369248 424.13125282953246 44 87 149
36.80375484151619 -56.10858009871715 415.9075088689497 45 88 150
-195.87686043331803 -67.44585408799813 514.8327350627956 9 46 78
-175.70155848050229 -68.05238842437004 513.4842520745593 12 53 88
-15.381606205474245 -57.590503329351904 451.79820901287326 38 82 137
-14.708499617943646 -57.749469187109334 452.22539728153833 36 83 137
-14.13068206793119 -58.18601139949181 451.7492806912099 35 82 136
189.31894219963596 -89.66957270890966 702.5852460674297 0 5 25
192.13872425862112 -90.26275525826357 704.934363074431 0 6 13
-249.1754070599749 -71.25161289315784 540.2869854335247 2 38 64
-116.99352732159915 -61.21979669171183 483.04360976929064 18 61 100
-118.06975866608106 -65.91712269090176 500.3309076022669 16 59 98
-111.20892930261898 -65.06998685545953 495.120607298318 19 62 101
110.95484562300601 -54.74875907457929 414.3569348481889 0 7 28
-116.4909485249585 -60.96800292558626 483.4981166264219 19 59 99
-174.17531610772025 -53.160692195888124 426.8622199943156 3 43 72
-127.27163442299604 -63.00116970541425 510.88841017505183 18 61 100
-126.66501166836 -63.21525858591958 511.56850564767404 19 59 99
-70.95053975349855 -58.02066701316354 461.62122347347463 27 66 111
37.4867958896151 -51.771231960757014 418.88150300163375 44 87 149
69.68790407589823 -51.347921285547606 405.82883056655817 43 91 153
70.3610077087489 -51.471476020352775 406.1106522828761 42 90 152
-131.95182968953537 -61.92989841736224 513.988841346115 17 61 97
-131.34863992288464 -62.14442363152691 514.6836757778814 16 60 96
-130.82517445450475 -63.36756278250113 514.0383220008898 14 58 94
-66.49733154154409 -52.31595097812656 424.6704465169436 32 71 116
17.30115616986315 -53.38116786096758 425.8657662499904 40 86 147
70.44680887932725 -50.31584035561126 408.957890783342 43 89 152
69.76894300471977 -49.73716129632658 401.79271290884975 44 90 153
-224.79768882385622 -66.10134202768779 539.5542082451498 4 41 69
-214.85176007666018 -62.61360960045363 518.5965411433226 3 40 68
-179.16513644269722 -65.07129022262083 525.6135912785049 8 47 81
-133.35866827358575 -62.943088008139476 513.6075053684605 17 60 99
-131.47278047706422 -61.0902924436084 511.78784115414675 17 60 99
-130.87104132793488 -61.3024773231174 512.4748490878687 17 60 99
-66.58850135192122 -51.93200510963635 424.5955216755543 30 69 114
70.08799611530675 -49.983843178007895 404.54616766753776 43 91 153
-224.40210914018655 -65.83437571302173 540.2099633982046 4 41 71
-125.33937337722921 -60.447227605947354 497.8367604135434 20 60 100
-107.44287392082508 -58.59205907073982 486.4641349962968 19 62 101
38.20548620432972 -51.57063415583049 423.5473573158311 43 89 150
60.01172162149123 -49.02727735259816 405.5838419653935 47 93 156
69.74563683875833 -47.935731417555246 400.98217538809644 45 91 154
-242.52573999905792 -61.81931087397483 517.3027143527818 0 1 18
-182.76783038857693 -62.543057727823545 530.231350851465 12 51 85
-182.23719678517065 -62.778636702563915 531.0296570655594 10 49 83
37.428976718587094 -51.06501337639011 423.1491101340737 42 90 152
59.222056096545344 -50.76309051709031 423.5930143955442 42 88 149
59.91848400590683 -50.89381870494378 423.9181498924319 42 88 149
69.94094360711412 -48.39845530351902 403.4396704282152 44 90 153
70.6104519524909 -48.51807828696249 403.71616312523065 44 90 153
-177.8732132215033 -47.53098388617985 408.31519747913813 4 41 69
-233.60642124712422 -64.28760630581553 541.1005195260585 3 40 68
-190.20089620012496 -62.20684637094121 525.9467571031937 9 50 83
59.12147703349621 -50.39283681629534 423.5273834614299 41 87 148
59.817756742064695 -50.52327834068413 423.85243601034193 43 89 152
69.55604594893992 -47.23863932562508 400.87559050768715 42 88 151
70.51493878740696 -48.166951969395754 403.6619925759376 44 90 153
-117.48596442408721 -54.786323541705414 488.4660380131527 19 62 101
-41.91092010709356 -52.80995328112812 461.689436270963 32 77 127
-115.38073307936799 -54.34744737040936 477.4414976139097 18 63 104
-98.7136756528983 -56.09061940697788 489.1668865692286 25 68 109
-40.68839544021775 -52.71868974660451 462.5279409490747 32 77 127
-39.20362066934945 -50.730666390730015 460.3096505709628 34 79 129
-115.46950364629113 -53.908398084134475 477.3174424695221 16 61 102
43.88285530680187 -48.039172285185494 420.2697179626528 48 96 158
-180.3949021921453 -42.885429225274855 393.900695675356 4 37 62
-219.40653002667577 -59.06793872744997 530.7951386743247 5 40 71
-145.3245158594076 -53.08472009480429 479.7806107796856 19 58 94
-114.34961321525303 -53.04331182094024 471.964148241817 14 59 100
-150.7313645849067 -52.94602344167437 487.4968445227235 17 56 92
-150.23588155503506 -53.051275071438916 488.44309630960146 19 58 94
-149.7411791710627 -54.43641968863091 490.60023498395566 19 58 94
-116.0670237432527 -52.777018717039915 479.5911955965616 16 59 100
-10.374980398378577 -49.794402701271785 448.94892305613075 37 84 140
-10.682120349140302 -55.382863744028796 503.95457764574235 38 85 141
-9.925602016936843 -55.56016001118619 504.5289130067339 36 83 139
-251.09269503656841 -58.37673087450238 543.5795061022798 9 38 64
-150.90979402797646 -52.591421446475835 481.8023040422698 14 55 90
-151.26288562157544 -51.746665903227 490.0315077382693 15 56 91
-38.21610218960838 -48.74366182132399 449.3161939747145 31 76 128
-251.92782547037507 -57.35022355896841 541.5106632651956 0 18 43
-251.5310906651099 -57.599418715551224 542.4253073135022 10 28 53
-251.13307470687667 -57.84942541810209 543.3429069222298 8 37 63
-200.61087886072315 -54.246219618915156 509.36338456443974 6 46 77
-149.2269650955636 -52.882655570671545 494.68590881141176 16 55 91
-61.323123567856435 -40.84768038939973 398.35260731909483 28 72 120
83.6790225309896 -42.645269398797325 398.07844494147446 39 87 149
-251.96774798957387 -56.8253129186642 541.2757206029644 0 16 41
-251.57133097470398 -57.073510306303916 542.1894038091119 8 26 51
-223.03064689552946 -52.346422625401885 518.2536948462712 4 41 69
-168.09845321555667 -52.37160433631147 503.0792061157711 13 54 87
-120.90540911494101 -51.697404858655865 499.775139551702 20 63 102
-65.68711388812098 -43.53381311230738 423.6345674799634 28 72 120
-26.81006244338094 -49.12508934330004 491.45213582923475 37 81 136
-23.536469836583777 -44.686119868747156 440.660847714072 38 82 137
25.4949366768726 -40.337979048062714 416.97014639772635 46 94 156
28.13787881522194 -42.44586044278341 423.1820619511205 46 94 156
-116.14803423328415 -47.90844334228923 482.96216254180825 23 64 101
28.043873377847188 -40.45629569784845 418.1929541393615 47 95 157
-199.76793172341755 -49.66181991854879 509.0115939457911 10 47 77
27.921868627154808 -40.805149100856084 420.0048715120594 44 94 158
28.604852973993022 -41.32497028489398 421.71094910290594 47 94 159
66.49176821727198 -39.6567977420399 410.4875220417696 42 90 152
-134.3734166760004 -44.95846881412446 485.27436094585056 19 60 97
-48.48848311238146 -40.919835275819345 455.05263225082865 32 77 129
11.833509820364808 -39.80067109945242 451.05274012157776 40 88 150
-96.65994129221538 -39.53822432473022 445.10569579410276 25 65 105
-90.43351992171118 -42.609352727392555 485.2881395704751 26 68 112
-48.58085521269544 -40.516950445139734 454.95409764699144 32 77 129
8.537391779972687 -40.20024808862089 448.8579113983027 42 88 149
157.39452976131642 -44.228317014308345 487.51873542118716 0 3 1
159.21350581004916 -44.49998631329251 488.41938786068545 0 3 1
-244.36474826226956 -48.1511609886352 533.7390148636126 4 37 62
-193.07988970948938 -45.86811552235754 513.3437013089633 10 50 81
-93.6378770026012 -41.59462028304715 477.04463318305625 25 67 111
-93.02522224219653 -41.64887602735093 477.85426777964244 25 67 111
-74.4482318146893 -42.73113019635412 485.64344554620305 31 73 121
-48.67328383884963 -40.1142837436765 454.855543592953 34 79 131
115.21996116983571 -36.24615319908673 403.4252961317696 0 5 4
117.33733037390004 -36.55597663747046 404.2164571772849 0 5 4
157.2668302609601 -43.80923743323526 487.4139068171941 0 3 1
-199.58529663754734 -46.7221171525271 530.4721374380691 9 48 82
-93.73454377443413 -41.05998473368843 477.1828818183419 25 67 111
-93.11316670914668 -41.22017504984354 477.7309772002501 25 67 111
-84.10131435115505 -42.40728839415761 481.524376492486 27 69 115
-48.765769997474074 -39.71183324870201 454.75696923188843 32 77 127
-47.359772491142664 -38.79760281823329 449.72964478557435 32 77 127
115.12528878839088 -35.90169296100494 403.3685198376656 0 5 4
158.04780251111578 -43.525355288968555 487.7589466624478 0 3 1
-217.81807590038557 -46.33196601125353 551.7210812360865 7 47 78
-104.69481668160286 -41.04874946622304 498.05364761290724 23 66 107
-211.47670311672377 -44.19430125345667 533.2125254606234 7 47 78
-210.9950065648681 -44.40444020247067 534.0549571509731 6 46 77
-148.25157680523472 -39.77564950587685 466.1123459805309 12 51 87
94.3055632127357 -32.185126454595085 390.8461011434067 38 84 145
135.07070235758502 -43.71407382801876 510.5810531873494 37 79 137
136.00493421189253 -43.859515345291804 511.1036161935752 44 78 129
-244.19009877984456 -43.864310138767756 526.0666793495711 4 12 29
-222.13055300229016 -43.67581955891551 545.0209313037349 5 45 76
-221.8723420692233 -43.47071444222591 546.8861264886723 5 45 76
-223.0092769042207 -44.756947707023336 551.030346938091 5 45 76
-214.11409935707266 -42.8380043331798 531.4889886574024 7 44 76
-211.0497714785177 -43.905362372223394 533.8445722586113 6 46 77
-210.56698902670476 -44.11527031468053 534.6887330903215 6 45 79
-191.77442617965448 -41.47426788153323 513.1707983097302 11 47 82
-165.05780022871727 -42.301272985045244 517.4841273142016 14 53 89
-107.33798406978714 -40.982495686145135 492.51661198391344 24 67 108
-94.02626589660723 -39.63222039184089 481.81798999942157 30 72 118
97.66260890767576 -32.19803407555019 404.2918427460699 38 84 145
-225.4143017478316 -44.99335986700353 549.176144180069 6 46 77
-215.8614401755587 -42.32173989945052 528.9300312629003 6 46 77
-192.2574680891906 -41.535067269270435 513.6412291051065 10 49 83
-94.1142063940835 -39.20086053721334 481.69047451591547 27 69 115
-93.48794493377599 -39.36025513195157 482.25266301992906 27 69 115
36.475862898546694 -34.830901801195665 426.62392955772935 45 97 163
-228.18100904267177 -42.29259874243017 544.2830536283668 6 46 75
-227.58952589729313 -43.01609364253437 546.6344001867503 8 48 77
-216.38227293027637 -41.62293232174781 527.894502719258 6 46 75
104.60175081388641 -29.71351662467296 386.87982399531484 43 73 119
105.26816769035516 -29.80576402242887 387.1119088867642 32 62 108
105.93546239907376 -29.898137017239446 387.34429975134634 11 34 71
106.60363699823594 -29.99063588795373 387.5769973054569 0 12 49
-193.0677794025364 -40.60401376053509 515.2332723083151 12 48 83
-68.30437135380795 -34.39186860960156 456.519096628421 32 74 122
-14.449191926224428 -32.90066175373558 435.13258968470495 37 84 140
104.51333904854467 -29.38508519002948 386.82878420772596 46 76 122
105.17967215092833 -29.47712878603321 387.060827613253 33 63 109
105.8468835980117 -29.569297760386632 387.29317715183083 18 40 80
106.51497544834092 -29.661592391727282 387.52583353996073 0 14 54
112.01093310790326 -31.133501082242677 403.06135809871535 0 3 30
-66.34739731290624 -33.21607964785433 442.1732359569456 32 74 122
-47.980933604952 -34.9892351838268 452.80919713272704 33 76 127
-14.539914981446964 -32.522323703372 435.04956179027056 37 84 140
-13.886185055781773 -32.64472549314397 435.43287109778726 36 83 139
-212.91701746079357 -40.03917976145725 536.1575862134024 6 46 77
-66.43354249008132 -32.82614924043397 442.08009482912223 33 75 123
-230.3516361691306 -37.215009833749946 519.0353318165776 0 41 69
-127.56211278057243 -36.215121463803044 494.4297476480056 21 61 101
-66.5197875725307 -32.43640405393211 441.9869017189125 29 72 123
-13.931240916296762 -31.32568135591303 437.74673325597513 37 84 140
-226.78507420409477 -36.10597958071147 504.824776124895 0 42 68
-233.99882295487382 -37.6858306522122 522.5105358929935 0 41 67
-235.4801940887172 -37.33003581693604 528.4059677049636 0 41 69
-128.07139650725765 -34.65967682089575 497.69849965985935 21 61 101
-89.7818194728627 -31.363637061452444 462.5687128595521 25 67 113
-65.50732204117224 -30.71110839637957 436.5813467993698 30 73 124
-14.02206974036574 -30.94579550555987 437.6615677015485 41 88 144
74.64059707323284 -30.217607695332106 415.65478268857333 47 97 163
-234.88167849002022 -34.896792054447225 518.3296757631741 2 40 65
-132.64160042636726 -32.44739767902219 482.73042040642133 17 61 97
-65.5920630840472 -30.327353871215816 436.49173500823014 29 72 123
-14.157602679947816 -30.68528583670081 438.41477031516075 41 88 144
-132.71764110647774 -32.014430041368534 482.5925668210016 19 60 97
-14.28734945313275 -30.32219556480123 441.06807042658517 43 87 144
66.8212623577656 -27.248331952147858 403.30630901178733 45 95 161
67.49176467704756 -27.34649941298322 403.58301566000677 46 96 162
-232.69858620341498 -33.80392635468387 524.7014434545083 5 42 70
-96.07699216966854 -32.27893486458409 488.5597136074579 24 66 110
-88.77411632742867 -30.63338717091547 467.01466476725824 26 68 114
-14.378752047346 -29.939732710696852 440.9804842038421 43 87 144
67.40246342254952 -27.003101290943988 403.522381386743 46 96 162
-198.00304538376702 -32.92731296244025 518.4424068146251 14 51 83
-123.98668686725834 -31.36141892845903 483.90215749882077 21 61 101
-14.339978289450052 -29.020517351105145 442.8889182118018 42 89 145
67.9846178765332 -26.75770226911078 403.7388250308912 46 96 162
-234.34103512444867 -33.764125983544474 527.1559179659234 5 42 70
-209.27943385403668 -33.125043660021106 534.2906723885941 10 47 79
-126.05022569669543 -31.15463621204405 488.5380115540004 21 61 101
-14.43123584201676 -28.63707336592897 442.79966945791864 41 88 146
79.66749009532622 -35.710603649284444 557.2360393591788 48 98 166
100.20839428813875 -21.887919439379758 381.39447238746203 40 87 145
1.2376546762646368 -26.104384575811277 433.95216587257386 44 91 149
89.17407804687825 -24.668895955685628 414.1860291921892 38 88 154
-110.05320384280847 -26.930124800666597 475.36291713263785 23 66 107
89.17023693352398 -23.69815511260183 413.83808523777464 42 92 158
-236.42453398346672 -30.81942064275569 531.708676206483 4 41 71
-218.74775433000207 -30.23780079953695 522.6522503781767 10 45 78
89.07746286761096 -23.348256712394303 413.7708524828642 44 94 160
-201.54462540615128 -27.69420247885074 516.8810104368371 6 48 78
-173.97085990950828 -28.678507831655377 513.5058989838404 13 52 88
-174.94329490724277 -28.56661448946962 519.2995780326142 12 51 87
-174.39969292105147 -28.735717229563683 520.0569648316142 12 53 88
-12.485221979795664 -26.000648134286497 503.95607695486996 40 87 145
-178.41130856902134 -26.91173438845565 517.8972933351658 13 52 86
-177.80441252222673 -28.03952859631596 517.4325099300701 13 52 86
-176.9863894580035 -26.99979676947502 518.5869177528173 12 53 86
-174.46343064352877 -28.266306305860827 519.8706546350701 10 54 88
-59.66767298915752 -25.88313889530204 470.9732630718424 32 75 128
-56.527999872292646 -23.499132134738524 455.5342127365468 32 75 128
-12.585284036448659 -25.566554997534933 503.81888281337797 39 88 145
85.29252776865829 -20.980822293260356 393.31445906264304 45 95 161
85.9592735319084 -21.068406729493226 393.5645995535191 46 93 158
185.44385813277168 -33.1744354932722 633.8460867584724 0 5 4
-178.47207455558768 -26.44520632798483 517.7120865096482 13 52 86
-56.19477173638875 -22.680299515362414 452.73872968495283 31 74 127
-12.685314332393201 -25.132738462914222 503.68175264095044 38 85 143
-4.032468525961476 -26.204982625573365 523.9308773303962 43 91 151
-3.2310723962923067 -26.343881838163803 524.5658627045545 42 90 150
-2.4277417112469704 -26.4831224393999 525.2023818926008 43 91 151
86.5407614827104 -20.824116553042685 393.7583780276314 44 91 156
-188.79255509426562 -25.758332817685325 528.1511277513948 12 53 86
-165.86895712927628 -23.943616196764115 498.21953249333416 12 53 88
-138.37089171063863 -25.750082786505143 501.649105165812 19 59 99
-66.72839047088269 -22.214501305507643 455.2141985744212 28 71 122
-56.68437976858531 -22.789875696745266 454.98169694571817 32 75 128
-13.543490584331128 -24.567494961875227 502.96983063947977 40 87 145
-12.785314051542843 -24.699196215245458 503.54468522948235 40 87 145
-4.937256137727456 -25.61614615525521 523.1450349667572 41 89 149
-4.138154354954592 -25.754129727935755 523.7781197646486 42 90 150
-3.3371265928632585 -25.892451825395455 524.4127313614043 41 89 149
-2.5341647764278297 -26.03111389332708 525.0488761626216 43 91 151
86.45484803823702 -20.49227398294529 393.7017790158683 44 91 156
87.12323680041962 -20.57966482551691 393.9525047781919 43 90 155
194.32709785933835 -33.26664016433018 637.6903982549806 0 3 1
-202.25527286918435 -25.85148709487718 517.4121152638922 6 47 80
-75.6016008318863 -22.97201638899743 473.14128470579465 31 73 119
-74.95855223044325 -23.101716026583592 473.66589871816416 32 74 120
-56.891073520805996 -22.110968858553242 456.73802093788527 32 75 128
-14.399266768681413 -24.003865948770784 502.25990462636673 41 88 146
-13.643130202738819 -24.134745210077106 502.8331436777462 41 88 146
-5.042517839426302 -25.16617235338152 522.9927419959497 42 90 150
-4.2437817521272505 -25.303581092584825 523.6254554238494 42 90 150
-3.44312017593427 -25.441326946428227 524.2596950505806 41 89 149
33.2762468802441 -18.681400385313825 407.0869201325815 43 95 163
33.92925598206982 -18.774379603468766 407.3829718985634 42 94 162
34.583242035042446 -18.86750188208816 407.67946691614526 43 95 163
86.46839756881462 -20.789113925704843 411.8088145342012 46 96 162
87.17034819471009 -20.88153779168762 412.09820775556506 46 96 162
126.42244625315848 -19.55582118996103 426.83967296201246 0 5 4
-227.75062396045772 -22.08372323022491 495.5614445773303 7 18 39
-242.5026692393106 -24.176891667405005 533.0065733278269 6 39 64
-242.08204266974582 -24.354793084912444 533.8875577782767 5 38 63
-240.58413098679912 -25.063501829105004 531.86011781484 4 41 69
-192.56069395921182 -24.70558606644132 518.8417343261744 11 52 85
-192.03079972508294 -24.959311279582717 519.4778730748766 8 49 82
-191.51763436738443 -25.12546631461414 520.2534413467658 9 50 83
-56.97622812057208 -21.715065705645394 456.631896449221 33 76 129
-4.349351990213588 -24.853334242958233 523.472882939574 43 91 151
33.19133854513595 -18.336669295859444 407.0201616864557 42 94 162
33.844193398285384 -18.42938696427446 407.3161231623179 42 94 162
34.49802558474092 -18.52224731882325 407.6125280266089 43 95 163
35.15283810957203 -18.61525080798671 407.90937764347456 43 95 163
87.04869274883491 -18.826599283703263 395.8352402649519 46 93 158
87.7217009354464 -18.912665147827706 396.0901387888254 47 94 159
88.39564911271884 -18.998854208042147 396.3453935688723 44 91 156
-196.83102373751723 -23.97808546632844 521.2338149979774 8 49 82
-196.36261234713933 -23.482206559791273 525.1231738115616 11 52 85
-141.68184030695534 -22.95990018982129 505.4626751923345 14 57 98
-141.0465125699101 -23.551779540399547 505.41777793264436 13 56 97
-132.80121694198894 -21.838194468087917 485.1752711684095 16 59 100
34.41293509378347 -18.177150447578327 407.54565811054914 44 96 164
87.95535052443476 -19.457556529683224 409.61024314186614 45 95 161
87.63556434661983 -18.579561042546395 396.0316700425 47 94 159
137.21226383203287 -18.69320252948194 457.6780741836592 0 5 4
138.0448040778932 -18.790025874584714 458.05826343247793 0 5 4
138.8788238688614 -18.887023236531572 458.439128566317 0 5 4
139.7143273988499 -18.98419510231761 458.8206715002859 0 5 4
140.55131886917906 -19.081541959656363 459.20289415286027 0 5 4
141.38980248854816 -19.179064296975692 459.5857984458677 0 5 4
-131.65505689592808 -19.622131777958018 482.5050108235173 16 59 100
-80.63201074845176 -21.16995738847345 475.3727217349299 33 75 121
-57.25811051093295 -20.577490972481574 458.3351926401866 35 78 131
30.337459151720637 -16.93707916234982 405.64191767199316 45 99 166
98.97809956422263 -14.902620622185896 377.21323741726604 38 84 145
142.0064809094749 -18.50551076405779 459.77794985630766 0 4 4
-65.94093822526902 -19.10994713857252 452.0261769715504 31 75 123
30.253627649101432 -16.594003412827842 405.57577502702355 44 98 165
66.80038850674426 -17.06089736732623 404.2653186506147 47 98 169
-151.4243952091025 -19.462620847091348 486.4263380435331 14 53 89
-152.27755264964122 -18.59045504057309 492.90319545056474 17 56 92
-151.71687817128733 -18.73065267221516 493.5505904226003 14 53 89
-65.63765703990647 -18.2158185192451 450.1549580022069 31 75 123
-152.5715694402012 -18.814342672336135 487.4893238385862 19 58 94
-133.0346055527013 -16.94682319384358 487.27681914394776 13 56 97
-43.41775290166684 -16.364810720749258 446.550911014938 36 80 135
10.247735014828644 -17.29364497219079 441.2872608586881 44 91 156
39.08699006515279 -13.267981315126953 398.73693533646065 46 98 166
39.73137817710365 -13.352454582496279 399.0123607844213 45 97 165
40.37668714596374 -13.437051217458729 399.28818006035715 45 97 165
124.3641650383594 -15.370367088433376 451.5913334147229 43 83 139
125.17403850026238 -15.46298323474882 451.9609830174907 47 79 129
-133.10423628023094 -16.519484228728093 487.1309406755844 16 59 100
-105.0637983800374 -17.049691707378596 487.1933164562352 25 67 111
-99.31431534702938 -16.401171779912904 471.179147845377 25 67 111
7.908354426623583 -22.95725319337377 684.6054358252536 44 92 152
10.408325479170362 -16.14336576613202 442.5163220486833 46 93 158
25.66619476789436 -14.513808348211423 404.1963899090908 45 97 165
26.30911985057427 -14.602759015743846 404.48877824909215 43 97 164
39.00520141923023 -12.932839854732634 398.67332340992056 46 98 166
39.64944575041833 -13.017069866521208 398.94866758078786 45 97 165
40.294611325240595 -13.101422908505036 399.22440571064794 46 98 166
40.940700881994104 -13.185899356057378 399.50053897135757 44 96 164
124.25842100619518 -14.992829199488288 451.4992010006295 41 81 137
125.06810687346415 -15.085115421594876 451.8687279495623 49 81 131
-217.1731500052899 -17.781972816788404 534.4327349049719 5 47 77
-133.96037846495693 -17.042060792501754 488.84493015417667 16 59 98
-98.9707161554423 -14.963724634011365 470.47789718697726 25 67 111
40.21267506611248 -12.76593985226784 399.16070221875566 49 101 169
40.85862335926056 -12.850172624659672 399.43675521205995 47 99 167
-134.28260851484706 -16.2901776495202 490.03655987489566 16 59 98
-98.63936996501552 -13.800346381297256 469.4264572233195 26 68 112
0.7565210131124579 -13.356464046714892 427.81835843889075 44 92 154
37.556862595756 -12.095866407462333 397.9971173893168 46 98 166
-228.3737368275512 -17.02496693069363 533.3733721572665 2 44 72
-227.92151731155258 -17.186522064486145 534.2411434973185 2 44 72
-98.71422519160052 -13.394112769628025 469.30189286918676 26 68 114
-2.509764063543299 -12.183452370528657 436.5254816960405 40 88 150
36.834685071991736 -11.678499830705976 397.65994162105505 47 99 167
106.45346603867804 -12.029035992039734 399.0324028405264 44 86 146
107.14719034954085 -12.107494958003592 399.2885732962836 44 86 146
-215.40783240182327 -13.950483177556055 516.2261136389241 0 42 72
-214.93858676822109 -14.09892922493505 517.0173013927377 2 44 74
-173.8326385632404 -13.849798113380327 504.85119783233006 10 49 83
-173.29536659644168 -13.988318067750981 505.55983427489946 12 51 85
-173.79554413025664 -15.361974980396822 508.1956160251307 13 52 88
-98.78923959068577 -12.988079215922086 469.1772259210127 26 68 114
-4.725760368037785 -11.981429571902643 437.17352017986957 42 90 152
-2.5946670817547903 -11.814348121094492 436.43620455756496 41 89 151
-1.9234577698878226 -11.910263659757398 436.81787716391415 41 89 151
-1.25108268224864 -12.006348352536016 437.2002129644349 41 89 151
99.52997972391866 -12.131938482016944 405.2743671345657 47 93 154
107.06029430305408 -11.774726227516512 399.22627710399496 45 87 147
123.47077582202407 -11.73533206765464 406.55895860597246 0 5 4
163.7557726546898 -14.017967834957716 521.8408272377073 0 5 4
-241.23834171218164 -14.208334808857172 545.8953083579997 2 42 69
-216.3828467193655 -13.194946861504453 514.4533305942279 2 44 72
-99.52565756864497 -13.281841774217462 471.2908959043688 23 67 113
-98.91226226897591 -13.400395941009347 471.8276467732086 23 67 113
-2.008545520011191 -11.54099312823242 436.72847890587065 39 90 151
-1.3363862118080911 -11.636739723975866 437.11065671573556 39 90 151
99.4423302732202 -11.793885683097896 405.2090641766836 43 89 152
106.9737196672683 -11.4421104331304 399.16411049716896 45 87 147
-241.43496867475568 -13.96342038671668 543.8060780739066 3 40 68
-241.00396431392642 -14.123352825957944 544.7304595521564 2 42 69
-216.88821551803343 -12.589652428618948 513.4728905505169 2 42 73
-216.4236754562003 -12.73529957946483 514.2557667588178 3 43 74
-215.9577879645143 -12.881370246360047 515.0409140561864 3 43 74
-127.39707528808208 -13.59525638075664 493.57127679786726 23 63 103
-99.2638367521905 -12.584734866798176 473.66792497996556 24 68 114
-13.725031176948795 -11.89178407060246 449.89797159082883 41 89 149
-5.629048015831689 -11.517460585024532 431.192020840018 41 89 149
95.64107603992053 -11.570017670103434 411.47572202999123 46 93 158
122.57140906976672 -10.980687836125332 406.160080351523 0 5 4
127.56626987313771 -9.43146039814005 412.6414185993199 0 5 4
-216.92895201675498 -12.13104750810384 513.2757741749258 1 41 70
-216.46473089659045 -12.275941764695114 514.057924749035 3 43 72
-120.15469302216142 -11.613104407819698 475.26655663923157 22 62 102
-6.371873859469006 -11.0579948145988 430.7372645608689 40 88 148
-5.713007049172967 -11.152629186571033 431.1063248047908 40 88 148
95.6935052645888 -10.113809015507643 400.15763429747443 47 92 158
96.38211751557142 -10.191600570175058 400.4191726515172 47 92 158
163.1244836363299 -14.181040264486604 549.4832559953048 0 7 7
-207.49649233673767 -6.637535633715173 338.54798421404496 0 1 0
-207.13383110127447 -6.734802569246717 338.8031089083685 0 1 0
-206.77064027209585 -6.832210922444006 339.05860615507436 0 1 0
-230.3832902595316 -11.899351301918182 522.6318378118863 5 45 72
-65.48598901082299 -10.996166560956247 454.4788285046105 31 74 125
-9.73224625931486 -10.224525275509063 428.81652026969005 39 87 147
-9.079132459742302 -10.318028106827581 429.18232454491886 40 88 148
-7.113159383643625 -10.599499641436022 430.28345321458283 42 90 150
-6.4556121773152615 -10.693646351942066 430.65174161200326 41 89 149
-0.2961392639216519 -8.174498887988504 436.22020504796245 42 90 150
53.38039670587932 -9.04025753739407 394.4699797650733 49 101 169
127.38104097984096 -8.74669572808917 412.4999965558572 0 4 4
128.11643670780398 -8.823258929773987 412.7789525288848 0 4 4
-195.2595016389763 -11.20297011766065 510.5324646685328 4 48 80
-194.7559403397657 -11.342145707521777 511.28225094943423 4 48 80
-10.466776768803898 -9.768927184275809 428.3667039044368 39 87 147
-9.814963712444259 -9.861948754117828 428.7317473024649 40 88 148
-1.7234761609099545 -7.627133950660894 435.3719994453469 44 92 152
-1.0521473883351948 -7.717345813238433 435.7506546454091 43 91 151
53.29995336149602 -8.710787270600676 394.4085749552929 49 101 169
53.9479162079911 -8.789104945131736 394.670290750416 50 102 170
-207.25796748352607 -6.114186782527391 338.7109351268671 0 1 0
-206.89513603738183 -6.21107823394099 338.9661760812299 0 1 0
-206.53177481658093 -6.3081108125768885 339.22178971245273 0 1 0
-206.1678831152885 -6.405284753003771 339.477776517447 0 1 0
-34.06654278858238 -10.28544562600725 534.2943433235331 40 87 145
-141.2567679787858 -7.071341803149186 483.58881969527096 19 59 99
-140.6850014021415 -7.18826120958687 484.1981082476181 16 56 96
-85.14230194691201 -7.996451441083896 463.9931351554745 28 72 118
-206.65749495480907 -5.686576675440643 339.12849769083755 0 1 0
-206.29396431548452 -5.783232929055951 339.38422701958854 0 1 0
-205.92990299539514 -5.880030254866539 339.64032966015213 0 1 0
-205.56531027919584 -5.9769688894188935 339.8968061161251 0 1 0
-140.7482781771615 -6.768692997267261 484.05093454141127 15 55 95
-41.07598775464255 -6.411512642143023 511.01604587886067 35 82 138
-40.33601494455308 -6.520223147053959 511.63597080304635 36 83 139
-33.29952250744792 -6.091543834984537 458.68110011858147 36 83 139
0.7587070328172254 -7.05418134916792 451.47049951389147 46 94 156
21.502122131197456 -6.671971440303046 409.7125472727762 48 98 164
52.24208748970246 -6.882751260563205 386.904354485928 49 99 167
121.49595400352015 -5.722993001488947 397.4803257952635 0 5 4
-140.94415045387956 -5.798430754906479 484.93061556690213 15 55 95
-33.602500159463105 -6.431539795187178 459.0186634886142 36 85 142
-31.415957863134665 -5.471455106307774 441.2995191019729 37 86 143
52.1642790300887 -6.560313445377831 386.846596755531 48 98 166
-228.91732835137617 -6.679283780813324 541.668269594346 2 44 72
-31.495636843534687 -5.099333352900722 441.2026692785522 38 85 143
0.7302820521433583 -5.720696456885801 451.05609902947964 43 91 153
26.171085416710255 -5.643933775982389 412.2205388674266 46 96 162
26.82924528734026 -5.725010094898084 412.53120720171444 44 96 164
55.05059441204368 -5.965388764557203 407.71685013674175 48 98 166
-228.94786415781022 -6.199915211931004 541.4350916947093 4 46 72
0.5673682461175323 -5.6319043714435395 450.207397860245 45 91 154
22.815006714575794 -4.8973970023937285 410.6013091798364 44 96 162
23.467979400145897 -4.97757845806133 410.90950208856566 44 96 162
26.089892227779885 -5.2995444455765846 412.14700498813284 47 99 165
26.747891561377838 -5.380347989613683 412.4575709041153 46 98 164
76.50970619889627 -4.362255822635983 396.3732052497912 51 98 167
-233.1917694433783 -5.995056868382713 542.5933174718649 4 46 74
-232.16430209386127 -5.425707289393463 542.7033943611938 0 42 70
-165.3962495699207 -5.709608393320533 502.5577715758024 14 55 90
-162.58344208990698 -5.721359288108522 503.9326400570299 16 55 91
-55.08533601580567 -5.5793565742246685 491.50144235216897 36 80 135
-53.871826120190285 -5.37092135908605 488.0403563777624 36 80 135
22.7347095618013 -4.554500621310236 410.52834382884186 46 96 162
23.38752186882907 -4.634411669714473 410.8364346413117 46 96 162
-171.42693573080226 -3.748157312754962 514.4826819569455 14 55 90
-57.414611403208305 -3.0628969699766 481.86353951794877 34 78 133
-57.56026103987883 -3.551508804932909 488.6488251606695 35 79 134
-56.87097762333064 -3.653591141523836 489.20993840882505 35 79 134
-56.18016554986707 -3.755900505593419 489.7722961758411 36 80 135
22.654499978663498 -4.211737810674125 410.45543273399204 44 96 162
23.30715365989291 -4.291378721994477 410.7634222832571 45 97 163
23.96080708488321 -4.371142417233388 411.07188369774076 46 98 164
64.70358359362703 -2.8859251665874996 422.10629404440374 51 100 171
77.59817369328894 -3.2064698524607724 398.81192867582735 49 99 167
59.07212193253595 -3.5684619578899084 427.4421920190579 50 102 170
59.698456938092676 -3.3542956572732905 426.69326788549904 49 101 169
63.11999353566163 -1.1266551835955358 427.9583747497237 52 102 170
63.32948892310396 -2.573217471965771 426.9871534524911 49 99 167
64.04370660489008 -2.6506715313694174 427.3188630069138 49 99 167
77.51651126901538 -2.876443500520951 398.74679563348576 47 97 165
-217.89716259033656 -2.707670335669705 517.2133716894581 1 43 71
-4.028619085326507 -1.5611013317384175 435.6372226992999 42 88 149
-3.3579985952824 -1.6444789574271348 436.0179322430092 43 89 150
-1.7590836359917776 -0.747848537478687 438.4268717484398 44 90 151
58.27508069794843 -3.134700300209684 427.0267040802637 50 101 172
58.98505448771318 -3.213622423645364 427.3604661222914 51 102 173
59.61154425909185 -3.0002257141074904 426.61185754636665 51 102 173
60.32191957105127 -3.078764569389439 426.94413958963753 52 103 174
-237.29736243676516 -1.0120261197832559 523.4317397308783 7 32 55
-238.58151249315577 -2.4435080220817564 530.9661692178878 1 39 64
-56.89841707277504 -1.5899796985565822 395.73047275731 35 78 129
-31.55420915322966 -1.2591817907805452 450.77730183997596 40 87 143
-4.109617357662519 -1.1973215191665119 435.54543617055594 44 90 151
-3.4392112708350076 -1.2803656308537559 435.92598425946557 44 90 151
-1.8402639693897138 -0.3824484474908407 438.332910687529 44 90 151
-239.16939709821722 -0.21589259555484705 523.7568221402555 3 13 29
-55.83318546554761 -1.4177822292401498 396.27670122608504 33 76 127
-55.26423092693109 -1.4992265361259005 396.58527441514985 32 77 127
-37.74531123062439 0.4780677964297137 434.05838129808564 38 82 137
-127.50811381405641 0.6165112635963846 480.81225817241915 23 66 105
-126.64810257265349 0.43248338048752893 486.22768807740596 19 62 101
-37.820645471988776 0.8417120585621356 433.96424210560156 42 86 141
-31.10957048572282 -0.47324767463740025 442.05201285773705 37 84 140
-14.184336233053799 0.7486283649189629 429.73625524204 43 90 148
-219.16033651366172 0.07081601670247734 519.7929775024984 4 46 74
-188.94136932690154 0.38339428791994573 511.5255332878935 7 48 83
-37.89604140741493 1.2052107839857098 433.8700854949123 42 86 141
-37.25893312267712 1.122340893055958 434.26337337605446 42 86 141
-31.18838027475372 -0.10250614185291154 441.9533537535541 37 84 138
-18.74140062221777 -0.32594058107396734 429.8856596468937 38 85 143
-18.405143439724245 -0.2851865580483372 438.4844088715668 41 88 146
-14.913799508330392 1.1868706243602165 429.277134563551 42 89 147
-14.262118638052824 1.1070372389543195 429.6469380982802 41 88 146
79.06428926778196 -0.12390163873875253 403.86907907335234 46 97 168
-235.28793579700317 0.7895638024709091 514.18999238311 0 5 20
-80.31347038699522 1.6952321574506788 466.2612630971053 30 74 120
-79.67892783095937 1.602547345032278 466.77085127279685 29 73 119
-80.37649582187497 0.4283790390736335 473.38855654945405 29 73 119
-78.70671887534472 2.28820089661057 470.9583449683852 30 74 120
-77.42022949971224 2.103534639619215 472.0045848403708 29 73 119
-74.03138987896523 2.834959978542548 457.0757070641682 28 72 118
-36.69662093679416 1.4033692167695107 434.5628106320102 40 84 139
-36.05750500767856 1.3205544388829322 434.95729525797435 37 81 136
-23.130916375599213 1.337177458958075 453.2993721232865 42 89 145
-17.77909923301821 0.282138156643658 439.4781445893055 43 90 148
-14.991378924067451 1.5448140638358185 429.1879896547634 42 89 147
-14.33990775468456 1.4653035693867498 429.5576357041267 41 88 146
78.8448972395906 0.4029858329766733 402.8765014372654 47 99 167
118.78452646218265 2.5182776955826407 398.711765532201 0 6 15
-204.76264802675945 3.1970827241881414 518.7888925705356 7 49 79
-204.267296552647 3.082390416405699 519.5821122255427 7 49 79
-76.84866084321187 2.4091088260387306 472.4012582588788 29 73 119
-35.244853290651626 1.1462118039233355 439.30755801472463 38 82 137
-34.597986537939995 1.0619765958552874 439.71380068179474 37 81 136
33.64881957093221 1.613288531600235 415.21215999420275 45 97 163
34.31924211077308 1.5403185679982787 415.52714495528477 46 98 164
-209.5559161985584 2.6008325224595508 523.3061596968502 4 46 76
-207.7486814527039 2.4569813941389094 525.0743280324015 6 48 78
-204.30576611299557 3.532657487105911 519.3801321334353 6 48 78
-184.4049006346725 4.32728229956819 504.9245970767255 10 49 83
-14.292903010187695 3.2237495989822316 430.94160698910594 38 85 143
30.036063798985207 2.1292832449366434 411.4426100652204 47 99 165
32.8837136900617 2.291862118699146 413.8332438679622 45 97 163
33.56873838628714 1.9568738211996919 415.1349567478043 47 97 163
34.23899857892886 1.8841797110232514 415.4498349165113 48 98 164
34.91030503162726 1.8113726495423732 415.7652045403448 51 101 169
117.91318640229339 3.2339410408447553 398.32611781093283 0 8 19
-185.31019700832164 4.6064365399386835 506.953406382764 12 51 85
-148.4560875057327 4.800945139661229 493.90701983663746 16 60 96
-88.36558788955506 3.166618005785562 452.96542529152134 30 72 118
-14.370109310979336 3.5821255315583307 430.8507910943492 37 86 143
27.362142464174255 4.425356240888685 404.8261566301852 46 98 164
28.01103326366395 4.357382610424725 405.1194811375948 47 99 165
29.643706967030795 4.0603911822927525 410.9824885545727 47 99 165
34.83001987799614 2.1553788417128072 415.68785832942274 53 103 171
-185.35573704149212 5.0429330389032145 506.76983738125205 9 48 82
-163.8025949114452 5.880127119139109 509.442559259896 15 56 93
-147.94013017850972 5.122420178647011 494.3966349321088 13 57 93
-91.78500215327158 3.7236678269012526 470.055666715504 28 70 116
-18.999212664839984 4.4753007122812924 428.16307247094204 41 89 149
-186.5562989648898 5.223942557455416 509.5034811926654 10 49 83
-161.34106068978528 6.20655211826875 491.65674290960914 15 56 93
-160.7900696101867 6.107323611288615 492.31227396463186 15 56 93
-163.85411976270518 6.315018405616926 509.26286888153817 12 53 90
-101.47257109856095 6.035557794197767 485.69679673330467 30 72 118
-100.84055362283286 5.943981027133833 486.2819674563657 28 70 116
-95.13407602736856 4.8089888132064695 461.25492825116214 26 68 114
-94.52273592913323 4.719826755862391 461.7603100320378 27 69 115
-96.39636188595028 6.82535645825221 477.1884000655559 30 72 118
-19.07497461729876 4.831139453487885 428.0733975765833 41 89 149
23.650476482400517 5.399365672272115 421.2604329265605 45 97 163
-193.9690429972042 5.525438593361659 460.2708295074787 0 45 72
-186.58328237611823 5.850977815398315 509.4205458122688 12 51 85
-161.39375237465748 6.626562345159503 491.4941309795445 14 55 90
-160.84308174068596 6.527921020043698 492.14915191211975 15 56 91
-149.96328523466593 6.296979377973103 487.6801211228553 15 56 93
-101.91926640849196 6.591873695344169 480.2665675687476 26 70 116
-97.71770423964551 7.400760547815515 475.9468439508762 27 69 115
-97.0913603732018 7.313536672258447 476.49893449649363 28 70 116
-19.150757942843168 5.186844335707585 427.98372874031134 42 88 149
19.202024740856984 5.074299290798568 432.76636962517586 47 97 165
-177.5381718585879 6.147947732879843 464.1907973059664 8 47 81
-105.77842711651516 6.5124162780169845 472.4836641654028 23 67 113
-104.79618192357117 6.987280751406987 472.06844475258845 21 65 111
-104.7178209461517 5.76111994668176 473.6015518711177 21 65 111
-100.34449753995543 6.672106882820626 486.5782800953938 25 69 115
-97.1585024365338 7.713628048408417 476.3630212023581 26 70 116
-46.0581737629213 6.867859567663731 466.5328174136452 38 82 137
-27.551324827919878 7.52403790255224 427.0107532376805 35 82 138
-26.912859045991528 7.451555737822598 427.38127257892336 37 84 140
-26.273318626647296 7.3789532979673815 427.75241532007965 37 84 140
-231.5118851167823 8.643209547004046 506.8872263993383 0 2 8
-177.58861541114817 6.548224662266197 464.0479587815086 6 45 79
-170.29034102106613 9.218759008458965 501.98100498193423 14 53 87
-106.45495529321897 6.999990839911641 471.80363651466945 23 65 109
-105.84533749296112 6.911086510517943 472.3493388534263 23 65 109
-104.8625736038125 7.385048058620891 471.93466198144347 24 66 112
-26.985862067572494 7.805627584842284 427.29046787599094 36 83 137
9.497305536901615 5.8443630144292475 437.6140654374433 42 92 158
11.631058606132331 6.028098100653333 437.5443638893149 48 98 164
34.95731739533404 6.509532164302323 414.2403769138715 49 100 171
35.628043673511584 6.442391695207378 414.55271658776655 49 100 171
-233.80145584493818 9.22884039932119 532.3361565901403 2 37 68
-233.35610653676764 9.119884735047224 533.2137937050536 4 39 70
-106.52175181476638 7.398001018111192 471.66953625917097 23 65 109
-105.53957191792854 7.869969699316596 471.257302668398 23 65 109
-86.34101719555736 9.278236109863752 471.7011022214566 28 72 118
9.42547113589758 6.626949908471698 432.4732150792291 42 92 156
10.228604470560848 6.901679721188777 434.95620101890756 46 96 160
21.673828614615214 6.103414824393922 380.14435046237236 47 99 167
68.14077397748346 7.884116957059886 398.2772481948641 44 96 164
-106.21483531236996 8.353571815528298 470.5816939736355 24 66 110
-105.6060317441365 8.266900374385862 471.12362199895944 24 66 110
-86.40941829331639 9.672443581893866 471.5702580581375 30 72 118
21.603690923531186 6.416814503506099 380.0853747947509 48 98 166
42.71031226631999 8.939603612500305 391.2438343779835 47 98 169
43.348401328344934 8.87975914504683 391.5020748508027 47 98 169
69.95045968956234 7.919417975824366 417.93575875250417 45 96 167
-86.0232235354501 9.094841486900052 471.68662111689173 28 72 118
-60.210302175834656 10.065637341943841 456.03694535545463 37 78 129
-59.88538691998837 8.348093523554972 455.796682402022 37 78 129
36.13453221961426 8.347949095208977 420.97401095629687 47 98 169
43.27516456912886 9.200109181393119 391.4358374527249 47 98 169
43.913990824897326 9.140411697200037 391.69435104112324 49 100 171
-129.52303009522404 12.050419908546019 483.1106840932537 18 58 98
-121.15589986571467 12.201410976211378 493.2864207881651 25 65 107
-109.11583589112435 12.232117534863612 479.1782046595882 24 66 110
-108.49956108146372 12.150834051318093 479.74973116228415 26 68 112
-96.74985146294499 11.222595805741962 470.4386886850137 27 69 115
-65.06105841280048 11.94243796390206 471.403621921345 34 75 126
10.861411223952059 8.044747333112369 410.45570005227194 44 94 158
40.0216859846706 9.816516981583508 390.08278487081617 50 101 172
43.20206796358427 9.520352859376537 391.36966765127255 49 100 171
-109.17816091897777 12.632565361346762 479.03672611635756 24 66 110
-108.56219466498075 12.551778604216599 479.60786917537473 25 67 111
-65.13216974315088 12.333108070110512 471.27541361178976 32 75 126
35.28123283228379 10.651647201290873 407.76822179764696 46 97 168
39.31605714535689 10.19429894583267 389.76083189441863 50 101 172
39.94940077700062 10.135526951909398 390.01707859690913 51 102 173
-269.40414071320544 11.788549800143274 453.27085310896405 0 1 0
-269.07598245750575 11.690634650192733 453.90218470991744 0 1 0
-268.7469240636247 11.59245058982749 454.5352481626178 0 1 0
-202.37484867377728 15.112090217465457 528.5361917471166 12 48 83
-109.24067494824035 13.032823662234996 478.8951180406494 23 65 109
-18.340601905203023 12.163902674955025 432.70115463981386 44 88 147
35.20577109960933 10.985091497805833 407.6922262660697 46 97 168
-206.55502598411593 13.315764861611418 454.1556068669592 0 2 25
-103.69034747539531 13.263187643999824 464.24389896996814 24 66 112
-104.57890350658717 11.759846729544227 469.6382141973001 24 66 112
-84.88950500777021 12.515221658590637 466.25789158695943 28 72 120
-10.710613122337602 11.556744294370361 443.9562508125708 42 89 147
-8.23472572204605 12.46200961109806 438.32974458632026 42 89 147
-7.73706178360284 10.956450041770136 431.996346665638 42 88 149
13.369170993309996 11.593965986816958 417.4466333650817 42 92 158
14.028712302138386 11.530669547441052 417.77511700825266 42 92 158
-235.46524315128224 15.907658656310687 517.64967041625 0 2 25
-227.9811243418742 14.740361986079895 522.817791110406 7 39 69
-87.09617293174253 13.604175026719265 478.37669429255965 28 70 118
-17.175128836111966 12.742852315888097 433.27245442700155 42 89 147
-16.517352593583205 12.676404253551574 433.65419705412523 42 89 147
-7.377888973624756 12.961875727536176 429.82818350589 42 88 149
13.953605679456363 11.873073685342204 417.69214199628516 44 94 158
14.61401296503287 11.809964681748625 418.02102015688143 42 92 156
16.00501441925823 13.245788551084036 409.9012797041241 45 95 159
16.655026653830063 13.186042647487543 410.21082200328607 46 96 160
17.98018997649686 11.602321708728569 402.7689115827664 43 95 161
-87.80592262636338 14.07888918920747 477.68806187944233 28 72 120
-87.16432653970278 14.001971107642937 478.23881475794667 28 72 120
-7.452103339614946 13.31451696978707 429.7356406725188 41 87 148
13.878559249953108 12.215360037081906 417.6092121833498 46 96 162
-200.00731217798094 11.36083771968851 354.9906597652459 0 1 0
-199.6182673546163 11.283108874844684 355.2810402876654 0 1 0
-236.36868293068744 16.97581226717243 515.5809525359863 0 2 7
-206.66834428472032 14.486335744053427 453.7280038626388 0 2 23
-212.89751318627054 18.157943879015082 518.5502863708559 5 45 76
-212.08177377652524 17.492064209945493 518.1652050877491 5 44 78
-92.35632548512433 16.586061888042124 483.4984745980814 28 70 116
-90.93492679160818 14.778131366576526 481.8281431275362 26 68 114
-88.87796187856954 16.349599078479482 477.277497103441 26 68 116
-86.35074580721795 13.831323956079741 464.8527699230243 27 69 117
-87.23263782477021 14.399586463735014 478.10084053350477 28 70 118
-83.7148948343951 13.951393969984135 462.9030299163428 30 72 120
-29.526948880120756 15.502266354734438 476.45897343992556 41 88 144
-28.241063923441022 15.812160972029522 469.77665317609654 41 88 144
-27.498158122313857 15.178808070800416 467.6451659381677 41 88 144
-26.79986854226716 15.110223697590092 468.126367529349 43 90 146
-26.262334919802804 14.184558297196304 467.95983430264357 38 85 141
-18.80316188548556 13.43529393008557 434.96454021209706 40 87 145
-18.144409770372825 13.369078564071577 435.3515574639052 40 87 145
-7.22928484746585 14.947475403587879 429.37822108466673 40 88 148
102.17521709021838 12.654744799899976 399.99562147641376 47 92 158
103.15683667577797 12.226814954332198 401.6916267876263 47 92 158
104.01905190539271 12.385643469623188 402.4266043674843 45 90 156
104.72130202222166 12.330671764535998 402.6908710451237 47 92 158
105.42455200000857 12.275623421685205 402.955513776119 49 94 160
108.9012209806382 11.519263791152563 392.4749200315824 41 87 150
-201.12921581801615 13.213679219203568 357.6626642879212 0 2 0
-200.73836119332046 13.138358494114955 357.96065604855926 0 2 0
-200.34688104055883 13.062917305877376 358.2591247105809 0 2 0
-199.95477431140654 12.987355446359482 358.5580710737925 0 2 0
-199.56203995192246 12.91167270622663 358.8574959422948 0 2 0
-199.16867690248054 12.835868874926078 359.1574001245332 0 2 0
-206.7066076519976 14.876176445625424 453.58495005258914 0 3 21
-221.82531025602236 16.86767526381007 522.1100243425757 5 42 70
-212.44258311651 18.51144716864685 519.1487475171792 5 44 78
-138.78190576037912 15.963261372052557 484.0428480933997 11 54 95
-104.2038356036485 15.000488936955634 468.2983026319104 24 66 112
-87.8247483034107 15.40932494637855 473.5738598323468 27 69 117
-86.5817041149116 16.66892821689772 472.7077274145526 27 69 117
-85.9435502981878 16.597180371818226 473.2427446456683 28 70 118
-82.90768923949537 15.626699360750932 459.8953404585331 28 70 118
-27.66293801499813 16.472581825204184 450.45756372159224 41 88 144
-27.86677557350508 16.337168063445137 463.5237097274955 41 88 144
-27.174456327806933 16.270894313016736 463.99344146913614 41 88 144
19.044184522475586 13.954241717599745 411.2150350311655 44 96 162
19.69865485884412 13.894863847076309 411.52659517546823 45 97 163
98.2207957727297 13.077078205336745 397.078803064643 44 91 156
98.90886581673696 13.023308693114217 397.33337790720947 46 93 158
102.09578029426804 12.979389211844007 399.9255047594779 46 93 158
102.79197145092674 12.925273170582148 400.1850212651956 46 93 158
103.93888767046009 12.71239897270125 402.35551573566187 46 93 158
104.64101741603889 12.657661351880801 402.6197084277661 44 91 156
105.34414728460104 12.602847421963471 402.88427722724657 47 94 159
-206.74511631836072 15.265843541800923 453.44163621352584 0 2 21
-230.32941563986867 18.679075539121655 524.6283058688728 10 42 72
-229.879434347155 18.590919915763322 525.4753605407892 12 44 74
-90.42619967750441 15.834949722229762 470.9700914622431 28 70 116
-87.89191492266362 15.802409603677447 473.4392125696128 27 69 115
-87.25528218973231 15.728479635547332 473.97720393543005 28 70 116
-86.00942433218184 16.988707180447452 473.10861492551567 30 72 118
-17.496054911234474 16.332235612716737 429.565965884781 40 87 145
19.625032309734575 14.230933061053383 411.4470212578977 47 97 163
-203.55528567149437 14.284838994432176 355.75812544898884 0 2 0
-203.1685396074911 14.210796095898376 356.052940609308 0 2 0
-202.78117480818736 14.136634687484483 356.34822743356864 0 2 0
-202.39319025526268 14.062354569528488 356.6439866984577 0 2 0
-202.00458492516756 13.987955541261396 356.9402191846593 0 2 0
-201.61535778905386 13.913437400792409 357.2369256769042 0 2 0
-201.22550781271022 13.838799945095131 357.5341069640235 0 2 0
-200.83503395649245 13.764042969992849 357.8317638389994 0 2 0
-200.44393517525603 13.689166270144247 358.1298970990151 0 2 0
-200.05221041828904 13.614169639029074 358.42850754551097 0 2 0
-199.65985862924381 13.539052868933712 358.72759598423204 0 2 0
-199.2668787460688 13.46381575093673 359.02716322528204 0 2 0
-198.87326970094102 13.388458074894567 359.32721008317634 0 2 0
-198.47903042019712 13.312979629426907 359.62773737689076 0 2 0
-229.9002875620784 19.037862966988865 525.2543314536537 9 44 73
-172.4105755511834 26.63816949907961 671.4514070150252 21 61 101
-166.07488722026653 22.92437072777264 655.9758987094572 22 62 102
-99.8183246077068 16.158833463817064 465.1237231313089 25 67 113
-30.710416300272556 16.39533699891456 457.62964630411096 39 83 140
94.26024234405114 16.456135570348216 408.87086711417635 48 95 162
-239.47937632994498 19.832736961420856 525.538352210838 0 2 19
-166.35936548840235 18.418688567259256 500.64572183794377 13 52 88
-173.13369983541563 27.265032327228653 669.6869837056995 24 62 103
-172.44748219323978 27.188962585231263 671.0836949872921 21 61 101
-171.7584930975081 27.11259018047346 672.4860447777315 21 61 101
-7.030354681099679 15.774698450897844 431.4439044614051 41 90 147
94.88747799738444 16.735198955717475 409.0743746768872 47 94 161
-205.95554809347666 15.344840418303509 353.87382476142096 0 2 0
-205.57286720665124 15.27205905564324 354.16549711843066 0 2 0
-205.18957421089362 15.199161077620818 354.4576360312299 0 2 0
-204.80566811564114 15.126146292406313 354.75024225511623 0 2 0
-204.42114792548657 15.05301450715805 355.0433165490897 0 2 0
-204.03601264010922 14.979765528008773 355.3368596759033 0 2 0
-203.6502612542091 14.906399160051102 355.63087240211286 0 2 0
-203.26389275743958 14.832915207323266 355.92535549813016 0 2 0
-202.87690613433983 14.759313472794936 356.2203097382729 0 2 0
-202.48930036426847 14.685593758353088 356.5157359008163 0 2 0
-202.10107442133585 14.611755864787543 356.81163476804585 0 2 0
-201.71222727433556 14.537799591776455 357.10800712630646 0 2 0
-201.32275788667883 14.463724737872566 357.40485376605636 0 2 0
-200.9326652163255 14.389531100488366 357.70217548191727 0 2 0
-200.54194821571656 14.315218475881794 357.99997307272713 0 2 0
-200.1506058317069 14.24078665914227 358.2982473415914 0 2 0
-199.75863700549652 14.166235444175696 358.5969990959349 0 2 0
-199.3660406725633 14.091564623690628 358.8962291475535 0 2 0
-198.97281576259442 14.016773989183571 359.1959383126675 0 2 0
-198.57896119941893 13.941863330924624 359.49612741197205 0 2 0
-198.18447590093874 13.866832437943085 359.79679727069026 0 2 0
-235.0998060736267 22.415920133006125 526.4549805143278 6 37 62
-235.05140269303394 21.901035993574986 527.9026179231294 2 37 66
-112.23018704801486 19.463200080221362 481.15913354534445 26 66 108
-103.16309502965652 18.190412637283234 464.0427648987287 23 62 107
-19.606943008596552 18.517904874314123 457.52735862538464 41 88 146
-17.571697366101823 17.72253931480032 428.0527321668088 40 87 145
-7.150456252564109 16.39573550905928 435.64697948425606 41 89 149
30.404953819832848 15.51238377076609 408.17908322147855 48 98 166
84.73982287766643 17.290936972732354 410.8607699763258 49 99 167
89.35314270741749 17.756945113932474 407.35004541139415 51 101 167
90.05493949479573 17.70677981645116 407.6289372243264 51 101 167
170.67148243830934 21.73096935275315 533.371792785287 0 6 5
-232.93764746929827 21.55020078569717 524.3802786303241 6 39 66
-19.77831627780297 18.418344535332466 457.17023082203764 38 85 143
-7.061495869897604 17.287673919928142 433.96409129523835 43 90 148
15.895780408645443 18.137252533872697 432.3438680745101 45 95 161
30.331408078068566 15.844859175247167 408.10180408979886 49 98 169
40.62517472054523 18.188917217729674 401.4629737259267 42 98 169
41.28077171816874 18.13727060094679 401.74440338026466 44 100 171
170.5429643632916 22.158912099129967 533.2145379463686 0 6 5
-208.33027635860225 16.39381446839968 352.0095467579794 0 2 0
-207.9516182417374 16.32227877487748 352.2981093429141 0 2 0
-207.5723544892876 16.250628306017557 352.5871334944228 0 2 0
-207.1924841362263 16.17886287719082 352.87661994812834 0 2 0
-206.81200621306107 16.106982302850973 353.1665694430635 0 2 0
-206.43091974576683 16.034986396520768 353.4569827217216 0 2 0
-206.04922375572028 15.96287497077774 353.7478605301071 0 2 0
-205.66691725963364 15.890647837240161 354.0392036177866 0 2 0
-205.28399926948768 15.818304806552941 354.33101273793903 0 2 0
-204.90046879246543 15.745845688373391 354.6232886474075 0 2 0
-204.5163248308853 15.673270291357255 354.91603210674907 0 2 0
-204.13156638213488 15.600578423144377 355.2092438802874 0 2 0
-203.74619243860286 15.527769890344478 355.5029247361619 0 2 0
-203.36020198761295 15.454844498522954 355.7970754463804 0 2 0
-202.97359401135645 15.381802052186893 356.0916967868703 0 2 0
-202.58636748682505 15.308642354770377 356.38678953752924 0 2 0
-202.19852138574328 15.235365208620511 356.68235448227796 0 2 0
-201.81005467450112 15.161970414983134 356.97839240910974 0 2 0
-201.4209663140867 15.088457773988402 357.274904110144 0 2 0
-201.03125526001872 15.014827084636522 357.5718903816769 0 2 0
-200.6409204622782 14.941078144783411 357.8693520242334 0 2 0
-229.96509212961598 22.412068253915262 507.0147164406687 0 5 21
-232.95627960152285 21.994570172650665 524.1582428848601 7 40 67
-159.07930570334233 22.632042373138912 492.477394408919 15 56 91
-7.135499321946162 17.642174631680163 433.8678063672803 43 92 149
14.450172083735085 18.602409830944165 431.52335894205237 44 94 160
15.134445760060082 18.545582270928207 431.886255485094 46 96 162
39.898635162980725 18.56518025323467 401.10726269522894 44 97 167
40.55313220446667 18.513849312767853 401.38818870454077 45 98 168
76.88962276122741 17.388651103149343 405.1488627463095 48 98 166
78.24300147793107 16.590345523129518 406.3330310201264 51 101 169
78.93463554765431 16.537699339879293 406.61334353385126 51 101 169
-189.128854708723 23.849403189590806 519.5975039289258 9 48 84
-58.20857298496021 20.795710336669245 436.7346403812187 31 74 125
-54.97652597007882 19.95997657983795 447.6871631976086 33 76 127
-54.22161008479787 20.696264600949682 448.7022266054066 33 76 127
-53.75153160011175 21.18849504574052 451.4789083674087 33 76 127
-53.10203586121206 21.12841081174898 451.9304834009586 36 79 130
-53.64846237033045 20.184363563813612 460.18290928276224 36 79 130
-48.409506101066604 20.909465193159054 436.6966572778194 36 79 130
-17.795293703083875 18.145387915660592 425.204347754867 38 85 143
-17.14923915802041 18.086181207809396 425.56619129938963 40 87 145
43.10808722414751 18.633628437916606 402.4408542104451 48 101 171
77.50124590518199 17.665072702286352 405.351930707741 48 98 166
110.19592217147422 19.90825199164398 419.87137589010536 43 89 152
158.11933788243684 23.65842134956221 526.0789474493215 0 6 34
-210.67973758665843 17.43188885313625 350.1650808533273 0 2 0
-210.30506072627043 17.361583356735167 350.4505659958011 0 2 0
-209.92978456386203 17.291164874743956 350.7365078243278 0 2 0
-209.55390815774476 17.220633229109808 351.022907056549 0 2 0
-209.17743056213806 17.149988240956105 351.3097644132269 0 2 0
-208.80035082710629 17.079229730569004 351.5970806182972 0 2 0
-208.42266799849176 17.00835751738326 351.8848563989163 0 2 0
-208.04438111784944 16.93737141996826 352.1730924855132 0 2 0
-207.66548922238206 16.866271256014382 352.4617896118397 0 2 0
-207.28599134487334 16.795056842318672 352.7509485150192 0 2 0
-206.9058865136223 16.72372799477097 353.04056993559897 0 2 0
-206.52517375237775 16.652284528339873 353.33065461759946 0 2 0
-206.143852080271 16.58072625705879 353.6212033085654 0 2 0
-205.76192051175045 16.50905299401166 353.91221675961606 0 2 0
-205.37937805651427 16.43726455131894 354.20369572549686 0 2 0
-204.99622371944497 16.365360740123705 354.49564096462956 0 2 0
-204.61245650054147 16.293341370577053 354.7880532391629 0 2 0
-204.22807539485302 16.221206251824388 355.0809333150249 0 2 0
-203.8430793924122 16.148955191990968 355.37428196197317 0 2 0
-203.45746747816725 16.076587998167863 355.6680999536459 0 2 0
-203.07123863191583 16.00410447639766 355.96238806761363 0 2 0
-48.475562496973886 21.26618008641403 436.59359524453 35 78 131
38.68161440038467 19.057862418294775 396.37019583666364 51 104 174
157.99664462502156 24.079781581338707 525.9262276137601 0 4 34
-192.48451974648358 24.136919426380697 505.70597182329647 7 46 80
-191.9720402013901 24.064608472972303 506.44372053385126 8 47 81
-180.33510789756895 24.41425042195987 497.63146328606183 7 46 82
-126.1074193495831 22.659314861756258 480.2783444357459 21 61 101
-59.06843909170392 20.39627684880449 439.7337551368845 33 76 127
-48.54171345952656 21.622770550192342 436.4904954960395 34 79 131
-25.75456896907794 19.690836048329356 433.00056216721674 37 84 140
-25.10403478539672 19.632025963022283 433.3864393385722 38 85 141
37.089994235586914 20.228648057538088 391.1824427055745 46 99 169
37.966648521497525 19.428831771836773 396.02778359436576 46 99 169
38.611193475709214 19.378603675323664 396.298278064036 49 102 172
157.87447824028447 24.500910751700076 525.773844265053 0 4 35
-260.5746964064993 17.94154991885515 348.01916016678797 0 2 0
-260.2766612327277 17.866340763938904 348.330014958086 0 2 0
-213.0041932722599 18.45918821958795 348.3402209305786 0 2 0
-212.6334569669551 18.390097814068568 348.6226603220336 0 2 0
-212.26212756648516 18.320896166598736 348.90555161759784 0 2 0
-211.89020415033008 18.251583105085153 349.18889551860167 0 2 0
-211.51768579424888 18.18215845670314 349.47269272921346 0 2 0
-211.1445715702153 18.11262204788287 349.75694395648924 0 2 0
-210.7708605463535 18.042973704295992 350.04164991042165 0 2 0
-210.3965517868731 17.973213250841486 350.32681130398873 0 2 0
-210.0216443520045 17.903340511632305 350.61242885320496 0 2 0
-209.64613729793402 17.83335530998125 350.89850327716914 0 2 0
-209.27002967673863 17.763257468387316 351.18503529811596 0 2 0
-208.89332053632074 17.693046808521775 351.4720256414645 0 2 0
-208.5160089203425 17.622723151214466 351.7594750358688 0 2 0
-208.13809386816075 17.552286316439545 352.04738421326795 0 2 0
-207.75957441476083 17.48173612330184 352.3357539089356 0 2 0
-207.38044959069117 17.411072390022866 352.62458486153207 0 2 0
-207.00071842199657 17.3402949339267 352.91387781315217 0 2 0
-206.62037993015375 17.26940357142616 353.2036335093788 0 2 0
-206.2394331320029 17.198398118008576 353.49385269933043 0 2 0
-205.8578770396828 17.127278388221896 353.78453613571355 0 2 0
-192.00751246014238 24.488438470986964 506.2535950737016 9 48 82
-181.14653103451005 25.091687048252783 499.69763086310587 10 49 85
-132.50264214831802 25.14860705147354 487.9566753566891 20 61 98
-131.90720935379233 25.085041463800724 488.5774638824524 22 63 100
-126.75740062139447 23.1233146352374 479.5408863871721 20 60 100
-49.81567277946006 23.379320894203165 448.81282886870144 34 79 131
35.75230264878415 20.641014379088745 390.5935207377465 45 98 168
38.5408962130828 19.699252314687033 396.22642333221506 48 101 171
51.86208240535236 20.160309226394503 380.7922402477351 50 102 170
52.49019339893502 20.113605258657334 381.0260774474472 49 101 169
53.11911461883785 20.06684457888937 381.26021583111634 51 101 169
-237.31011871803938 26.5392455805375 524.5239593496538 2 20 43
-128.65003022149088 17.686526012869972 322.3645961661409 7 47 78
-75.92705425999128 24.492964560350043 471.6717161489851 28 72 120
-50.76663133287324 22.36997806365051 453.28309030338824 35 80 132
40.40898025991734 19.87013675933085 396.9678705703368 46 99 171
41.05689853291164 19.820111762221053 397.2397180887493 46 99 171
52.42225151485876 20.42091494435901 380.96211707979506 50 101 172
53.05105038845419 20.37435991939944 381.1961847693585 52 101 172
212.24353583008713 35.0333555066629 699.1958956201182 0 6 24
-215.30389980850777 19.4758343593499 346.53476493251554 0 2 0
-214.9370640884003 19.407944275636368 346.8141896888494 0 2 0
-214.5696413661591 19.33994465161886 347.09406165595175 0 2 0
-214.20163074029776 19.271835320555923 347.37438152048884 0 2 0
-213.83303130597264 19.20361611506537 347.6551499716851 0 2 0
-213.46384215492114 19.13528686711114 347.93636770137266 0 2 0
-213.0940623753957 19.06684740798958 348.2180354040379 0 2 0
-212.72369105210242 18.998297568315902 348.5001537768726 0 2 0
-212.35272726613624 18.92963717801098 348.7827235198212 0 2 0
-211.9811700949168 18.860866066287297 349.0657453356298 0 2 0
-211.60901861212437 18.791984061635688 349.3492199298958 0 2 0
-211.23627188763612 18.72299099181156 349.63314801111665 0 2 0
-210.8629289874606 18.653886683821213 349.91753029073897 0 2 0
-210.48898897367354 18.58467096390814 350.2023674832089 0 2 0
-210.11445090435353 18.515343657539333 350.4876603060205 0 2 0
-209.73931383351598 18.445904589391432 350.7734094797655 0 2 0
-209.3635768110487 18.37635358333694 351.05961572818404 0 2 0
-208.9872388826472 18.30669046243061 351.34627977821395 0 2 0
-208.6102990897473 18.23691504889509 351.63340236004035 0 2 0
-208.23275646946178 18.16702716410767 351.9209842071468 0 2 0
-188.9559189561763 22.185007706661636 416.4292931605304 0 2 15
-126.59596932377457 24.880803472549967 479.1645628620495 21 59 100
-78.39290001390223 23.78991696742724 466.6393775599276 26 70 118
-77.75141505928264 23.72953135685673 467.15110315843634 26 70 118
-76.47237376928285 24.167546112219558 468.99944990024864 28 72 120
-75.9918589500519 24.878333345039284 471.53807244249737 26 70 118
28.067782063202753 21.50932928626426 421.44773435250704 46 98 166
40.33851410335941 20.19131176917692 396.89587597413635 46 99 169
40.98629508135858 20.14152305103168 397.1676355589371 48 101 173
61.611430570294196 22.05832805657797 420.1392416515907 49 99 167
-207.79965081782856 22.041132510491813 381.6556232383511 0 1 0
-207.39919357126266 21.974570850848448 382.0205858466235 0 1 0
-206.99799896599887 21.907886538486064 382.38622047151523 0 1 0
-180.25401258892154 20.039677622533727 345.64211477869037 0 2 0
-210.04233669133293 29.570811101706692 527.7287147653126 3 43 74
-181.3605118594648 29.416588867905496 528.9112734540194 11 52 87
-141.98119282865932 27.327066650701322 477.7716718137422 16 55 91
-141.40885685194743 27.267332582044222 478.3680254360984 17 56 94
27.315207758164316 21.901541533052384 421.02844486398675 45 99 166
40.268174297900835 20.5123985325156 396.8239449316907 48 101 171
56.73790336608051 21.954893774334657 414.63841589132267 51 100 171
61.384741800766825 22.260074696589616 419.15631173530375 52 101 172
186.96478243614004 34.540298237995884 598.4473766548219 0 5 8
-217.57910900368316 20.481946412152382 344.74851445819746 0 2 0
-217.2161345510252 20.415242190090257 345.0249551814501 0 2 0
-216.85257908811522 20.348430091430803 345.3018385009259 0 2 0
-216.48844173040243 20.28150995418677 345.5791650902431 0 2 0
-216.1237215903367 20.214481615819448 345.8569356253049 0 2 0
-215.75841777730585 20.147344913225258 346.1351507843456 0 2 0
-215.39252939757506 20.080099682722967 346.4138112479796 0 2 0
-215.02605555422238 20.01274576004003 346.69291769924763 0 2 0
-214.65899534707734 19.945282980299506 346.9724708236661 0 2 0
-214.29134787265724 19.877711178006678 347.2524713092742 0 2 0
-213.9231122241043 19.810030187035657 347.5329198466831 0 2 0
-213.55428749112238 19.74223984061595 347.8138171291233 0 2 0
-213.1848727599136 19.67433997131913 348.0951638524945 0 2 0
-212.81486711311445 19.60633041104523 348.3769607154122 0 2 0
-212.44426962973154 19.53821099100919 348.65920841925845 0 2 0
-212.07307938507887 19.469981541727556 348.9419076682301 0 2 0
-211.70129545071225 19.401641893004467 349.22505916938735 0 2 0
-211.3289168943655 19.33319187391851 349.50866363270325 0 2 0
-210.95594277988653 19.26463131280875 349.79272177111415 0 2 0
-210.58237216717146 19.195960037261102 350.0772343005665 0 2 0
-210.5512384916448 30.04504086956293 528.7087001366331 7 47 78
38.260925793042155 20.980953528968282 395.9396230393414 44 95 166
61.30777148585704 22.597682090392833 419.07165315995167 51 101 169
-210.65804032539359 23.1532100439635 378.9520667874955 0 1 0
-210.26310408403592 23.08816082152217 379.3119057533429 0 1 0
-209.86744229046508 23.022991786446575 379.6724058400506 0 1 0
-209.47105340292643 22.957702694476332 380.0335684508609 0 1 0
-209.0739358719848 22.892293300063045 380.39539499601807 0 1 0
-208.6760881404447 22.8267633563556 380.7578868928406 0 1 0
-208.27750864327064 22.761112615184892 381.12104556579385 0 1 0
-207.8781958075076 22.695340827048877 381.4848724465646 0 1 0
-207.4781480521999 22.629447741097522 381.8493689741331 0 1 0
-207.07736378831117 22.56343310511759 382.2145365948471 0 1 0
-206.67584141864344 22.497296665517485 382.58037676249626 0 1 0
-206.2735793377568 22.431038167312245 382.9468909383852 0 1 0
-181.5716651497847 20.82021371472428 344.76262933404877 0 2 0
-181.16466553624346 20.757703840001927 345.0184522746258 0 2 0
-180.75709564248987 20.69510644465764 345.2746336630632 0 2 0
-180.34895468131836 20.63242141830485 345.531173993231 0 2 0
-179.9402418601744 20.569648649690585 345.78807376236455 0 2 0
-179.53095638109784 20.50678802668503 346.0453334711024 0 2 0
-50.74645946729077 25.356814127362817 453.30601552016657 29 77 128
-50.091041511156774 25.30190961389934 453.7613112141264 30 78 129
-16.41519293925882 25.21957618343939 431.9713179388898 42 88 149
48.31653407929721 22.250706235331677 388.7229235742708 49 98 169
55.63829829877008 23.372175287289323 390.8450124050609 52 101 172
61.99255256052834 22.588686397615252 396.99284316751795 49 98 169
-216.21256455075454 20.81751552512391 345.7359349374162 0 2 0
-215.8476220851434 20.750913356900995 346.0138323335637 0 2 0
-215.48209568917298 20.684203341192365 346.292174498433 0 2 0
-215.11598446391596 20.61738531495118 346.57096211644705 0 2 0
-214.74928750717788 20.550459114535688 346.8501958745176 0 2 0
-214.38200391343406 20.483424575695665 347.12987646209234 0 2 0
-214.0141327737668 20.416281533559324 347.41000457120253 0 2 0
-213.64567317580082 20.34902982261975 347.6905808965126 0 2 0
-213.27662420364135 20.281669276721495 347.9716061353677 0 2 0
-212.9069849378098 20.21419972904731 348.2530809878435 0 2 0
-233.85695391379375 33.00102810793126 537.1866485112458 1 41 70
-16.548260507922436 25.367080054979727 432.26770143431185 41 87 148
38.61827726963602 25.41248862511288 424.2750839554029 47 99 167
48.78057809637774 25.63501965549099 423.99786223463855 51 101 169
47.60926142089421 22.60980007441819 388.40357919369046 52 102 170
55.56887898170713 23.6862322612182 390.7750863429427 52 102 170
61.92096201780542 22.90816102486183 396.92052818552077 49 99 167
62.58474723787257 22.86245667415162 397.1855050365281 49 99 167
-239.68744870320876 22.55189272212977 350.7693733599061 0 1 0
-239.35236280077515 22.485177838558435 351.0745852449351 0 1 0
-239.01667919241436 22.41834216283962 351.3803417520447 0 1 0
-238.68039676230268 22.351385467974726 351.68664389812847 0 1 0
-238.3435143921231 22.284307526508172 351.99349270234774 0 1 0
-238.006030961006 22.217108110514314 352.3008891861832 0 1 0
-213.08678134639567 24.186313857275195 376.6412461326916 0 1 0
-212.69656533895102 24.122632256640447 376.99669306242106 0 1 0
-212.30563372976115 24.058833345928708 377.352791913248 0 1 0
-211.91398502035608 23.994916891089545 377.70954404850073 0 1 0
-211.521617705042 23.930882656889057 378.0669508380873 0 1 0
-211.1285302708255 23.86673040689545 378.4250136585671 0 1 0
-210.7347211973337 23.802459903464335 378.78373389322286 0 1 0
-210.34018895673512 23.73807090772342 379.1431129321321 0 1 0
-209.94493201366168 23.673563179558403 379.50315217224016 0 1 0
-209.15223784046032 23.54419055919779 380.2252168786007 0 1 0
-208.75479750119896 23.479325180428003 380.5872451737319 0 1 0
-208.35662624103662 23.414340096055763 380.9499393279634 0 1 0
-207.95772248572996 23.349235059531757 381.31330077366636 0 1 0
-207.5580846530205 23.28400982297456 381.6773309505159 0 1 0
-207.15771115255365 23.21866413715581 382.04203130556465 0 1 0
-206.75660038579971 23.153197751484967 382.40740329331885 0 1 0
-206.3547507459709 23.087610413994394 382.7734483758095 0 1 0
-205.9521606179421 23.021901871323934 383.14016802266775 0 1 0
-205.548828378168 22.95607186870594 383.5075637111996 0 1 0
-180.85268495301202 21.287252873970075 345.1633478253165 0 2 0
-180.44489696016834 21.22503912493588 345.41962931082753 0 2 0
-180.0365374331704 21.162738155363293 345.67626998867763 0 2 0
-179.62760557063407 21.100349854303232 345.93327036150646 0 2 0
-179.2181005656948 21.037874109926708 346.1906309354012 0 2 0
-178.80802160595 20.97531080951445 346.4483522199327 0 2 0
-25.478756679065953 24.423196867935918 417.646181120456 37 84 140
-16.71443872289621 25.353756288588144 432.4952688583902 38 84 145
42.938967829896406 26.062213821557147 405.39243403883387 52 102 170
43.14180835783359 25.815756858976755 401.2303441319084 51 101 169
48.704996296819154 25.975214751301557 423.90826150604084 49 98 169
49.40664298421697 25.9299433809513 424.23901166734265 51 100 171
46.90324784623491 22.968318313570133 388.084794792689 53 102 173
47.54103675769227 22.92275239213737 388.3355630363376 52 101 172
47.4449742580307 24.34115065406431 379.4837213545167 53 102 173
55.499629993868936 24.000204149331122 390.7052370507409 51 100 171
56.148112433325124 23.956184033073175 390.9588356434574 52 101 172
-292.861355620793 21.62479150128085 343.6289172319143 0 3 0
-166.2967045482016 32.770136747217556 499.83277837741286 11 52 87
-92.91078596067712 28.938046938396766 465.2848655658016 28 67 112
-16.800767892229455 26.093914112698243 434.3834899046331 40 86 147
39.36345532187801 26.36098701498445 402.14575839151814 45 97 165
40.5790032187602 24.196711483353795 385.3182261640874 52 102 170
44.43415449116454 24.84118124581102 418.32202987682 52 102 170
49.33104113174533 26.27031347957646 424.1493735174655 53 103 171
-292.98563702083595 22.56455569657174 339.6243799786712 0 1 0
-239.7632662027039 23.16579131518024 350.632026645841 0 1 0
-239.42853879653183 23.099672985422476 350.93685210028843 0 1 0
-239.09321453479325 23.033434753414056 351.2422213200813 0 1 0
-238.75729230104676 22.96707639381311 351.5481353224738 0 1 0
-238.42077097634063 22.900597680832142 351.85459512699924 0 1 0
-238.08364943915467 22.833998388224458 352.1616017555254 0 1 0
-237.74592656534134 22.76727828927087 352.4691562323066 0 1 0
-237.40760122806626 22.700437156766135 352.77725958403937 0 1 0
-237.06867229774903 22.633474763005697 353.08591283991615 0 1 0
-236.72913864200257 22.566390879771596 353.39511703168046 0 1 0
-215.87085824327895 25.26928719828149 374.0080066786309 0 1 0
-215.48600354592685 25.207066085964545 374.3584794358817 0 1 0
-215.10044439670423 25.14473031236311 374.70959382958887 0 1 0
-214.71417934443758 25.082279653984344 375.06135117955904 0 1 0
-214.32720693125557 25.01971388626889 375.4137528116951 0 1 0
-213.939525692515 24.957032783576786 375.7668000580659 0 1 0
-213.551134156722 24.89423611917266 376.12049425697643 0 1 0
-213.1620308454562 24.831323665211734 376.47483675303783 0 1 0
-212.77221427329286 24.76829519272485 376.82982889723843 0 1 0
-212.38168294772558 24.705150471604327 377.18547204701514 0 1 0
-211.99043536908857 24.641889270589363 377.54176756632273 0 1 0
-211.59847003047855 24.5785113572512 377.89871682570816 0 1 0
-211.20578541767682 24.515016497978735 378.2563212023793 0 1 0
-210.81238000907067 24.451404457963744 378.61458208027807 0 1 0
-210.4182522755739 24.38767500118613 378.97350085015177 0 1 0
-210.0234006805499 24.323827890399293 379.3330789096262 0 1 0
-209.62782367973085 24.259862887115233 379.69331766327707 0 1 0
-209.23151972113814 24.195779751589694 380.0542185227022 0 1 0
-208.83448724500448 24.13157824280753 380.41578290659567 0 1 0
-208.43672468369272 24.06725811846751 380.7780122408206 0 1 0
-208.03823046161608 24.002819134967577 381.14090795848074 0 1 0
-207.63900299515873 23.93826104738993 381.504471499996 0 1 0
-180.1338335502325 21.755706000248487 345.5638617054968 0 2 0
-179.72525528729375 21.693789843870096 345.82060276852957 0 2 0
-179.31610419053527 21.631786767843302 346.07770379642744 0 2 0
-235.56705249914404 33.90042560169394 530.3748200372778 3 41 64
-179.47913906855192 32.58049771019957 515.2897138324439 11 52 87
-179.55527364802907 33.32820937163803 518.3407905686213 9 50 85
-178.2640461071063 32.59586084078068 516.5640958652069 11 52 87
-110.10324648555378 30.81472901406973 481.703232254499 26 66 106
-110.47991212474217 31.84177853696614 494.0293300997439 25 65 107
-110.5488856962289 32.44262949952567 498.26772478923976 25 65 107
-109.91001716863519 32.392040257883565 498.90479617754374 26 66 108
-92.97013827140732 29.317288006859542 465.15236671148483 29 68 113
-40.99994951512013 28.44505963868165 457.50555532258073 36 80 135
-40.21573490384189 28.795790425488295 457.7520915900115 36 80 135
27.45853409583611 27.136679806875595 418.9253639242533 42 95 165
28.13471857344665 27.09212743643529 419.25242293836965 42 95 165
30.26147573562194 27.565905621833654 419.72842946450237 42 95 165
-290.10896359693845 21.96921174472297 332.9021466181696 0 4 0
-236.02068438916515 34.3968431831502 529.267864840221 2 40 63
-235.57792975731005 34.340220795952185 530.1436265871698 2 40 63
-173.46498071047046 33.05467522274346 500.7931836268503 11 52 87
-115.73826944740898 34.21645836538505 497.4890365514152 25 65 105
-114.34302242121426 32.63461756228844 496.8126183093592 26 66 106
-110.05659648446982 32.134398796641726 482.04350761677495 26 66 108
-109.43485811725242 32.08419332851023 482.627557281151 26 66 108
27.387239080035638 27.47290512749807 418.8374900112338 43 96 166
28.063245687201253 27.428632610940518 419.1644198102037 43 96 166
37.914227485464664 27.090565284404217 401.42471656532325 49 98 169
38.56919419362323 27.048107926965994 401.7073984673817 49 98 169
-244.83198464088466 25.473313418704443 360.84013884791557 0 1 0
-238.49889792399054 23.516667698150563 351.7149496313885 0 1 0
-238.16213931754473 23.450668120242188 352.0215655303562 0 1 0
-237.82478021883261 23.384548632011132 352.32872842547386 0 1 0
-229.11916502937044 24.20292723340484 345.06822306661604 0 1 0
-228.7710899730864 24.139755084682847 345.35252004898086 0 1 0
-218.2363739578453 26.27654359005994 371.75717975287034 0 1 0
-217.85610483963688 26.21564475303458 372.1033867456259 0 1 0
-217.47514069512224 26.15463359904458 372.45022666443396 0 1 0
-217.0934801106552 26.093509913284162 372.7977007945206 0 1 0
-216.71112166633316 26.032273479981527 373.1458104268036 0 1 0
-216.32806393592082 25.970924082384194 373.4945568579604 0 1 0
-215.9443054867747 25.9094615027452 373.8439413904969 0 1 0
-215.5598448797694 25.84788552230897 374.19396533281775 0 1 0
-215.1746806692192 25.786195921296986 374.5446299992937 0 1 0
-214.78881140280416 25.72439247889376 374.8959367103334 0 1 0
-214.40223562149262 25.662474973232367 375.24788679245137 0 1 0
-214.01495185946482 25.600443181380406 375.6004815783386 0 1 0
-213.626958644037 25.538296879325312 375.95372240693337 0 1 0
-213.23825449558308 25.476035841960453 376.3076106234912 0 1 0
-212.84883792745825 25.413659843070146 376.6621475796551 0 1 0
-212.45870744592128 25.3511686553157 377.01733463352707 0 1 0
-212.06786155005636 25.288562050220563 377.37317314973916 0 1 0
-211.6762987316957 25.225839798155857 377.72966449952384 0 1 0
-211.28401747534178 25.163001668326075 378.08681006078734 0 1 0
-210.89101625808712 25.100047428754007 378.4446112181794 0 1 0
-210.49729354953746 25.03697684626649 378.8030693631664 0 1 0
-176.2225194995572 33.76562556435896 501.5916263024643 11 52 87
-142.5909816025176 31.597531179236853 473.32857766742814 16 57 92
-118.40959051791515 32.517866178093755 496.20837770054976 23 63 105
-111.97742397345519 32.007570377406196 482.66337240489617 26 66 108
-110.97748598143866 31.791026115778177 481.5439844071085 26 66 108
-110.11137327828813 32.52618604451552 481.8937217677032 26 66 108
-106.284439036056 33.68885795536486 479.9710137606845 25 65 107
-105.65932552534116 33.64188359688157 480.54579545929306 23 63 105
24.551648322377826 29.677881378855034 456.3948757582477 45 95 161
25.169628929557742 30.85215702433815 448.1720625929631 42 94 160
26.885358489119128 27.600065819550366 399.03149559333 43 97 164
95.75833030482156 29.747999872000864 427.6289286292101 48 95 164
96.50508015624534 29.70906923527597 427.95214721908394 48 95 164
93.76102428556773 26.759434971786444 408.3796634938923 50 97 164
94.11267917305837 26.831152866901974 406.93490354716414 51 96 164
-226.44782898923438 36.939413568845644 516.402213877014 1 41 68
-180.50719373163258 32.29083244790802 479.9078175674017 11 48 80
-188.67597228661114 35.525414823342 506.9982106262973 12 49 81
-175.16110242467226 34.034159732121395 498.33548076852213 12 53 88
-174.62214706936308 33.98193081107961 499.0320975889356 12 53 88
-118.76246077042954 33.008558053009985 488.0558439668903 23 63 105
-117.39585938565529 32.85530347872387 485.6625547598611 22 62 104
-116.7804901862829 32.80517598127464 486.2641961575088 23 63 105
-105.71350533335612 34.030931969175455 480.397963426309 25 65 107
-91.83436232070753 33.11202916141521 465.015346211669 29 68 113
46.49457131143508 26.358043438406796 389.4757245415284 48 97 168
49.43130088202348 25.816387142758533 388.9134722974823 49 98 169
94.93138483514029 30.126918360091242 427.2147231500958 50 97 166
92.33091149758872 25.723072694879573 388.8723775380973 49 94 160
95.65534471319421 28.2604590140356 398.72367685268017 50 95 161
96.34695592083456 28.222094431064438 398.9826342009138 45 90 156
97.03953382934726 28.18367980864452 399.241952968502 47 92 158
129.21746284323933 30.188189151096243 427.1521649571332 0 11 44
181.72487182486006 39.05955312589465 542.54301984504 0 4 2
-246.5521289026816 26.414496165549217 359.01988094232075 0 1 0
-246.2225737651382 26.351917232641362 359.3514311069042 0 1 0
-245.89239340469553 26.289217249692985 359.6836106184306 0 1 0
-245.56158651645774 26.22639596623361 360.01642079008354 0 1 0
-245.23015179228932 26.163453131270945 360.34986293829405 0 1 0
-244.89808792075402 26.10038849327787 360.6839383828 0 1 0
-244.5653935870539 26.037201800178845 361.01864844670763 0 1 0
-244.23206747296786 25.973892799336582 361.3539944565544 0 1 0
-243.89810825679024 25.91046123753858 361.6899777423711 0 1 0
-243.56351461326796 25.84690686098336 362.026599637745 0 1 0
-228.50317050763564 24.67784236002587 345.5103566146626 0 1 0
-228.15428393961932 24.615005961225137 345.79526619693115 0 1 0
-227.80481245044763 24.55206213470632 346.08065365630944 0 1 0
-227.4547550685516 24.489010706351856 346.36651978611184 0 1 0
-220.94827659176156 27.331307757422948 369.1922250213129 0 1 0
-220.57321728310808 27.271820440763594 369.5335995928928 0 1 0
-220.1974735294345 27.21222329066393 369.87559733501973 0 1 0
-219.82104395780888 27.15251610117446 370.2182194954923 0 1 0
-219.44392718954526 27.09269866549036 370.5614673273369 0 1 0
-219.06612184013042 27.032770775938406 370.90534208887516 0 1 0
-218.68762651915017 26.97273222396279 371.2498450437914 0 1 0
-218.3084398302164 26.912582800111874 371.59497746119945 0 1 0
-217.92856037089228 26.852322294023928 371.94074061571126 0 1 0
-217.5479867326184 26.791950494413474 372.2871357875037 0 1 0
-217.1667175006375 26.731467189057376 372.6341642623879 0 1 0
-216.78475125392117 26.67087216478098 372.98182733187684 0 1 0
-216.40208656509273 26.6101652074439 373.3301262932543 0 1 0
-216.018722000354 26.549346101926204 373.67906244964354 0 1 0
-215.63465611940833 26.48841463211428 374.028637110077 0 1 0
-215.24988747538472 26.42737058088653 374.37885158956425 0 1 0
-214.86441461476377 26.366213730099616 374.7297072091636 0 1 0
-214.47823607729853 26.304943860573832 375.08120529604963 0 1 0
-214.09135039593977 26.243560752079137 375.4333471835849 0 1 0
-213.70375609675892 26.182064183320787 375.7861342113897 0 1 0
-213.31545169887093 26.120453931924885 376.139567725411 0 1 0
-212.92643571435667 26.058729774424293 376.4936490779962 0 1 0
-227.36962781731006 37.46163770205726 514.5647658616032 2 42 69
-205.07455012355558 36.66272873699294 503.09747438362336 8 45 75
-188.5368236074159 35.02704285597682 499.52988002811736 11 48 80
-188.01994180861146 34.975813679353585 500.24426946181967 9 46 78
-174.65938791375294 34.39161691989547 498.8517390068706 11 52 87
-174.11930874989025 34.3398413415614 499.5496253082895 11 52 87
-115.45973199413251 33.441211781570836 477.9905703301906 21 64 105
-114.849650283334 33.39269237247156 478.5662733735222 21 64 105
-92.99669044571208 32.44269376150323 468.91111073891653 32 71 116
-39.16240403313311 30.687868981483398 425.5302231377733 34 78 133
-38.53222091262172 30.643483824277965 425.9044427324547 34 78 133
35.87319019540159 26.04548853265551 383.2662440985735 48 97 168
36.49573118438837 26.002800396447274 383.5104406244103 49 98 169
48.648105766537086 27.933573736012942 396.1153391782382 48 97 168
95.58110455849484 28.578265668070323 398.64875476639946 50 95 161
96.27258212088351 28.540128413987112 398.9076290356988 49 94 160
221.7281680277976 45.56791238684979 641.1966633538199 0 3 1
-196.4099479757264 36.03977955924435 511.1368621342635 7 47 78
-115.51318872954403 33.829753864944855 477.84254052580377 23 66 107
-93.05529865540802 32.82313401210607 468.7745781572067 29 68 113
-55.37722567961651 32.14293000758334 455.82403654729546 35 78 129
-39.22474562253442 31.03065960352046 425.43265432432185 32 77 129
-38.59477504211123 30.98658856747214 425.8066941793119 35 80 132
13.594452712812343 29.6056319003859 401.0486757981323 45 96 157
25.88636505404875 30.199403822064326 415.12268477046325 40 92 158
40.77011464621707 26.632098577839532 376.8891652484982 49 98 169
44.0124808670949 28.39652304689892 381.82225749620494 46 95 166
44.638505623307836 28.357371849030432 382.0608008821586 45 94 165
88.87805101693063 28.415188092321287 400.90467857216834 49 96 165
95.50714927096806 28.89598168249316 398.57395057743867 48 95 160
-245.29675538965412 26.789607583069316 360.1933073536025 0 1 0
-244.96505552041378 26.727186670115515 360.5269327184846 0 1 0
-244.63272613884618 26.66464475952078 360.8611916191479 0 1 0
-244.29976592666512 26.60198160094046 361.19608538185963 0 1 0
-243.96617356208566 26.539196943468415 361.5316153363913 0 1 0
-243.63194771976077 26.476290535623026 361.8677828160824 0 1 0
-243.29708707072083 26.41326212533423 362.2045891579045 0 1 0
-227.88717462190525 25.154356471214708 345.95232499353824 0 1 0
-223.25236807165322 28.313494246147386 366.9996764347271 0 1 0
-222.88176624626178 28.255286332979104 367.336905321748 0 1 0
-222.51048895039816 28.19697079470347 367.67474908939107 0 1 0
-222.13853484315936 28.13854743260621 368.01320895596905 0 1 0
-221.76590257830716 28.080016047212936 368.3522861446367 0 1 0
-221.39259080419657 28.021376438276206 368.6919818834571 0 1 0
-221.01859816370435 27.96262840476193 369.03229740546715 0 1 0
-220.64392329415668 27.903771744836003 369.3732339487433 0 1 0
-220.26856482725617 27.844806255850873 369.7147927564678 0 1 0
-219.89252138901026 27.785731734331964 370.0569750769959 0 1 0
-219.51579159965715 27.726547975964262 370.39978216392126 0 1 0
-219.13837407359324 27.66725477557842 370.7432152761442 0 1 0
-218.76026741929934 27.60785192713745 371.0872756779384 0 1 0
-218.38147023926706 27.54833922372268 371.4319646390177 0 1 0
-218.00198112992436 27.4887164575203 371.7772834346051 0 1 0
-217.6217986815625 27.428983419807427 372.1232333455001 0 1 0
-217.24092147825917 27.369139900938066 372.4698156581459 0 1 0
-216.85934809780633 27.309185690329695 372.8170316646996 0 1 0
-216.4770771116339 27.249120576448906 373.16488266309943 0 1 0
-216.09410708473362 27.188944346797623 373.5133699571338 0 1 0
-215.71043657558533 27.12865678789904 373.86249485651155 0 1 0
-205.60925381846292 37.53551630114917 501.9715914213056 8 45 75
-93.33934444604321 33.86501171541343 470.41320855795885 26 65 110
-39.287167895372484 31.37335057369291 425.33505643885104 34 79 131
-38.65740838117189 31.329593426171087 425.7089174524193 35 80 132
10.517160631933404 28.352229969994877 389.5930317691863 44 92 154
11.132974643466532 28.310226907723397 389.859400884871 46 94 156
11.7496352620314 28.268171578016563 390.12613541124847 47 95 157
25.817157703554827 30.5313661320328 415.03608375680415 43 95 159
37.757430884528944 28.94764276063546 402.7490326651055 48 98 166
38.41473545600237 28.906593817144554 403.0349782023629 49 99 167
43.94799851083654 28.701721507619613 381.75524603870224 46 95 166
44.573896581487524 28.66277775077939 381.9937130339363 46 95 166
45.20060927703667 28.623788282387505 382.2324896996913 48 97 168
73.08089158459399 28.575915826351114 399.1011756857932 53 99 171
74.05111202588743 29.171563287783325 400.3862972048175 54 100 172
74.7307779803838 29.13275348701339 400.65523774034676 53 99 171
80.7596414999211 31.853254972824494 420.9152227383028 55 101 173
81.48238446604552 31.816537283364774 421.2278892241781 53 102 173
-221.21313124638996 41.4816488084651 534.1197575039266 7 44 76
-207.1532268104889 38.13233508914824 515.1891719669899 7 44 76
-172.40270265701662 37.153367770149764 504.06291653659406 13 52 88
-156.8153388586586 38.532435969788864 512.4493331121125 16 55 91
-133.95295142895796 35.5252116608012 462.76047597649773 18 58 98
-132.06665435780636 33.90070503239566 457.7576813108186 20 60 100
-136.12686868812932 35.90261405932597 477.63130245405216 20 60 100
-114.74698428163912 35.294042915388566 474.824177705198 21 64 105
-93.08585937073852 34.31725912233348 468.9090993578544 27 66 111
-66.70153914337563 34.178465369164165 468.2521426300522 31 74 125
15.623980236060488 29.518929898710834 390.8710434550876 41 91 155
25.748037441995443 30.863236977243897 414.949538324475 43 95 161
37.6890410135018 29.270140295998363 402.67092428816665 48 98 166
43.883649950911455 29.006851166823267 381.6882940727237 45 96 167
44.50942307971747 28.968114700878303 381.92668534746355 46 97 168
45.13601108798597 28.929332823365403 382.16538634520793 46 97 168
45.763416173471676 28.890505389040012 382.4043979044982 47 98 169
71.7957496163932 31.010884074237737 412.9039965115015 53 99 171
72.33429620136141 28.934010697151304 398.7603300411485 53 99 171
-225.89412896808224 29.340896610146793 364.5010752433412 0 1 0
-225.5285924892689 29.28405384394117 364.83360682632866 0 1 0
-225.16239063672975 29.22710579570896 365.1667439852922 0 1 0
-224.7955221040038 29.170052273974125 365.5004879069198 0 1 0
-224.4279855797752 29.11289308660637 365.83483978230237 0 1 0
-224.05977974780058 29.055628040807836 366.1698008069967 0 1 0
-223.69090328684146 28.998256943100504 366.5053721810893 0 1 0
-223.32135487059261 28.940779599313057 366.8415551092611 0 1 0
-222.95113316761245 28.883195814567785 367.1783508008517 0 1 0
-222.5802368412519 28.825505393267687 367.51576046992403 0 1 0
-222.20866454958306 28.767708139082895 367.85378533532884 0 1 0
-221.83641494532827 28.709803854938006 368.1924266207707 0 1 0
-221.4634866757886 28.651792342998412 368.53168555487343 0 1 0
-221.08987838277153 28.59367340465702 368.8715633712452 0 1 0
-220.71558870251909 28.535446840521196 369.21206130854483 0 1 0
-220.3406162656351 28.477112450398973 369.5531806105482 0 1 0
-219.96495969701334 28.41867003328591 369.8949225262149 0 1 0
-219.58861761576338 28.360119387351386 370.237288309754 0 1 0
-219.21158863513787 28.301460309925037 370.58027922069135 0 1 0
-218.83387136245983 28.242692597483423 370.92389652393814 0 1 0
-218.45546439904732 28.183816045635922 371.26814148985665 0 1 0
-221.5591144412238 40.92718724268096 534.0613290884975 8 45 75
-209.0699231847908 39.17453661980881 515.8818468167757 8 45 75
-157.4367491907297 38.99062697312223 511.5339636491928 17 56 92
-134.0191839143678 34.05985379014955 451.7632197809777 16 57 94
-138.97615624397318 37.51445038098535 472.58215070885973 18 59 96
-138.148576899145 37.20676828099013 472.1442176457345 16 57 94
-141.92729820549505 38.092798922125425 492.6260165781958 20 60 100
-113.74669422069648 37.60610343911821 472.3483011457644 25 65 107
-93.09709669779227 35.66050551611656 469.6015046347427 24 66 110
-4.807972739406796 35.62052596276761 451.5046877926326 40 88 148
-4.106729429444877 35.583008426935294 451.9300593738368 40 88 148
-3.6381369956806253 35.52540346897458 462.19366251848595 40 88 148
-0.952894650296633 34.119575744283125 460.49395598243115 41 87 148
0.014649051208914205 35.411642429429804 462.5866311390685 41 87 148
0.7375077847685338 35.37314430978304 463.0400080832446 41 87 148
5.602555787519281 33.37353105416824 423.05161544977955 44 90 151
15.560595947372226 29.832138514978976 390.7983072235767 41 91 155
17.505598038659336 32.47504275520819 421.17970287848544 41 91 155
45.07154933711001 29.23480979262815 382.09834329232524 46 97 168
45.69883173627646 29.19619010107395 382.33727990702374 47 98 169
65.99483992861393 28.956700531216075 383.55934767874925 49 98 169
-224.94772923449864 43.70141659024957 536.9521093259848 7 44 74
-208.09565127158604 40.602727210910516 513.9610125035598 9 44 75
-159.7135236115343 41.16109230716693 514.4085941253719 18 59 94
-139.8734755283175 38.15928920592018 468.1048844640603 16 57 92
-138.4857801990137 37.49542826002327 465.61947690716426 16 57 92
-4.1767683343577335 35.94291021509936 451.81590712511434 40 88 148
-3.7105343077643345 35.89380340614775 462.0724782427925 40 88 148
-2.9921564453482565 35.85574300376541 462.5264734316933 40 88 148
15.497265075027512 30.145278649033337 390.7256035188856 42 92 156
41.883635913217816 29.731609721385215 380.841691608227 46 97 168
42.50673133316276 29.693420971789283 381.07900896825635 47 98 169
45.63438463510905 29.50180862170864 382.2702223508461 47 98 169
132.66827297117587 33.48378870178102 416.35294105184533 0 6 6
-228.13851241535178 30.29875091741974 362.3651709268625 0 1 0
-227.7773109090186 30.243146826743413 362.6936716271604 0 1 0
-227.41545262280854 30.187439547551186 363.0227699684369 0 1 0
-227.05293627707147 30.13162889422733 363.3524671127295 0 1 0
-226.68976058769726 30.075714680591318 363.6827642261122 0 1 0
-226.32592426604864 30.01969671988545 364.0136624787599 0 1 0
-225.9614260188916 29.963574824761842 364.3451630450073 0 1 0
-225.5962645483286 29.907348807270083 364.6772671034144 0 1 0
-225.2304385517288 29.851018478844686 365.00997583682795 0 1 0
-224.8639467216592 29.794583650292104 365.3432904324445 0 1 0
-224.49678774581545 29.738044131778018 365.6772120818742 1 2 0
-224.12896030695256 29.681399732814665 366.01174198120475 1 2 0
-223.76046308281371 29.62465026224761 366.34688133106425 1 2 0
-223.3912947460621 29.567795528243213 366.68263133668665 0 1 0
-223.0214539642085 29.510835338275335 367.0189932079751 0 1 0
-222.65093939954141 29.453769499112372 367.3559681595668 0 1 0
-222.2797497090563 29.396597816804128 367.69355741089936 0 1 0
-221.90788354438368 29.339320096668878 368.031762186274 0 1 0
-221.5353395517175 29.281936143279776 368.3705837149216 0 1 0
-221.16211637174354 29.224445760451832 368.71002323106995 0 1 0
-220.78821263956752 29.16684875122874 369.0500819740074 0 1 0
-234.06230402267747 41.65539180465532 521.181108170857 0 24 45
-226.10708463119923 41.81594331631799 528.1784560051589 7 44 72
-225.6426148228987 41.77539821093323 529.0405442610614 7 44 74
-208.45734086628954 40.73919163950681 514.3808727740252 9 44 75
-153.11518155675054 39.02879329080913 489.8531242489701 16 57 94
-85.05734126110569 39.06259217500138 476.84398537860346 24 68 114
-78.03859177535281 37.37211011821659 457.89963374076245 28 72 118
-75.96608702426335 35.90446963889933 460.8394929211463 28 72 118
-50.045276391012536 32.364265724288 416.7739759738458 31 74 127
-6.3747806616446905 35.346008780885604 444.3109535808561 39 87 147
-5.704353114188792 35.350624509520046 445.6415646837437 40 88 148
41.820044431651944 30.03592335042502 380.77513642932627 45 96 167
56.01418421683964 33.110444065529286 402.4477461481845 45 96 167
-234.0710945870169 42.08198921464482 520.9588272261196 1 24 43
-233.6278845926451 42.041734044344544 521.8027699406848 13 36 55
-188.7343997250573 42.34619669448868 501.06900649497953 6 47 80
-188.214710786154 42.30942359550851 501.7910462879274 6 47 80
-159.74581644117768 40.184130652465605 502.713458890569 14 55 90
-152.58841779692295 39.38503371999148 490.3327939294009 14 55 90
-5.082691973382764 35.66840178785344 445.94183982616886 41 89 149
-2.197650907820334 34.09252695008324 428.8866721711841 40 88 148
1.1851873906948052 34.34061690512951 435.2415298401009 43 89 150
-227.84368762640693 30.862495295054867 362.5390895374294 0 1 0
-227.4822009755766 30.807399441522094 362.86776416466824 0 1 0
-227.12005711175252 30.75220117269402 363.1970366968738 0 1 0
-226.75725474987433 30.696900304599673 363.52690830061965 0 1 0
-226.39379260033908 30.641496652704326 363.8573801465909 0 1 0
-226.0296693689336 30.58599003189677 364.1884534096447 0 1 0
-225.6648837567652 30.530380256476693 364.5201292688739 0 1 0
-225.29943446019325 30.47466714014237 364.8524089076695 0 1 0
-224.93332017075997 30.41885049597761 365.18529351378345 0 1 0
-224.56653957512162 30.362930136439257 365.51878427939266 0 1 0
-224.1990913549781 30.30690587334427 365.85288240116125 0 1 0
-223.8309741870039 30.25077751785722 366.18758908030713 0 1 0
-223.46218674277722 30.194544880476816 366.52290552266265 0 1 0
-199.09793084760213 37.678336469733125 439.210445935742 0 2 3
-232.86899161031343 43.88841764465245 517.1613257714079 0 3 16
-230.07710815760944 44.32902852853053 516.8484888392812 3 36 61
-230.69776061913572 45.16781008628265 522.2830841888627 4 40 66
-230.24513656282744 45.13515585962347 523.1297403818355 2 38 64
-188.7606495027217 42.75216364755473 500.8826486372183 6 47 82
-188.24125623593426 42.71598573407295 501.6040646320273 5 46 81
-164.67290363855327 41.709228736780595 501.00594889842415 14 53 89
-165.32762478583552 41.910507485992845 505.3682754196831 15 54 90
-164.7647097216316 41.87317515052069 506.0813812974799 14 53 89
-163.6983261086755 41.8116663452609 505.32153078293544 14 53 89
48.65154332062375 32.42866774865055 403.10408477615994 49 100 171
109.65985260522604 34.845824223746426 400.3336111643138 46 89 151
110.36509428378865 34.81478324358438 400.59224826429465 46 89 151
-232.87658051359588 44.30965026900614 516.9443904937607 0 4 15
-135.7397608974004 41.03291471214861 484.44391002332765 19 59 99
11.718160094164867 32.486438744896084 389.56265686690506 44 92 154
16.56728567652515 34.08904443769392 397.24698463985106 47 94 159
43.95113548995934 30.747219355468747 362.58747426542897 47 98 169
130.52973133785875 34.778304068933366 416.69104460327407 0 6 13
-226.46260533398524 31.263036742969366 363.7003015705707 0 1 0
-226.09885798158535 31.20814490944778 364.03094684118935 0 1 0
-155.7523099776934 42.557653867692565 486.2155951297606 14 55 90
-135.78480263462166 41.423484996753075 484.2844559914252 19 59 99
-28.326086635425472 38.961681699110926 446.1511939961081 36 85 140
-27.6550673859434 38.92758886180562 446.5749580721507 35 84 139
-26.296170226705964 38.845078907056525 438.05250658204807 33 82 137
-26.055392036098908 36.94147313253308 438.9519865986784 33 82 137
10.424485532504118 32.87243879387915 388.9588877867456 44 92 154
11.039968745915484 32.83515770283466 389.2241353095363 44 92 154
43.21651722968985 31.97576570183364 377.35544949469045 46 98 166
-155.79037534648276 42.949837844310316 486.05025552987365 13 54 89
-136.16491980491116 43.410488159177355 486.48413897265164 14 54 94
-115.93467416742659 45.38892569400388 498.1266949337891 22 62 104
-115.30088217728897 45.36055155146764 498.77021338418297 23 63 105
-106.61725283124402 44.104038738220325 488.099255836453 23 63 105
-30.903308156500703 39.50861346781449 442.6899755178576 33 82 139
-30.368750439381778 38.23197865074833 441.65170470479205 34 83 140
-27.71932256704406 39.28286593244548 446.4615453738956 33 82 139
-26.35889277195982 39.19331198835199 437.94506167266024 33 82 139
-25.697726548061233 39.15997704019623 438.3457124652406 33 82 139
24.04519771402047 28.55985513914398 319.61968819221727 43 95 161
60.98023696949416 35.60083679472578 402.12046147274503 52 102 170
-235.61818270957068 34.635994088743516 371.3300112024265 0 1 0
-235.26241596123796 34.585800156555564 371.6880520953597 0 1 0
-230.25033551702242 46.7646753603814 513.1329212110483 0 12 35
-174.2881852517765 46.85726903029145 520.1361305959455 15 51 86
-156.53731184555713 43.79696456038502 488.2755024150235 9 50 87
-136.4168417837368 43.46974798487998 486.7600413406073 15 56 93
-109.24189061607885 42.869506870329 487.3543773536969 25 65 107
-33.90784606536942 38.619668960436165 441.1074688871959 35 82 138
-26.43879720000872 39.57108390497513 447.1971305576782 35 84 141
-3.711556094833599 36.25160125259784 400.11214295453345 41 87 148
116.4990792841091 36.81270485419782 406.9401039114164 42 85 147
167.99925013669682 47.934449537597 519.1452978656652 0 6 7
168.99970315121564 47.91689750230946 519.6837507110416 0 6 7
149.51492596709937 42.033834208353234 450.59099669231085 0 5 4
153.71514037213385 41.912402857635854 452.40249659320096 0 4 1
-108.44714214669987 43.31303530819423 474.42037530069274 22 62 104
-26.503622420734725 39.92684110634078 447.0832644986089 33 82 139
28.429326582449253 33.711855541232 371.73311270931185 46 96 162
60.71870854989771 37.54575778387849 399.31279726395013 48 98 166
111.19407892215148 37.339849028963656 401.72974277528766 45 88 150
167.88250591739097 48.33860721344295 518.9900990080482 0 5 9
149.4214079389247 42.38681675589201 450.4828517144036 0 5 4
-236.38155016754206 35.36349917643156 370.4443034481747 0 1 0
-236.02753103056364 35.31415823234644 370.8004706315764 0 1 0
-235.6728250437428 35.26471869948748 371.15732937389924 0 1 0
-235.3174307129474 35.2151803836758 371.51488117567374 0 1 0
-234.96134653885633 35.165543090200636 371.8731275426153 0 1 0
-234.6045710168875 35.115806623806634 372.23206998569515 0 1 0
-234.247102637127 35.06597078868263 372.5917100212147 0 1 0
-233.88893988425764 35.01603538844872 372.95204917087494 0 1 0
-108.10838424187668 43.04865097651678 472.13043751753935 22 62 104
-105.43274267820298 44.96129104743824 485.0213880467015 25 65 107
-3.428801639504474 37.15832667551302 410.8704795146699 43 89 150
8.142785851260763 36.50367166434219 381.14163963566057 44 92 152
8.745155583358823 36.47118092882996 381.39075995330325 47 95 155
13.854761909495416 35.98241996500717 401.0438270233247 47 95 157
27.43624127175622 39.92423060477138 429.73451130234037 48 95 160
25.039416666931206 33.29098566359097 356.0169554476604 46 93 158
25.611065646537632 33.25717699151612 356.20986864005584 47 94 159
60.651417231978755 37.861002095446025 399.23382867596206 48 98 166
167.7663086890942 48.742581923615596 518.8352343626863 0 5 8
148.49301900995883 42.76323195630925 450.01477366932505 0 4 5
-277.9669103498392 29.310068792619067 301.21943871560893 0 2 0
-224.68808398022574 48.30429102719411 516.8933768532944 4 41 71
-106.45972628340397 33.529142495177105 355.33896338631786 19 58 96
-120.95939869739166 46.373862160449704 479.50206536171237 18 61 102
-47.47695221137285 39.730925981558535 419.68225654094164 35 78 129
-46.86077747469297 39.697640937504424 420.046622392605 35 78 129
-42.82167193385655 41.70990206116059 453.15131947735586 34 79 131
8.08496722938796 36.806256575799864 381.07142116271984 44 92 152
8.687196236290099 36.77397761766712 381.3204517061387 47 95 155
17.325342471558848 37.47808936294961 405.36849411218657 47 94 159
24.082932634343596 36.79150206404942 400.2487284180167 48 95 162
28.7680257748076 38.569108144044115 398.18954778268267 46 93 160
121.70270057947995 41.242375681653726 422.14005938655345 41 87 148
161.69950105240844 49.24298996747573 515.4795269988545 0 7 18
149.23573276327548 43.09241239014627 450.26721257756117 0 4 5
-235.7284008813602 35.893128264514644 370.9837927188385 0 1 0
-235.37337994681062 35.8442449231252 371.3408545922909 0 1 0
-235.01767012735445 35.795263729055826 371.69860987881356 0 1 0
-234.66126991814667 35.74618448988913 372.0570600890973 0 1 0
-234.30417780899774 35.69700701266756 372.4162067391721 0 1 0
-233.9463922843023 35.64773110388161 372.77605135047764 0 1 0
-233.58791182296824 35.598356569457856 373.13659544993766 0 1 0
-232.58328077837027 37.111728261947846 373.2084452911377 0 1 0
-209.36311537781344 52.39014249790905 532.5570983351736 8 45 77
-199.75207923651342 49.77626924527934 518.0958568606005 5 45 76
-48.65765260032594 40.06305291919572 413.12684859740324 32 75 126
-50.1018976499221 44.44741801544623 462.3596442574114 35 78 131
-49.3276651598425 44.9078333525385 462.8191029312551 35 78 131
16.614961265290283 37.832438410663904 404.98600704441725 43 90 155
17.261526404246137 37.799990483061926 405.28530461229343 47 94 161
163.5608740338286 49.61275208986063 516.3888977468764 0 8 14
-278.0508554709373 29.852303472194286 301.13708846830133 0 2 0
-234.89207392995777 51.2857351883574 523.1078053332567 0 4 25
-212.57193539311928 50.79532329431568 524.4818589959385 8 45 75
-210.60539975918567 50.643105182425984 523.7872651694316 8 45 75
-205.6095502060773 49.68533793178012 513.4674630986794 7 44 76
-60.518136260564646 47.348416212963315 470.7016630877444 30 75 125
-306.104237760644 32.42251553214697 325.2707948302562 1 1 1
-60.57546393360381 47.719576726263384 470.5645255888748 31 74 125
26.49582135800079 39.56567563992853 407.38667938519933 44 94 160
-216.92798646050886 51.744206406303505 512.8033237209393 5 42 72
-216.1151284371887 51.45293573586655 514.5688949059444 4 41 71
-216.47405939630866 51.795709035459915 517.4645357104706 4 41 71
-178.18553235429 50.03996197101401 501.9687372298264 13 52 86
-177.6462169939072 50.017168403626044 502.6845245380776 13 52 86
26.431348516711385 39.8880752922665 407.30210546700926 45 95 161
27.089541713625945 39.8582370966353 407.60314450931304 45 95 161
115.36848169507086 42.756274601535345 419.3704422137948 40 88 150
116.11620288443947 42.732624556252496 419.6693496928044 40 88 150
-213.33569742664943 52.26046633486831 510.18168439899057 4 41 71
-212.85487008570294 52.24177391858006 510.9648606601063 4 41 71
-141.45461150239322 50.60861776672603 488.3805643891826 22 56 94
-102.586533128195 48.85346043313438 475.59907036450835 25 65 107
-73.5533166729702 47.66037063043949 465.5292983638833 29 73 119
-73.25762349850844 49.137913480777875 469.7661953790949 28 72 118
-32.300727973722864 44.13226252916147 424.2553648674478 37 81 136
-31.663709930245272 44.10539037558801 424.6238541491118 37 81 136
-33.109311124885394 55.20100770184282 524.4186942275228 38 82 137
-24.816849390922435 45.84368030707817 446.0653980601606 33 80 134
-10.924712440563862 46.02616080113077 454.5348573868793 31 79 112
-8.762101186889085 41.84191705699344 416.86320207211475 33 79 113
-3.511182657634965 37.37560815785139 366.8865866493457 46 86 115
4.866667786183935 44.7701276660723 443.4575213670395 46 90 147
5.543460324349246 44.55678150875607 441.85337523574907 46 90 147
115.29062150944338 43.08492776285418 419.2803484600762 41 89 151
116.03817839231606 43.06153451042693 419.5791447717238 42 88 151
116.78687741737407 43.03810974963968 419.8783968289153 43 89 152
-226.87163575320025 53.72677023797903 521.849380185965 5 42 72
-213.34910863633814 52.669196797990836 509.9758044693153 4 41 71
-154.70718745298066 51.3739551002843 502.1332562146661 19 53 91
-138.67361498441315 47.6485013462689 464.8105293726919 20 54 92
-102.63559539570606 49.230386532430394 475.4512334133233 26 66 108
-77.45678936942068 48.29530360973166 466.325649344743 28 72 118
-76.80972306550045 48.27214508707423 466.8389543705169 28 72 118
-76.22063964277966 49.37512379487294 468.93533839781276 28 72 118
-73.60845379131578 48.02859044448772 465.3941124139876 29 73 119
-72.9581676066941 48.0050801973133 465.9019154016517 28 72 118
-70.03819132047822 47.384751252831194 461.22523622151573 31 75 123
-67.339832817639 48.23659147017259 450.77856148894176 32 76 124
-31.721594297073462 44.4409795205022 424.52333410267227 38 82 137
-34.73186156055634 55.62628092419189 522.9122379239734 37 81 136
-33.95559272175972 55.61748853725038 523.5749284379299 38 82 137
-33.17739418005072 55.60868410083126 524.2392633898435 38 82 137
-12.03027781300826 39.48297528371184 378.92233585426413 37 85 107
-11.444607518298119 39.45235857286926 379.1742898381643 37 83 103
-10.858175271660889 39.421709237700775 379.4265704780171 35 81 101
-9.160683718369118 43.01544559889802 412.89082702950213 27 74 91
-5.845109709513777 35.32870165515994 337.5717650942853 33 72 88
3.289693997018795 42.07581942287886 402.06327248890506 47 89 137
83.89981446894734 40.838859425446586 392.0882719706853 47 94 163
116.70903506503505 43.367189222608864 419.78823302451883 42 88 151
117.4587168220102 43.343990218675025 420.08783150381834 42 88 151
-233.0114559189867 55.31512524842864 528.0938317172353 4 40 66
-232.56002190435555 55.30303325779154 528.9677722163175 1 38 66
-219.43817862851492 56.63486288601068 521.5763644913643 5 42 74
-83.411936782537 51.82744492644558 476.64619271749933 28 70 116
-80.91487159296429 49.55748358231863 469.2773126871078 26 70 116
-77.51768346148657 48.664589783986465 470.22654821807265 28 72 120
-75.1544099412303 48.508123225991646 465.38355179178234 26 70 118
-70.48408086815844 50.50793307395326 470.96238315900496 32 76 124
-31.77954652714916 44.776484835046595 424.42279223729827 37 81 136
-34.799283942199345 56.032714394574164 522.7337394090854 38 82 137
-34.023371879166085 56.02444694950682 523.3959700524842 38 82 137
-14.419609234114235 39.90512751223451 377.8476970365737 66 121 129
-11.609048979169472 32.5770966143664 314.23922867284153 71 122 127
-11.12171987890756 32.54275456951653 314.36718920234523 71 122 127
-10.634008354579393 32.50839161161725 314.4952495456338 71 120 123
-10.14591342738298 32.474007676335354 314.6234099592538 67 116 119
-9.657434115523948 32.43960269894102 314.7516707005566 62 111 114
-9.16856943423459 32.40517661430899 314.8800320276921 59 108 111
-2.4392525575516175 41.235758481959834 389.9657500755454 62 102 104
-1.8297757890521071 41.20715013448671 390.2384091336715 60 100 102
-0.9426006780583744 40.030529928469065 368.84909722485213 56 96 98
-0.364789224139558 40.00168745894147 369.075692457223 53 92 97
2.7974533889839277 43.51716483732812 401.84659529080915 41 82 104
54.75455538558178 34.1693821334666 327.16685008560927 51 100 171
75.06908788265223 41.59851632477131 395.3444891060446 46 95 166
83.83292755060153 41.14715930263598 392.0131016173575 47 94 161
-219.1086838922002 55.75406111801612 510.605811365427 3 43 72
-199.4147895668385 54.191895225166704 508.36658300487676 8 45 77
-199.4930291852068 54.074447473474386 510.4713217139064 7 44 76
-165.10093568051536 55.20630885331162 517.2954802428333 12 51 87
-164.52524265748715 55.19420664264756 518.0536573979848 12 51 87
-80.96804107777751 49.927998773018814 469.13763894169597 28 72 118
-80.32143387583137 49.90720022512757 469.6621302577372 28 72 120
-29.281206694922 45.00769389179512 425.80025020299536 38 82 137
-14.5711455105785 33.0341950527853 313.43672757349344 78 134 137
-12.142450040285802 32.86345552399993 314.07440187107636 98 156 145
-11.655572353102302 32.82924585349386 314.2022338569171 101 155 141
-11.168312870504456 32.795015447841585 314.3301654781721 99 153 139
-10.680670615971612 32.76076424328545 314.4581969907474 100 149 136
-10.192644609980581 32.72649217566914 314.5863286513567 91 140 127
-3.084103009520078 41.96556913806991 391.5118780335298 70 109 98
-0.919607442721916 41.39825352973812 374.02858778186464 75 114 103
-0.3334958869721076 41.37074107676739 374.2660194894207 72 111 100
0.25335032616885705 41.34320145878442 374.5037476377756 68 107 96
0.8409332028724729 41.31563459005091 374.7417730382784 62 103 96
4.449220114111329 42.67850876657794 401.4953875034839 47 86 131
5.26910710764536 43.63010026914853 400.77686706914966 50 89 134
7.928767156074305 44.28013058364587 423.75650474290086 43 87 144
27.91666289929933 42.58278819906943 385.74736464369715 45 95 161
64.57367380460457 40.625406885232756 390.35350464498583 51 100 171
-218.22916182817215 56.10358094385525 508.4205721099644 0 42 70
-199.9380601213337 54.61132258552475 507.40706112865576 7 44 76
-94.53992177004095 51.20851996408105 476.53569764512577 29 68 113
-93.90105824191133 51.18936856654258 477.09314534307094 27 66 111
-70.84382557265603 50.53977404984143 471.29576182878253 32 76 124
-52.129844984633884 48.712262010048406 447.8499741070597 32 75 128
-30.620037047748934 45.395820666004106 424.959055943565 37 81 136
-29.980611496247512 45.370053372005806 425.32869510828203 37 81 136
-29.340104333908283 45.344250695178516 425.6989578796856 38 82 137
-15.585981531843062 33.3536085065228 313.1455747338712 90 149 144
-15.10182049568257 33.31965292472231 313.2726871576211 99 158 153
-14.617284069929825 33.285677155259094 313.3998975252105 106 166 152
-14.132371298836201 33.25168113738426 313.5272060869381 110 170 156
-13.647081223527234 33.21766480994096 313.65461309394146 109 170 149
-13.16141288202176 33.18362811136572 313.7821187981931 110 171 150
-12.67536530924942 33.149570979689294 313.90972345249503 112 172 146
-2.726746734921696 41.77530409543597 373.24997397339314 78 118 101
-2.142964565681097 41.74807204726342 373.4864348056855 83 123 106
3.5979459985427233 39.26899359718151 349.6061246747963 57 97 110
4.148370246397068 39.24031174416389 349.7930338130083 48 89 122
5.022167682080444 42.96861527405118 401.7081645869484 47 88 121
5.842639860202309 43.9202762234383 400.98752253327046 47 91 139
59.837087687756735 43.29581581714616 385.07129295674747 51 100 171
60.481611808585406 43.27231755746722 385.31237527106765 49 98 169
61.126985165293235 43.24879469857917 385.55377417222036 51 100 171
64.88751210804118 41.51046171839121 387.9492564013403 52 101 172
73.5937171900669 42.270081481544146 394.67499207556625 47 96 167
-269.74939287128365 31.215369947301184 283.6982363622297 0 2 0
-215.80482143442472 57.56039210879699 522.0950007490943 3 43 72
-183.42077255459836 54.20476255269795 490.1735285522344 9 49 80
-96.7264124856616 52.445077947514875 473.12169039424674 26 68 112
-96.09375295981114 52.42811541775233 473.6704308391079 27 69 113
-95.54121255919038 52.8438753196731 474.98294063262546 27 69 113
-95.35724572130627 51.867593522104734 476.6641400474992 28 70 114
-94.59068997548965 51.584797965568576 476.38748441204206 26 68 112
-93.95211035961327 51.566093567234056 476.94456279069163 25 67 111
-51.53541034919574 49.0436676752052 448.173309198346 31 76 128
-15.632021160275787 33.60487058807532 313.10879187013177 120 181 160
-3.362859347787315 42.09694413283798 372.94580927719784 81 122 98
3.9501477238898417 43.96937742383795 388.0896763531406 66 109 105
4.648924903169665 39.488513114306144 349.92468275797256 51 93 112
5.7837385710529725 44.23603510670573 400.9039691336977 47 90 131
17.39410950470874 43.88366834209995 408.5441867097654 43 90 155
47.16088845649899 39.8058709588388 371.0814739831206 54 102 164
60.4195645514408 43.57423544679126 385.23891008341303 51 101 169
61.06480436010314 43.55092012834376 385.48022503912085 51 101 169
61.7108957465078 43.527580424461874 385.72185740745704 52 102 170
-314.3117156077511 40.77395913479393 362.6462718192237 1 2 0
-297.78614817070553 41.21343325792776 367.2608687469614 0 2 0
-183.44507790592579 54.59474682976875 489.99487615839803 7 47 78
-4.407302622608523 42.38320190233253 385.3232895127968 83 127 100
3.283560585476387 44.29935166342766 387.74744977601136 82 126 113
3.8942832286618017 44.27465646828037 388.01311115088225 79 123 110
4.505837645917477 44.24993541729409 388.27913300167694 67 111 116
5.149867088784924 39.73698640003209 350.05642247034916 48 93 122
6.357759858862038 44.52679910399643 401.1147429360064 49 94 123
36.05856379926191 44.53318169735992 396.16952550476265 50 91 144
-250.60813011498547 35.31973844526066 309.13133276916903 0 2 0
-214.66332499823008 43.61180251887498 370.7355615332098 0 2 0
-214.27429985909149 43.576003184833226 371.0784207561393 0 2 0
-213.884564582654 43.54013597327946 371.42190635511145 0 2 0
-213.49411772967045 43.50420078540615 371.7660195917685 0 2 0
-213.10295785472405 43.46819752206161 372.1107617331437 0 2 0
-212.71108350615836 43.432126083741274 372.45613405172696 0 2 0
-220.890658987803 58.71787420096924 518.0073507222572 2 44 72
-220.4191826685148 58.71263691284107 518.8298121896095 2 44 72
-23.952949849239175 42.790744523004626 369.2868354570894 68 119 124
2.618120486679663 44.62880471170199 387.40580404498104 101 146 114
3.227863962334131 44.604357470724864 387.67100354795997 94 140 114
4.449842027129083 44.555386653449794 388.2024819677399 87 130 124
4.598594415513471 40.29815389269371 349.1528229684816 73 116 110
5.995650023438136 42.84589054834663 387.57832858266994 49 91 108
6.98245656323711 45.20994124682928 407.8593512574675 41 86 127
36.6447820062431 44.820726631415596 396.3622100980802 35 69 116
84.25856792073044 44.55823030932195 390.71661498694766 49 99 165
-334.06578055646384 38.3638726015181 327.9291976715165 0 2 0
-313.4617190365779 42.630335820553874 362.61123978144093 1 2 0
-311.57389313575084 42.24850245170977 366.1826725687859 0 1 0
-195.97355987013248 39.04535641439621 327.3631259572726 0 1 0
-195.58953645373546 39.0043278424256 327.5871436221131 0 1 0
-184.70116397397896 59.27228850881317 505.1355297738385 7 46 80
-72.16923824872003 53.533920761640275 470.2108304147654 32 76 124
-71.51034747504137 53.51881968271938 470.73283686287687 31 75 123
-28.035063088946913 45.69699393036756 399.2586820938009 43 89 109
-22.995401168026834 39.86516635777816 338.2355599549147 64 117 119
-4.083577769332573 44.79592473504874 382.00132801907534 91 141 107
-3.486781149033825 44.771521492345535 382.25719950310116 93 143 109
-2.88919642068436 44.74709388309481 382.51340754582446 96 143 110
-2.2908213931414374 44.72264182907695 382.76995308474494 97 144 111
3.4497835051530483 40.62958281934773 348.7265498992551 95 142 111
3.9988696041923797 40.60191570613623 348.91194007203495 95 139 124
4.5485357785351095 40.57422651047562 349.0975250947048 85 129 114
5.0987835263676295 40.54651516147245 349.28330547245776 71 115 120
26.505943889000953 41.09716071035596 362.7134310591618 46 90 149
139.11503254599236 49.95702045064696 437.12915693078554 0 9 15
-269.85149983860356 38.08308056353306 322.73403439519325 0 3 0
-251.88738104561673 36.05422016384053 308.2069428071948 0 2 0
-217.4160961977093 44.46841590110687 368.18737723831106 0 2 0
-217.03236937815518 44.43368142427487 368.52545007320424 0 2 0
-216.6479431349902 44.39888070932187 368.8641397096134 0 2 0
-216.2628160689852 44.364013662093264 369.2034473737159 0 2 0
-215.8769867752288 44.32908018816836 369.543374296644 0 2 0
-215.49045384305748 44.294080192851496 369.88392171454853 0 2 0
-215.1032158559844 44.259013581163174 370.225090868661 0 2 0
-214.71527139162941 44.223880257830835 370.5668830053579 0 2 0
-214.32661902164648 44.18868012727999 370.90929937622167 0 2 0
-213.9372573116531 44.15341309362514 371.2523412381066 0 2 0
-213.54718482115905 44.118079060660705 371.5960098532008 0 2 0
-213.15640010349338 44.08267793185187 371.9403064890912 0 2 0
-212.76490170573283 44.04720961032532 372.28523241882635 0 2 0
-212.37268816862985 44.01167399886028 372.63078892098207 0 2 0
-211.97975802653923 43.97607099987916 372.9769772797254 0 2 0
-211.58610980734605 43.94040051543844 373.32379878487905 0 2 0
-211.19174203239194 43.90466244721914 373.6712547319864 0 2 0
-186.59195905174914 59.25654304405681 499.13696461011966 7 46 80
-167.64840056964618 55.246136496238606 466.62452969166776 7 48 81
-68.34297449510105 54.486272648896126 461.3016001325077 29 73 121
-35.94934555765112 45.28614780941414 388.69288557828867 36 81 133
-38.04730529961925 53.00583591431419 458.0846056593407 30 73 124
-37.3668560308039 52.99050685001887 458.54877727482017 31 74 115
-36.685064782528045 52.97515680576351 459.01386208407035 41 84 125
-29.89833482017096 46.086006655043754 398.261753111343 48 92 106
-29.29623490697165 46.06142726540203 398.5653361552408 56 100 114
-17.82516824370436 37.67783275833531 320.67793309185055 138 204 169
-17.32985238170302 37.64728036873533 320.8183350536466 136 202 167
-4.733107441702529 45.120653420388834 381.67217477252143 98 149 110
-4.13724163683274 45.09648815251932 381.9276132015812 98 149 112
-3.5405897399209962 45.0722989284473 382.18338726926396 101 152 115
2.3037150422474535 40.96026641228665 348.3012879919168 102 153 116
2.8515416958665196 40.932801675342205 348.48623343349317 102 150 114
3.3999457079087905 40.905315203658986 348.67137277805796 101 149 113
3.948928568570318 40.87780692755485 348.8567065279927 104 150 124
4.498491772329813 40.85027677691511 349.04223518715645 97 143 117
5.048636817932783 40.8227246811929 349.2279592608789 93 136 132
5.599365208374878 40.79515056940976 349.413879255955 75 118 114
7.545132501149167 45.789717195419236 385.02443363413005 44 86 105
8.081089617427386 45.346345144030394 387.82441321283983 40 84 128
26.451507401351492 41.38355639166993 362.6521524231053 38 79 130
51.41142864785232 59.74000670427402 501.53187723251665 0 8 37
131.32514461513074 50.604269356972196 422.5468512385981 6 30 71
-269.8809520069068 38.36271369275687 322.6757341587391 0 3 0
-196.81085689884506 39.67322588732678 326.8133526633904 0 1 0
-196.42819708051854 39.63272175482078 327.0365317283858 0 1 0
-196.04501618686444 39.59215955059687 327.2600150325596 0 1 0
-195.66131367802754 39.551539246690695 327.4838028874463 0 1 0
-195.27708901192045 39.51086081511828 327.70789560585774 0 1 0
-194.89234164416868 39.470124227867885 327.9322935019148 0 1 0
-194.5070710280561 39.42932945689149 328.1569968910803 0 1 0
-194.12127661447084 39.388476474096365 328.3820060901904 0 1 0
-186.4354665876883 60.16122479008454 498.79389972108476 7 46 80
-116.98328822114048 55.7624686883878 477.26323553722057 21 61 101
-114.74330142036682 58.8667372914292 485.857855362954 23 63 103
-78.82577309156862 53.38705292084673 460.087661561928 28 70 116
-78.7847118163157 54.413296793496485 464.7764295494553 28 70 116
-78.14012870086415 54.3992418011374 465.28691000670796 26 70 116
-41.43870171132057 52.23784876955582 434.812071299674 31 76 128
-41.78984733230878 52.63393509182077 450.61200493439225 31 76 128
-25.787629307479175 39.569413857690584 331.20279437052824 63 110 125
-25.280277089040837 39.53973238121854 331.3641391418742 64 111 126
-24.77245880627619 39.510030516689426 331.52563126792677 67 116 117
-19.237172025422602 37.007551580440094 316.50379826025494 146 212 179
-18.748871458997193 36.97626701486695 316.63746402280464 140 206 171
-17.870108607150613 37.93330946705681 320.6362248605682 139 206 168
-17.374875550835743 37.90287821582597 320.77659004745004 139 206 168
-16.879229866646753 37.8724283271395 320.91707141614654 133 200 162
-4.7866329235032685 45.4209600259545 381.59856196339007 99 155 114
4.4484618020502245 41.126305921987345 348.98695287656295 108 158 124
4.9985055993825105 41.09891300973716 349.1726211366766 106 150 137
7.008722105196712 46.88470457215514 386.84634997007623 70 113 123
7.61321376988165 46.80633001684911 385.42331240904844 52 95 105
10.562923158783804 46.04985036267014 386.9715659860506 42 91 148
32.94320966722056 37.504095892553416 324.0574792992701 0 3 30
85.60667493356844 46.24161948250175 397.7180637222612 45 95 161
-272.6640306187267 39.106611896627975 320.1068450843357 0 4 0
-272.39081786858947 39.060560405346074 320.35594239130836 0 4 0
-272.1171343723344 39.014425228643944 320.60546938973135 0 4 0
-256.4821548436151 37.42122437058779 306.835160415459 0 2 0
-256.18882927521537 37.37384437538325 307.0428850283272 0 2 0
-255.8950587092149 37.326388122955755 307.2509250863052 0 2 0
-255.60084231466553 37.27885544911473 307.459281179975 0 2 0
-219.3728280424545 45.24578471963481 366.3419779595337 0 2 0
-218.99294138751057 45.21196729064142 366.67655227754494 0 2 0
-218.61236302596885 45.17808503400697 367.011736454119 0 2 0
-218.23109158479957 45.14413785919769 367.3475316920979 0 2 0
-217.84912568562723 45.11012567547194 367.68393919897653 0 2 0
-217.46646394466256 45.07604839187176 368.02096018696517 0 2 0
-217.0831049726325 45.041905917213654 368.35859587304964 0 2 0
-216.6990473747103 45.007698160080324 368.69684747905495 0 2 0
-216.31428975044588 44.97342502881159 369.03571623170626 0 2 0
-215.92883069369537 44.939086431495475 369.3752033626919 0 2 0
-215.54266879255093 44.9046822759595 369.7153101087253 0 2 0
-215.15580262927003 44.87021246976178 370.0560377116084 0 2 0
-214.76823078020382 44.83567692018181 370.39738741829433 0 2 0
-214.37995181572728 44.80107553421195 370.7393604809509 0 2 0
-213.9909643001666 44.76640821854779 371.0819581570236 0 2 0
-213.60126679172808 44.73167487957982 371.42518170929935 0 2 0
-213.21085784242638 44.696875423383766 371.76903240597096 0 2 0
-212.81973599801188 44.66200975571185 372.1135115207003 0 2 0
-212.42789979789902 44.627077781983466 372.4586203326831 0 2 0
-212.03534777509313 44.59207940727616 372.804360126713 0 2 0
-211.64207845611773 44.55701453631635 373.15073219324677 0 2 0
-203.8697842158436 60.973010106725084 511.14057145536975 5 45 74
-203.36882675358714 60.971771685479055 511.91904531922364 8 45 75
-186.61437324063405 59.942524610298584 498.66191770379805 8 47 81
-166.12005078194392 60.223582840074066 489.302141349362 12 51 85
-114.38221687521033 57.62136328727017 485.871519651608 20 60 100
-26.846269090386592 39.89191909262451 330.83356268013245 63 110 125
-26.339942803298865 39.862415425418206 330.9945664676967 68 115 130
-25.833152458927113 39.832891636270034 331.1557169531146 75 121 123
-25.325896912070736 39.80334767319746 331.3170144986982 73 119 121
-21.893765974963067 37.06321113303608 311.54694101861224 138 195 172
-21.413799707672972 37.03205703169474 311.67292995500617 148 210 183
-20.74441729546773 37.35372589419159 316.0639916603525 141 209 178
-20.257361670603515 37.32261165342547 316.1973067607036 145 213 182
-19.7699174401321 37.29147923406896 316.3307275037583 151 219 188
-19.282083635980364 37.26032858462807 316.46425415336546 149 217 186
-18.793859286603453 37.229159653185015 316.5978869743464 142 210 177
-18.40983656049113 38.21907682349034 320.454290676227 138 206 173
-17.91509699549015 38.188785126520834 320.59450346859376 137 205 170
-17.41994551518027 38.15847497794663 320.73483222452404 136 204 169
-4.899893541140497 45.63372789518413 382.79833329699653 102 158 117
6.342470432575471 47.209198449124074 386.5076613425776 104 150 126
6.9538562259147 47.18776249492505 386.7696369248541 88 134 129
7.558558142299354 47.108243362224385 385.34739726202446 59 105 100
8.168937803377899 47.08676001032381 385.6063831458878 40 83 106
10.50702499164297 46.3535966025119 386.89540638123276 43 92 149
11.12165991350815 46.331073926162084 387.1567466193959 42 91 148
14.987363205919607 47.37932275548283 386.1382056245403 41 91 155
15.604165034490183 47.358445434479066 386.39624268516405 42 92 156
16.221796156812847 47.337548065084334 386.654625261585 42 92 156
41.592572272726066 39.57626306765131 329.97899933732066 0 3 30
85.5402159899402 46.55268129445696 397.6387340260949 45 95 161
97.89627655409542 48.74316857388571 402.85890016667594 44 92 154
98.60028504341324 48.72574200724886 403.1269463575814 46 94 156
-272.69237738555086 39.38360512217346 320.04983360360126 0 3 0
-272.4193101030933 39.337807433884024 320.29877203001024 0 3 0
-272.1457725028492 39.291926449379936 320.54813972104677 0 3 0
-303.96111566428675 47.92698582750179 383.70012048638284 0 2 0
-195.3502064012857 40.05840614159127 327.603751339232 0 1 0
-194.9657810466379 40.018078745870596 327.82791868863006 0 1 0
-194.5808327791649 39.9776935883609 328.05239129140983 0 1 0
-194.19536104655415 39.93725064173973 328.2771694661472 0 1 0
-193.80936529402948 39.896749878638886 328.5022535328317 0 1 0
-193.4228449642945 39.85619127163574 328.72764381289727 0 1 0
-193.03579949747927 39.815574793245325 328.95334062925616 0 1 0
-192.64822833108482 39.77490041591123 329.1793443063298 0 1 0
-186.8079815701906 61.21117961926088 499.3992471804587 6 45 79
-166.1453281551941 60.607318100861995 489.12826825551207 12 51 85
-50.44408741866723 53.53913947110956 444.66174632297026 31 76 126
-47.2962953969324 53.05993865897573 431.0099909508602 31 76 126
-46.66206232700591 53.04425041472946 431.40505797507797 31 76 126
-27.397434533627898 40.18446286012674 330.62574869699847 77 123 143
-26.891667474868456 40.15511625865846 330.78655909836283 75 124 129
-26.385437211441964 40.125749747183086 330.94751590618085 74 123 128
-25.878742601697542 40.0963632745103 331.1086194815626 71 124 117
-22.417201920409603 37.34311704806249 311.3835340274213 135 197 172
-21.937673358411274 37.31208905940213 311.50939773497123 147 209 184
-20.789154708217165 37.60616032544718 316.024531373165 142 211 182
-20.302175082994754 37.57516132392187 316.15781363300164 145 214 185
-19.814806525289345 37.54414426534058 316.2912016094828 150 220 186
-19.327048066222286 37.513109098424096 316.4246955666493 148 218 184
-18.8388987334512 37.4820557714685 316.558295769511 143 213 177
-18.454792783928877 38.47443158195123 320.41259202798227 140 210 174
-17.9601338837411 38.44426082101747 320.55276866034063 136 207 168
-17.465062752088052 38.41407174113467 320.6930613284369 134 205 166
-16.969578361276856 38.38386428985523 320.833470322326 132 201 161
6.285910270876445 47.452583852786624 384.75476213413566 106 155 126
6.894512639539656 47.43135768502348 385.01295969973444 99 146 132
7.503929746896235 47.41011125736006 385.27150148193556 77 124 110
8.11416386037113 47.38884449921819 385.5303884411919 45 89 103
10.45116127973189 46.65729797788955 386.8192689910217 44 91 147
11.065654731547523 46.63499446550594 387.0805119162986 43 90 146
134.931129930545 51.51810394629462 423.77486364857623 0 6 16
135.703285839166 51.50419181863582 424.07843980218837 0 6 16
-277.475831338811 34.78717691570224 279.16840733843037 0 2 0
-277.2236418266206 34.7341528742807 279.324683760104 0 2 0
-275.18534141637224 36.31508568692709 292.01430535787784 0 2 0
-272.72090533338474 39.66055688864151 319.99266517321485 0 3 0
-217.9001323092266 45.71689220938448 367.5171462062641 0 2 0
-217.51783832493888 45.68340554168212 367.8537304043364 0 2 0
-217.1348479007412 45.649854635218134 368.1909284252491 0 2 0
-216.75115964053902 45.61623940104916 368.5287414914204 0 2 0
-216.36677214260186 45.58255975000346 368.86717083017635 0 2 0
-215.98168399949407 45.54881559267197 369.20621767381306 0 2 0
-215.59589379800403 45.51500683939941 369.5458832596594 0 2 0
-215.20940011907354 45.48113340027543 369.8861688301396 0 2 0
-214.8222015377269 45.44719518512591 370.22707563283745 0 2 0
-214.43429662299943 45.41319210350372 370.56860492055705 0 2 0
-187.28059824148866 61.700503154239236 500.3925178554153 4 45 78
-113.38729385005239 58.84854249114814 481.78274963467356 21 61 101
-59.942210258920916 58.23993466152728 465.2507658608143 30 74 122
-54.84813824575185 54.7788279501537 446.2856925134382 35 79 127
-54.20075022911657 54.76541751063396 446.72702660815924 33 77 125
-50.4988797668847 53.88729736250161 444.5429700674262 31 76 126
-47.3489507120179 53.39703058819983 430.90115025890043 31 76 126
-46.714935501983824 53.381660363219396 431.2960107788117 32 77 127
-28.45276569295158 40.50587831089491 330.25768120920327 73 116 139
-27.948017312870096 40.47670802081257 330.41815306742507 84 133 138
-27.442807708593357 40.44751808117498 330.578770684211 87 136 141
-26.937135746562184 40.41830844205365 330.7395344179994 82 133 124
-26.431000288681776 40.38907905305189 330.9004446286963 74 125 116
-24.23146408656551 38.07428793927997 315.05524738864386 108 162 146
-22.940188615350046 37.622794819043506 311.2202660002765 139 200 179
-22.46109634400656 37.59189264831536 311.3460048717779 148 215 189
-17.52031214580533 37.8689356985695 312.3847166319943 136 205 167
-17.037241583782492 37.838561494287866 312.5110632316803 132 201 163
-16.553799710102776 37.80817066313113 312.6375062216552 131 200 160
5.623951193119457 47.7749662002274 384.42132558571154 106 158 123
6.231596716586255 47.75397569016828 384.6790816590792 107 159 124
6.840054873807769 47.732965329915366 384.93718099693075 107 156 131
7.449327925128277 47.71193505011858 385.19562455654307 93 142 117
8.059418138385551 47.69088478093037 385.4544132984134 68 115 112
8.670327788908228 47.66981445200511 385.7135481862584 33 80 77
10.395331343015368 46.960955852433614 386.743153293795 37 84 138
17.254762344230308 46.5919679741283 367.88086550318064 48 96 158
44.62177974239775 53.206770106368694 429.7970933693295 0 5 13
71.2857066617693 53.17312903659128 419.97556974547194 50 97 166
124.53962186745078 56.81686849465001 446.71580552821814 43 87 146
-316.0933428448242 39.53080141647298 311.28862718081814 0 2 0
-303.7144779542404 48.53866080361076 383.9131256592215 0 2 0
-303.47881218264985 48.50763100793522 384.3624376256179 0 2 0
-233.03395899002106 64.44583303853523 518.5610032791052 0 1 12
-213.14550841954855 63.35132612981874 511.3339155529993 5 42 70
-212.66225716925922 63.35497785997052 512.1239905273478 4 41 69
-161.70149712893456 66.46123847384989 538.9783786828865 19 55 92
-140.47048114505918 59.353689955617874 476.3595515314695 19 55 92
-113.43033495041655 59.225506272594686 481.6249555228076 21 61 101
-48.034396603313354 53.74907399845273 430.3982998386506 37 80 131
-47.401711491037666 53.73403915217461 430.7922633349704 34 79 129
-46.767912702911275 53.7189867779869 431.1869182763977 35 80 130
-29.00221529414629 40.79767051580868 330.05049427227885 80 125 136
-28.498021770728712 40.768656279685686 330.21077422904784 94 139 150
-27.99336786073296 40.739622602318924 330.37119965809404 91 141 137
-26.982674356503814 40.681496726855336 330.69248836340864 79 133 117
-24.759540082907616 38.3565576751339 314.8836029809799 105 164 148
-17.5642958714262 38.11813961126137 312.34660287794844 135 206 165
-17.081296505398324 38.08787509694676 312.4729194943236 131 202 161
-16.597925499448802 38.057594069602324 312.59933257232296 129 200 159
5.569803012642597 48.076100115205875 384.3457595812493 110 166 127
6.177305802096748 48.0553249721022 384.60341812203797 112 168 129
6.785621384170063 48.03453031801523 384.8614199341166 114 165 135
13.019353183256385 46.71964415958984 364.09615288501135 44 90 151
17.202505588097274 46.879852155459325 367.81439896829687 53 97 156
61.6885834798727 49.200144847452215 389.8584884395538 50 95 161
71.93394016526088 53.48574423929544 420.19492561946834 49 96 163
95.40882328713126 49.042904509800245 401.5014367404029 44 90 153
134.00263207785247 52.189070441604514 423.28302797413926 0 6 29
-288.1222366665669 36.534281661436914 287.1155763036001 0 2 0
-289.3191065690701 36.9979194626959 291.88156222814365 0 2 0
-289.0825943580526 36.94675530465076 292.0731211148268 0 2 0
-288.8457494129953 36.89551936138089 292.2649494877454 0 2 0
-185.74546642700102 48.41909818548112 371.0470858193814 0 2 0
-185.31700742897502 48.391341472025076 371.37183621376505 0 2 0
-184.88783101283508 48.36353750353796 371.69713053187013 0 2 0
-184.45793578733262 48.3356862394676 372.0229698181865 0 2 0
-184.02732035365935 48.30778763891706 372.3493551229065 0 2 0
-183.59598330538037 48.279841660637146 372.67628750197247 0 2 0
-183.16392322836782 48.251848263019745 373.0037680171313 0 2 0
-182.73113870073456 48.22380740409053 373.3317977359816 0 2 0
-227.70838270331734 67.53489602536531 520.9513067643278 3 39 63
-225.18506664127443 65.5819967520793 520.0413675883481 6 42 68
-182.1271777776661 63.40576301339104 495.6307312593254 5 46 81
-48.08704843272093 54.085683420459105 430.2895705517849 33 76 127
-47.45457819023488 54.07096563925755 430.6833296056775 31 76 126
-29.55109262705 41.08916790324489 329.84352198532525 82 125 146
-29.047452219543022 41.060309327300416 330.00361063071483 105 152 151
-28.543352257320294 41.03143151700256 330.16384446406073 107 154 153
-16.40308159766585 39.60278043324074 312.57859225647553 129 198 158
-15.91883763333438 39.57412473729793 312.7049557433212 127 196 156
5.515675193388916 48.37719290757163 384.2702093102646 108 164 123
6.12303687788694 48.356633033122876 384.52777101688787 108 164 123
6.731211517755293 48.33605398648362 384.7856760033058 113 165 130
22.527009099244538 62.044395643075745 482.4470567774208 47 89 147
19.791734332642214 51.62284554377305 416.9919804420298 39 81 139
20.462595952967227 51.60629216434501 417.3192479688858 28 67 114
21.134523402388297 51.589721288851884 417.64703368812786 8 47 94
133.92445495257098 52.51749047774056 423.1889165713078 0 5 28
-232.03130101051974 66.28631477546158 516.5457475073483 0 1 12
-231.13320715985716 66.30813674174793 518.212645520526 0 18 41
-48.13980806025491 54.42221220852851 430.1807929735315 32 75 126
-47.507551265324636 54.407811332786395 430.5743484990913 31 76 126
-30.099401959884258 41.38037214491099 329.636762813254 77 125 135
-29.092765194083167 41.32294650567387 329.9567035573841 113 161 153
-25.687052415283137 40.93610300276259 312.12433942876095 91 144 122
-25.20682604661167 40.90833205519694 312.25218929256306 100 156 139
-16.929756065548876 39.879697536045406 312.41336028574534 127 198 157
-16.445957827102102 39.85116640102798 312.53959635387787 123 194 153
-15.961788472145344 39.822620307320534 312.6659284725983 122 193 152
4.114683636974241 46.86315876569264 366.6424631761396 108 166 123
4.693202654279965 46.841057106629876 366.8632518188711 106 164 121
5.364974249963396 47.703083934835576 374.9022334442674 106 164 123
6.2079379885543275 49.32610096885289 380.58837735269697 104 162 121
6.810221665356464 49.30684712295059 380.83771273874703 103 161 120
7.285962900054896 48.58289572009175 383.0557720343483 107 165 124
8.500093432985361 48.542142109406136 383.5647580780826 96 147 119
9.108370479978749 48.52173718182253 383.81975690575194 65 112 109
9.717458365961122 48.501313415900555 384.07509418703046 22 69 66
26.17135877540415 48.166707274472714 383.60364236991745 0 6 16
37.36294191784683 54.33224125252943 426.04467242529347 0 5 9
53.86654059411523 53.96999822700049 415.7840649365782 0 3 8
54.562640360946986 53.95757305006478 416.0953915779623 0 3 8
64.6690842619252 51.47431865595714 392.1156015679409 51 96 162
186.09025130751778 75.7969821887674 590.2632995421653 0 1 27
-278.54224494709143 35.99178008466406 278.3130647509377 0 2 0
-260.8301008604426 40.530466865202655 310.70859055296125 0 2 0
-259.0905505970293 41.29409700222521 311.26930490260054 0 2 0
-258.79782212078305 41.251767077314035 311.4891396130719 0 2 0
-189.20093681076455 49.23708908749414 368.3081150346078 0 2 0
-188.77853550374567 49.21024988972627 368.62816804077664 0 2 0
-188.35542822622506 49.18336457327351 368.94875621429566 0 2 0
-187.93161364294522 49.156433102443046 369.2698805569687 0 2 0
-187.50709041160832 49.12945544126537 369.59154207589916 0 2 0
-187.08185718280927 49.10243155348721 369.9137417835416 0 2 0
-186.655912599971 49.075361402564646 370.2364806977527 0 2 0
-186.22925529927744 49.04824495165597 370.55975984184 0 2 0
-185.80188390960785 49.021082163614714 370.88358024461365 0 2 0
-185.37379705247105 48.99387300098285 371.2079429404381 0 2 0
-184.94499334193853 48.9666174259835 371.53284896928056 0 2 0
-184.51547138457872 48.93931540051406 371.8582993767636 0 2 0
-184.08522977939023 48.911966886139226 372.1842952142155 0 2 0
-183.65426711773614 48.88457184408407 372.5108375387204 0 2 0
-183.22258198327697 48.85713023522674 372.83792741316984 0 2 0
-182.79017295190442 48.829642020091775 373.1655659063135 0 2 0
-182.35703859167535 48.802107158842986 373.4937540928104 0 2 0
-181.9231774627442 48.77452561127644 373.82249305327963 0 2 0
-181.488588117297 48.74689733681347 374.151783874351 0 2 0
-181.05326909948502 48.719222294493704 374.48162764871716 0 2 0
-25.72839581527665 41.18366814186847 312.0848675176558 97 149 131
-16.972604339834454 40.127980330144624 312.374383154502 128 199 158
-16.488879816940862 40.09955865407634 312.50058809797605 128 197 157
-16.004783863830255 40.07112213524713 312.6268891586872 128 197 157
2.9088445532038065 47.19471954876602 366.1359486671463 109 167 124
3.4858599797192835 47.17284020354442 366.3561367264922 110 168 125
4.022599589556609 46.782222747410536 364.51226865331375 110 168 125
4.641964995371877 47.12902725937334 366.79730038399595 109 167 124
6.757288222080524 49.60446948726696 380.7635734128972 106 162 121
7.3602199459695274 49.585407322402695 381.0131395941529 106 162 121
7.8384237784653665 48.86282173374967 383.23518775096136 112 164 131
8.44575623933435 48.84264863483838 383.48975559901066 106 158 125
9.053897472475771 48.82245709825405 383.74466097633876 84 133 118
10.272615227333578 48.78201844335295 384.2554880742858 11 55 73
64.60768704516965 51.77845429449515 392.03607884932825 48 95 160
-300.31052341707664 51.29924165949294 383.6363050706034 0 2 0
-245.6705870306257 44.122731689565114 330.1667204573124 0 3 0
-160.64730194294606 66.40050066581152 496.61831804512633 16 55 89
-153.29688612315303 65.2549880266116 500.3865477089684 16 52 89
-84.82327683738222 61.974505680966836 473.92180539867127 26 68 112
-84.61283184945697 61.456320688529566 476.12848872712726 26 68 112
-83.77529265384806 63.48246646778191 477.70749001454743 26 68 112
-82.81797071459276 61.26545741371776 474.6061443136965 28 70 114
-77.89204101747958 62.10455940883874 461.8189437387133 27 69 113
-72.84823095953863 59.868248420793094 460.2820709808466 24 68 116
-30.097242476833124 42.255708238632785 324.8305948861486 96 143 160
-29.819392347098418 41.850209648792614 326.2590824867897 113 164 157
-29.320926922339037 41.8219550153073 326.4128004055795 111 162 155
-26.249506112736455 41.458776355101165 311.91769143352246 92 146 128
-25.769807704147436 41.43123934762221 312.04537712088666 114 168 150
-15.065234607996953 40.515405119448005 313.29830749718263 124 193 153
-8.273492923065959 41.80454134524339 322.233282162161 120 183 138
-7.771002532281999 41.77768911288763 322.37404431815037 120 183 138
-7.268085129661285 41.75082134755708 322.51492519235006 120 183 138
-6.764739650991057 41.72393800013432 322.6559250819191 119 182 137
-6.260965028906386 41.697039021111124 322.7970442849271 119 182 137
-5.403810618365462 42.79081516286935 319.00432408702477 119 182 137
-4.904610613195873 42.76550230660584 319.13877492186066 118 181 136
-4.561865744901734 43.20863396142075 325.74961939302716 122 182 138
1.7062513659775382 47.525440592092416 365.630789039843 115 173 130
2.2817711878898734 47.503782170365255 365.85037973973635 110 168 125
2.857978346234889 47.4821060738934 366.07023136510725 111 169 126
3.434874666450272 47.460412242368555 366.29034461109467 110 168 125
4.012461979682087 47.43870061502437 366.5107201750545 109 167 124
4.590742122774593 47.416971130636234 366.73135875655646 108 166 123
6.10237075804588 49.920892566091716 380.4403010267943 104 162 119
6.704377675058311 49.90205493756877 380.6894499437215 104 162 121
7.307171990597582 49.88320115912499 380.9389232381243 106 164 123
7.9107558657866015 49.864331171876096 381.188721802871 110 163 125
8.515131468731257 49.84544491646947 381.43884653376364 112 165 127
8.99945265809563 49.12314023249479 383.6695831243569 103 153 130
10.050807357999808 51.683229762132385 384.6277981794621 64 114 91
27.66249541811042 51.37118327994534 382.35344955024453 0 4 8
28.282303612218104 51.35495812812526 382.5992551160592 0 4 8
37.042434455949824 53.02753912304387 408.14382205810165 0 4 4
-192.6064916984917 50.04324855297489 365.60871273584564 0 2 0
-192.1900538522179 50.017311161067525 365.9241417139825 0 2 0
-191.77292105874156 49.99132873132199 366.24009743035987 0 2 0
-191.35509203467626 49.965301232258206 366.5565808472929 0 2 0
-190.93656549011033 49.939228632187294 366.8735929320004 0 2 0
-190.5173401285405 49.91311089920435 367.1911346566541 0 2 0
-190.09741464680755 49.88694800118178 367.50920699842925 0 2 0
-189.67678773503002 49.86073990576219 367.82781093955464 0 2 0
-189.2554580765391 49.83448658035133 368.1469474673616 0 2 0
-188.83342434781255 49.80818799211139 368.46661757433685 0 2 0
-188.41068521840958 49.781844107953795 368.78682225817016 0 2 0
-187.9872393509047 49.75545489453234 369.1075625218064 0 2 0
-187.56308540082222 49.729020318236316 369.4288393734956 0 2 0
-187.13822201657032 49.70254034518327 369.75065382684335 0 2 0
-186.7126478393744 49.676014941212316 370.07300690086083 0 2 0
-186.28636150321245 49.64944407187704 370.3958996200167 0 2 0
-185.85936163474756 49.622827702438435 370.71933301428584 0 2 0
-185.43164685326286 49.59616579785807 371.0433081192013 0 2 0
-185.0032157705952 49.56945832279106 371.36782597590525 0 2 0
-184.57406699106824 49.54270524157908 371.6928876311989 0 2 0
-184.1441991114266 49.51590651824327 372.01849413759294 0 2 0
-183.71361072077016 49.489062116477555 372.34464655335984 0 2 0
-183.28230040048652 49.46217199964139 372.6713459425835 0 2 0
-182.8502667241854 49.435236130752806 372.99859337520996 0 2 0
-182.41750825763145 49.408254472481666 373.32638992709974 0 2 0
-181.9840235586787 49.38122698714239 373.65473668007763 0 2 0
-181.54981117720317 49.35415363668729 373.98363472198355 0 2 0
-181.11486965503605 49.327034382699175 374.3130851467245 0 2 0
-227.0563386642842 68.80105940055341 520.3279697351471 1 38 66
-208.57023085822945 67.70158126987465 512.4063355215527 5 42 72
-165.10415701497493 67.94958735436349 505.0765689512754 15 54 88
-164.49339737422574 68.60797180148509 506.0448269039812 15 54 88
-163.92372131829373 68.62154336188632 506.765677821264 15 54 88
-77.18075804296603 61.89273964792855 457.2319223498228 27 69 113
-72.89805473250779 60.22626260263608 460.1473295188732 25 71 116
-58.4320085321778 73.60121384366553 541.6255171329096 31 76 126
-30.636930089718767 42.541258993211216 324.6344760200671 85 133 143
-26.29090651965909 41.706244805034814 311.8782159404624 102 159 136
-7.3125092428896 42.006279690179554 322.47121846318066 121 184 139
-6.809240523555581 41.97951834050478 322.61218228583317 120 183 138
-6.305542354997538 41.95274149762869 322.7532654884762 120 183 138
-5.446484964776727 43.04236385312877 318.961318686046 120 183 138
-4.947365727433302 43.01716755697767 319.0957335553557 120 183 138
1.6556305861867797 47.812432218817975 365.5652279381462 116 174 131
2.231032384643744 47.790958706230576 365.7847443293034 117 175 132
2.8071217395273185 47.76946778566514 366.0045216852598 116 174 131
3.383900476754275 47.74795939732731 366.22456070125025 111 169 126
3.961370427939316 47.72643348096424 366.4448620747238 109 167 124
4.539533430386063 47.704889975864546 366.6654265053388 108 166 123
36.981489420309465 53.34477041730003 408.0548658873876 0 3 1
41.01495679231187 53.25957204208318 409.85987516729955 0 4 2
54.0285145414522 52.615465486583645 387.8505405675823 0 4 10
68.56434822408633 58.830233155389834 448.18070094603456 47 86 135
69.33108707458734 58.824306828319955 448.5661536189662 53 97 154
-302.69964467069207 52.18338222706179 379.00675709259184 0 2 0
-301.506444540592 52.060629965520775 381.1909948296396 0 2 0
-301.2660450146091 52.035878331560575 381.6310713574217 0 2 0
-301.02505447654823 52.01105909902977 382.0722325013118 0 1 0
-300.7834709810396 51.98617203699223 382.5144818348012 0 1 0
-300.5412925768102 51.96121691432494 382.95782294202263 0 1 0
-300.2985173066265 51.9361934997115 383.4022594178487 0 1 0
-300.0551432072406 51.91110156163724 383.84779486799306 0 2 0
-216.73183861682924 65.5559825463981 482.71767954485125 0 3 11
-187.1863592197841 72.35021445540237 532.8408968203098 10 49 83
-186.63553542173005 72.37427318078387 533.6847862911395 10 49 83
-186.8576901735673 73.28420290716276 537.0800997326218 12 51 85
-184.66637209127455 71.69508555046234 532.6702397418854 12 51 85
-184.11118356517812 71.71738355382475 533.5103657255413 10 49 83
-165.1269098601787 68.34069928181228 504.88637511329443 14 53 89
-131.63033128008806 63.96359920586365 482.7811271289617 17 56 92
-77.2268194831458 62.24673712883058 457.0987134166082 28 70 114
-5.489175144238961 43.293913703390025 318.91830896804095 123 183 139
-5.159218155129617 43.74743210530742 325.51226616637155 121 181 137
2.088812178972513 42.419942603340175 312.8021326422346 116 174 131
2.5814096739622228 42.3946412464827 312.92461733296744 115 173 130
36.9206540645733 53.661948593561 407.96596871005437 0 4 2
37.59020416147638 53.64803047202968 408.26555392687146 0 4 2
38.26076521405763 53.63409992524075 408.5655898110949 0 4 2
50.838321587181696 55.30299300236443 414.1722493710745 0 4 2
51.52944538642685 55.29163995262323 414.4811525871974 0 4 2
69.25814329513788 59.170125688924536 448.4525865458905 46 90 145
72.76039234763239 51.78475453407868 390.0181869992027 47 94 161
167.5504020218235 71.44209040640177 520.1921487185103 0 6 13
-267.64762746357235 38.66223909900627 281.6834000981903 0 2 0
-191.82630723708357 50.585268643034276 366.0804731028409 0 2 0
-191.40884244224853 50.55977660308024 366.3965771545963 0 2 0
-190.9906806980197 50.53424027042537 366.71320928559754 0 2 0
-190.5718207057233 50.508659615433935 367.0303704691761 0 2 0
-190.15226116001864 50.48303460825921 367.3480616836705 0 2 0
-189.73200074883445 50.45736521883683 367.6662839124785 0 2 0
-189.31103815330164 50.43165141687769 367.9850381441058 0 2 0
-188.889372047688 50.40589317186102 368.30432537221657 0 2 0
-188.46700109933371 50.380090453027584 368.6241465956849 0 2 0
-188.04392396858353 50.354243229372365 368.9445028186426 0 2 0
-187.62013930872357 50.32835146963817 369.2653950505334 0 2 0
-187.19564576591273 50.302415142308206 369.5868243061596 0 2 0
-186.77044197911925 50.276434215599274 369.9087916057348 0 2 0
-186.34452658005307 50.250408657454976 370.2312979749337 0 2 0
-185.91789819310068 50.22433843553857 370.55434444494324 0 2 0
-185.49055543525847 50.198223517226005 370.8779320525127 0 2 0
-185.06249691606718 50.1720638695992 371.2020618400041 0 2 0
-216.73795610569567 65.93442137352605 482.53536105513297 0 2 9
-218.77741263266256 70.18388409078432 516.8954694117757 2 42 71
-185.48441683723235 67.47647397596063 497.5378951646638 8 49 82
-77.23845562148207 61.85470258683353 456.0698145617317 28 70 114
-77.01813615228319 62.70923278621997 463.38992319815685 25 67 111
-75.07476416885847 62.70542174998878 464.9120603928689 22 66 112
-74.42425534619353 62.704165003613106 465.4215631203601 25 69 115
-5.531881635807414 43.54546578556183 318.8752946716129 125 185 141
-5.032920063999106 43.52050249756237 319.00963864158274 127 187 143
-4.533548825729399 43.495526123058816 319.1440919766244 124 184 140
2.3512659573833927 46.829859635830005 336.7420268779099 115 173 130
2.539094031324103 42.64150516979516 312.88433749299696 114 172 129
3.032003434730104 42.61629903294063 313.00688620994185 114 172 129
3.525295428789124 42.591080566010874 313.1295291677453 114 172 129
4.018970960855887 42.565849723733955 313.2522666015564 109 167 124
199.2150348813773 83.39958134507768 619.7036556098985 0 6 13
-321.4093979060514 44.751729890753744 321.8669544008561 0 2 0
-313.1294630124572 52.27277174895013 370.5511687376164 0 3 0
-312.9169245105309 52.24798523380574 370.9696349225714 0 4 0
-312.70386943074845 52.223132355562456 371.389120743542 0 4 0
-301.2537201650261 52.66908740643835 381.39909751471293 0 2 0
-301.0129811114707 52.64506196475514 381.8394902265684 0 2 0
-206.276241858848 42.054586246143536 303.5387886280697 0 2 0
-231.05562586266117 72.22393416139467 514.9176051476177 0 2 9
-185.50162322007412 67.86367044905504 497.3488084045337 8 49 82
-188.00043287777123 70.09819046486457 510.9530353623722 6 47 80
-186.53536926836549 69.96852233146716 513.4915700933823 6 47 80
-104.11678691331252 66.12143816527399 478.9485608861775 25 65 105
-77.77784165752458 62.90061726176845 459.12878542649446 28 70 114
-77.7108126662009 63.06912289359045 462.7465399411328 27 69 113
-77.06598448919958 63.06823458821749 463.251492827237 25 67 111
-5.075720248462697 43.77217433193954 318.96658457041923 128 188 144
-3.0078018663392854 50.89557769180364 372.87705631954816 121 181 137
1.7761640985543548 47.115213256725355 336.5266196193098 116 174 131
2.306441403090737 47.093693219138466 336.690027153112 116 174 131
2.496782618514228 42.88837447322281 312.8440580164776 115 173 130
2.9896238681472274 42.863275920136054 312.9665771275884 111 169 126
3.4828480043794623 42.83816515433486 313.0891905370234 115 173 130
3.9764559748814654 42.813042130658694 313.2118984799946 108 166 123
66.7420924119446 53.281047980060826 387.0690295507193 53 100 165
203.2762074323146 87.36920818760473 628.3699754319867 0 6 13
-265.69782009140334 46.41853242754208 326.714597042596 0 4 0
-265.408272142149 46.383318030182345 326.976592667153 0 3 0
-265.11821259809307 46.34803549163964 327.23905213147134 0 4 0
-255.65836777098107 46.250865565517024 322.7908080629069 0 3 0
-255.3540788202146 46.215878328425816 323.03700806534493 0 4 0
-255.0492788691781 46.18082632110732 323.28362237494554 0 3 0
-248.38429429740714 45.17045433028496 315.51453303358926 0 2 0
-248.07242365951635 45.13403405738366 315.73882546493957 0 2 0
-247.44720983530425 45.061003823494254 316.1884714854432 0 1 0
-244.63195603931968 44.57087559513571 315.685500824908 0 2 0
-245.5597277253412 44.84038743418739 317.5459422775434 0 2 0
-190.2081648061381 51.07889247344319 367.18617507301553 0 2 0
-189.7882709759619 51.05376154509748 367.5040155790076 0 2 0
-189.36767551215945 51.028587021087155 367.82238751274593 0 2 0
-188.94637708672803 51.003368873203314 368.14129186911975 0 2 0
-188.5243743647267 50.978107073010534 368.46072964823253 0 2 0
-191.17323904729662 70.39076759906767 506.2216480804572 11 47 82
-147.57168613933013 68.593748042623 497.254393886051 17 53 90
-116.1877843058268 66.00026048756796 463.4799161829648 21 62 99
-77.82493878633362 63.256266508184595 458.9934357304276 28 70 114
-77.11399605424499 63.42712055544985 463.11296727339794 27 69 113
-76.46807963465031 63.42663596903381 463.6186583608819 26 70 114
-1.9656813996212785 47.52821087847772 335.33549178526533 120 180 136
-1.4390293379898418 47.50691791006493 335.49777053124 120 180 136
-0.9118766310135756 47.485612599279754 335.6602023909878 118 178 134
-0.3842220344788673 47.46429490436656 335.82278774664536 121 179 136
0.1439356993951701 47.44296478318685 335.98552698148376 118 176 133
0.6725978219401153 47.42162219321909 336.1484204799026 118 176 133
1.2017655880206244 47.400267091559144 336.3114686274253 117 175 132
1.7314402560164937 47.37889943492078 336.47467181069374 117 175 132
2.2616230878060004 47.35751917963545 336.63803041746183 116 174 131
2.4544749402659827 43.135250219691734 312.8037786540899 115 173 130
2.947249323523975 43.11025921275446 312.9262684760125 115 173 130
3.440406891103715 43.08525611013244 313.04885265419597 116 174 131
3.9339485909780447 43.06024086677607 313.1715314239116 111 169 126
11.697056052857032 53.54977444877851 385.7351946544314 28 69 73
12.052148128322186 52.81174173846763 370.7776467391489 0 31 35
26.308990446034507 56.6272660090025 399.36566614665645 0 5 4
-312.80180551189596 52.79160029557965 365.3670417775071 1 2 0
-312.58959613363487 52.767465756884135 365.77011247602616 1 2 0
-255.37803737570988 46.487559246609656 322.97928538386395 0 3 0
-255.0733863881478 46.45274478954683 323.225747742747 0 4 0
-254.76822380636068 46.417865765680105 323.47262485061935 0 3 0
-207.83378005957277 43.86602269241484 301.90318311603835 0 2 0
-207.4773875148985 43.82968486854053 302.07631213040867 0 2 0
-207.1205578844561 43.79329727190631 302.24965393515447 0 2 0
-206.76329087781158 43.75685988852586 302.42320866997375 0 2 0
-206.4055862055221 43.72037270489466 302.59697647404965 0 2 0
-206.04744357908993 43.68383570798311 302.7709574860732 0 2 0
-205.32984331424268 43.610612224533156 303.1195596864014 0 2 0
-204.9703851031265 43.57392571424771 303.2941811498348 0 2 0
-230.14212729542632 73.07107970959552 516.1347676126145 0 2 28
-160.79055907794748 71.21387985618277 508.6557467784048 18 54 89
-116.22326945016968 66.35837338080998 463.33552661651294 22 61 99
-113.10167213562924 66.37705908809116 465.6160100512165 22 60 101
-26.574495922589847 45.72763908844434 316.8431614109896 148 205 182
-20.53773566329933 43.0728022109322 312.08984778491316 131 204 171
-20.05544693007329 43.04638655903081 312.21653682688157 131 204 171
-19.572787981781925 43.019957976001464 312.3433222546059 127 201 161
-19.089757913128587 42.99351642520001 312.47020430437124 128 202 162
-2.5357998952251313 47.81205969921439 335.1218100097132 123 183 139
-2.009742325805872 47.79091736869755 335.2838871207368 118 178 134
-1.4831851020185927 47.76976291108493 335.44611701464504 120 180 136
-0.9561269827638017 47.74859628526324 335.60850007254 120 180 136
-0.4285667233659405 47.72741744973471 335.7710366766607 119 177 134
0.0994969244101459 47.70622636261732 335.9337272103777 118 176 133
0.6280652123408397 47.68502298164513 336.096572058188 119 177 134
2.2168104875877086 47.62133864718564 336.5860363479357 116 174 131
2.4121705019341317 43.38213346950422 312.76349915698466 117 175 132
11.644023421644572 53.84975186522543 385.65738511870615 44 87 83
-255.40220484061098 46.759200385562146 322.92140276473276 0 3 0
-255.09770310465913 46.724623444362514 323.1677129493881 0 3 0
-246.5625364178693 45.48543768133741 316.7614295675941 0 1 0
-246.24801027051794 45.449077181657 316.98758743966755 0 1 0
-245.9329892410812 45.4126533755891 317.21410188394384 0 1 0
-245.61747249794385 45.3761661525213 317.4409735001233 0 1 0
-245.30145921090997 45.339615402456175 317.6682028868333 0 2 0
-244.98494855116792 45.30300101600684 317.8957906416503 0 2 0
-205.33078368747317 74.8817900164492 517.6256438152567 3 43 72
-204.82581527728732 74.91035549972206 518.4337146421444 5 45 74
-200.97147929052926 73.72022187053571 510.7406938462227 5 45 74
-185.35609017874847 68.2445493005061 480.3981229027416 8 45 77
-125.5356171937572 70.0962862728594 493.10167745970034 21 62 99
-113.13864497414734 66.7367768145762 465.46999231836514 21 61 101
-27.588148127010022 46.02467118262224 316.5280009400346 128 186 158
-27.101488597640383 46.00095912753988 316.6639338471796 142 200 172
-26.614440997281648 45.9772355694978 316.79997419164886 152 209 186
-22.9714213902331 45.00789734997748 314.0699206570766 190 241 232
-22.287093478540243 44.69535214344082 311.6099502295236 142 207 194
-21.805722028529754 44.67060959422517 311.7362042569723 138 203 190
-21.32398525076418 44.64585564301631 311.8625531974703 139 210 188
-2.5797729861997767 48.07462288068251 335.070252772542 126 189 144
-2.0538091316467697 48.053618844682944 335.23228140243026 120 183 138
-1.52734537053194 48.03260285513353 335.39446286613315 120 180 136
-1.0003804612966767 48.01157487117938 335.5567975448535 121 181 137
-0.47291315881511364 47.990534851580016 335.7192858209288 120 180 136
0.055057785589433236 47.96948275470952 335.88192807782593 118 178 134
0.583533624126529 47.94841853855696 336.044724700136 117 177 133
11.591025869591398 54.14969506140715 385.57959654417516 59 103 92
12.205531185916918 54.135353411972616 385.83823657938626 7 51 40
33.0858554551071 46.05774968701735 317.67858832236516 0 4 2
169.32855274448175 75.63423495403299 526.0439426885529 0 5 17
188.75797085008557 85.18344302688661 582.8897404602139 0 5 17
-327.1366461868912 49.39718894595848 336.1921486010636 0 2 0
-255.42658099698735 47.03080185693606 322.86336036479395 0 3 0
-254.81736579790427 46.96205904681139 323.35608996692014 0 4 0
-208.25735491560314 44.40621703732939 301.6532864931512 0 2 0
-207.9016857718215 44.37026027515825 301.8260368033013 0 2 0
-207.5455801663757 44.334254019402884 301.9989995815027 0 2 0
-207.18903780465422 44.298198255620456 302.17217496948695 0 2 0
-206.83205839306828 44.26209296986266 302.3455631084527 0 2 0
-206.47464163900574 44.22593814866886 302.51916413909015 0 2 0
-206.11678725078505 44.189733779059395 302.6929782016031 0 2 0
-205.75849493760688 44.15347984852872 302.86700543573306 0 2 0
-205.39976440950676 44.1171763450383 303.0412459807811 0 2 0
-205.04059537730834 44.08082325700998 303.21569997563296 0 2 0
-204.6809875525747 44.04442057331872 303.3903675587806 0 2 0
-204.32094064756046 44.00796828328557 303.56524886834694 0 2 0
-205.07299101240437 72.08865586517435 503.6983160564586 5 45 74
-202.083487020599 72.0919718579346 504.3781713385695 6 46 75
-200.1646691535953 72.96371985231896 509.99240141611847 9 46 76
-200.16496679906666 75.39260230628275 513.182803784149 9 46 76
-192.1202854841399 72.74374349864341 496.59032350553946 8 45 77
-185.37318041054522 68.61826776024377 480.22450322337227 7 44 76
-164.7423217236798 72.30066354642275 498.69977419244304 10 49 83
-164.17919834632468 72.32008880447499 499.39593340371044 12 51 85
-127.74144756586624 71.56770900349338 492.9234408458186 20 59 97
-126.14775196102485 71.17700413747717 489.86214084882124 21 60 98
-126.18675584385241 70.4616710934371 492.29157791627637 19 58 96
-27.32625740377201 45.09923281745876 316.48610583814974 148 209 180
-26.8399878301649 45.074223535826114 316.6219835571269 156 213 190
-22.80827624109981 44.966016850853926 311.4433370586179 178 231 222
-22.32734733731121 44.9413941687261 311.5694630998489 141 208 194
-21.846053695108274 44.916760231810095 311.6956838852142 142 209 195
-21.36439443601653 44.892115010381 311.8219996432268 137 210 185
-2.6237538288872737 48.337182198259214 335.01869374813066 126 189 144
-2.0978823191518026 48.31631641615166 335.1806743168889 122 185 140
-1.5715106481118053 48.295438853677865 335.342807771214 122 182 138
-1.0446375737621123 48.27454947024086 335.505094492407 123 183 139
-0.5172618505381686 48.25364822485688 335.6675348629005 123 183 139
0.010617770666288079 48.23273507615563 335.83012926625406 121 181 137
-258.4653348222532 47.63991759945218 320.36768128821865 0 4 0
-258.16618198476857 47.60644379767697 320.60959409753514 0 3 0
-256.6628907810062 47.43813889561195 321.8252582838917 0 4 0
-256.360720157412 47.404289784788716 322.0696168175521 0 3 0
-255.45116562557686 47.3023637709446 322.80515834215123 0 3 0
-255.14696325646102 47.268261762536945 323.0511635078425 0 3 0
-254.842250474934 47.23409619868871 323.29758234149966 0 4 0
-254.53702629258876 47.19986694814014 323.54441564535045 0 3 0
-254.23128972196994 47.16557388020463 323.79166422078777 0 4 0
-212.60742358760544 74.91269708669914 514.2281970400093 2 42 73
-213.2078747848772 75.20177588936508 517.6131479053788 2 42 73
-192.13069953682162 73.1264125308876 496.40078192362506 12 47 78
-194.04150355422422 74.60798604696134 509.6534533576518 10 45 78
-166.54824061350047 72.19749948532078 500.93006506190443 12 51 85
-159.8959844769732 71.40497993044212 486.46454897793984 12 51 85
-130.3236528446366 72.94732067841366 493.9669116320788 20 61 98
-127.02096911005376 69.38577486911278 482.97349545468734 20 61 98
-125.03676746063717 69.39054971692963 481.5033838938656 19 60 97
-115.34262258489164 68.05100024688964 473.4399077195069 21 62 99
-28.946090365077424 45.34650240147601 316.96151676414354 99 155 126
-22.367662470758546 45.18744752770169 311.52895888757627 140 203 188
-21.886445455851916 45.16292218915684 311.65514673474604 141 204 189
-21.404862532373496 45.138385683243534 311.78142961485514 136 205 178
-2.667742922051864 48.59973875679046 334.9671326247126 126 189 144
-2.1419623896566296 48.579011189700736 335.1290655513126 123 186 141
-1.615681438659439 48.55827201506236 335.29115141605826 122 185 140
-1.0888988266199622 48.537521192535586 335.4533906003439 122 185 140
-0.561613307547175 48.51675868139287 335.61578348669434 121 184 139
-0.03382363191715826 48.495984440518995 335.7783304587576 119 182 137
184.769062306992 86.41177406798758 582.3898055401239 0 4 40
-314.543142198826 54.278384547341524 367.0011590216923 2 3 0
-261.1573707356829 48.20548047161173 318.1530570795612 0 3 0
-260.86281950493924 48.17279135936019 318.39121029631184 0 3 0
-260.56777725905243 48.14004163018884 318.6297613857786 0 3 0
-260.27224298604983 48.10723114165152 318.8687111704644 0 3 0
-259.97621567541313 48.07435975193463 319.1080604716315 0 4 0
-258.4886482882146 47.90908436612645 320.3108283843491 0 3 0
-258.1896416091835 47.875844626339905 320.55259196381013 0 4 0
-257.89013485751695 47.84254301017121 320.7947607754641 0 3 0
-256.6870871470378 47.70871505383131 321.7675045691427 0 4 0
-256.38506505954206 47.67510201516113 322.0117117015789 0 4 0
-256.0825369185512 47.64142628808916 322.2563289230335 0 3 0
-255.47595850578813 47.57388623635754 322.7467968561681 0 3 0
-207.61475816007558 44.838818971395824 301.9212176454071 0 2 0
-207.2585037748743 44.80309531529648 302.0942262547734 0 2 0
-206.9018126611187 44.76732240311698 302.2674474383256 0 2 0
-206.54468452298008 44.73150022143574 302.440881338285 0 2 0
-206.18711906554398 44.69562875731797 302.6145280963916 0 2 0
-205.82911599476466 44.6597079983092 302.7883878539302 0 2 0
-205.47067501741728 44.62373793242808 302.96246075175173 0 2 0
-205.11179584104977 44.58771854815961 303.13674693029714 0 2 0
-203.62052925280997 73.67612934253661 502.2264803130609 3 43 74
-201.83272172689556 74.78585071143281 506.2294396724654 6 46 75
-201.329309375334 74.81226963263946 506.9915540419102 6 46 75
-180.2203933268625 74.3602071439105 507.59671557963577 7 48 83
-158.60518941898565 71.27469819490913 475.87915997012925 13 52 86
-26.880097828879634 46.56866322114316 313.1843916436536 146 207 178
-22.408039276147584 45.43351321345504 311.4884373691932 138 203 188
-21.926897710414163 45.4090964609767 311.61459258124484 137 202 187
-21.44538994187154 45.38466865793547 311.7408428872234 135 207 179
-1.6598582454032709 48.82110344450412 335.2394934874955 122 185 140
-1.1331647256482593 48.80049114502216 335.4016855544697 121 184 139
-0.605968038163272 48.77986732988421 335.56403137709333 121 184 139
-0.0782669330183886 48.75923195822957 335.7265313391009 121 184 139
12.592787343947712 55.05353044584107 377.59438727849937 0 34 34
154.95595929843626 76.50010333710443 517.8285053307694 42 86 145
153.84234097130414 74.34206352939356 511.9645700569534 40 84 143
-283.08594300334335 42.546786844611546 285.59557095081703 0 2 0
-282.8376512290489 42.50270555793802 285.7691434619361 0 2 0
-260.59028189985565 48.40754050402757 318.5737874215084 0 3 0
-260.294891285887 48.37496171248437 318.8125902948209 0 4 0
-259.9990080331368 48.342322352019174 319.0517923210707 0 3 0
-256.71149039313343 47.97925199402836 321.709592445456 0 4 0
-256.40961712918255 47.94587499632636 321.9536479532476 0 3 0
-226.33750035128065 77.4026725569112 522.4814272113744 4 39 68
-201.83936220142033 75.17527090691178 506.02689350797874 5 47 75
-158.82096614710412 72.18912113271125 487.4160809339661 12 51 85
-158.25836670385644 72.20657294462563 488.0677985495263 12 51 85
-138.2105719818315 71.97512079663399 477.0986817536067 19 55 92
-138.45842844507774 71.36069924908546 479.93867999313005 19 55 92
-137.87190227196294 71.37550756308978 480.54680671344374 18 54 91
-137.18736726405083 71.09322225312607 480.66222350230316 18 54 91
-51.14771880132666 62.91821765159092 421.9820234826458 31 75 123
-50.52767665132473 62.91497075339136 422.35662741292356 31 75 123
-46.5863839332734 68.81274296328566 457.62707319154373 32 76 112
-46.206383041768156 68.20083042128527 459.58445025910424 76 120 134
-26.919545065060326 46.81542822959783 313.1425502596339 153 211 181
-22.44847815052297 45.67959221640501 311.4478983215708 138 203 188
-21.967410858221832 45.65528403931122 311.57402120077313 139 204 189
-21.496615980560776 45.61334140806289 311.77971917125865 141 210 181
-21.01471075404336 45.58898506971784 311.9061699658798 136 205 176
-1.7040415709075114 49.08393424408804 335.18783367301273 123 186 141
-1.1774357759518548 49.063460431524966 335.3499790412496 123 186 141
-0.6503265500253317 49.042975275890925 335.5122782195445 125 188 143
-0.12271264280363822 49.022478736579174 335.67473159171436 125 188 143
12.346397814006055 54.75580871443663 366.98615689394165 5 43 39
-261.78907398455965 48.80378965938439 317.5670065930882 2 3 0
-260.31774279948945 48.64265354932965 318.75631384761414 0 3 0
-259.725771733632 48.57777844339229 319.2348225149259 0 3 0
-258.53589046601485 48.44730091839719 320.19665153008077 0 3 0
-258.23717696568843 48.41452920550554 320.4381159804993 0 3 0
-257.9379641868606 48.38169628539636 320.67998493819067 0 3 0
-223.60470744409105 80.63212692971437 525.0545520245001 3 40 70
-213.68407354669736 77.37695251139758 512.862602247035 1 41 70
-158.8448610270981 72.5645338594639 487.2412178914381 12 51 85
-140.0694554514291 71.62024538798593 477.39791823111926 18 54 91
-136.62947434304002 71.47800629807001 481.10662846918217 19 55 92
-46.63618351928596 69.16267445743243 457.494949467832 34 78 112
-45.30890523048127 67.76354878133952 450.8759819338955 80 125 136
-26.959064935948614 47.06220505402124 313.1006882139288 156 217 186
-22.499866587768395 45.90819841964913 311.4865282127249 136 203 187
-22.01876917069404 45.88397273658534 311.6127560236584 140 207 191
-2.274248902627496 49.367089741892734 334.97422605621244 126 189 146
-1.7482319170811027 49.34676551276206 335.13617166075267 125 188 145
-286.9703081259602 51.48381940667007 330.8738584740128 0 3 0
-262.39624243717645 49.13386518133767 317.03864413912356 2 3 0
-262.1040697585873 49.102106124340025 317.274779268804 2 3 0
-260.3407973067286 48.910306741215976 318.69988199065455 0 4 0
-260.04520302931604 48.87813134037009 318.93878879976484 0 4 0
-259.74911590133377 48.845895895630164 319.1780948548413 0 4 0
-259.45253491434556 48.81360026736364 319.4178009751833 0 4 0
-247.6671910425645 51.31184938229522 328.0620856842325 0 2 0
-247.34708753624702 51.28442213396364 328.3170180972769 0 2 0
-229.84738894511054 80.5366106519319 519.7421255552812 3 28 53
-229.39051644813733 80.5790500216908 520.5883531962944 13 38 63
-228.93219943294395 80.62162438196007 521.4372559050007 7 38 63
-214.82225883765372 78.07217120072015 515.3258798886745 1 41 70
-138.90185517050386 72.75065372943476 473.98829590394877 19 55 90
-137.37060413422248 72.81370346601386 483.81933965272344 21 57 96
-43.87624775202652 64.05452207785953 428.1043707359034 45 89 123
-27.480187811462216 47.332043591467766 312.9289228623558 154 215 184
-26.99865781221691 47.30899466932503 313.0588052846031 154 215 184
-2.53112436480396 46.83955540548692 311.27846063773444 128 191 148
-317.6178490669696 52.160177432515326 332.8543242800981 0 2 0
-317.42242322964194 52.13240104241597 333.1702066626202 0 2 0
-262.7100427202991 49.43133647657421 316.74748497518596 2 3 0
-262.12646592874245 49.36833614948083 317.2190721692349 3 4 0
-259.7726634133715 49.11397472799029 319.12121150341983 0 3 0
-229.83713488128976 80.93264192762753 519.5188897993028 4 29 52
-170.48426009652312 77.36539860775 492.5372015580708 12 48 83
-61.49494839048539 69.94386955005373 458.10341223220684 27 73 120
-27.35867137268957 46.65716778622216 310.0710908655905 150 213 181
-26.57543824598225 48.02815282541048 314.0860233691854 176 236 212
13.835306159451603 55.54470778558519 359.0055825603175 0 28 29
58.42445205002804 57.262437629062134 364.80139947520433 3 28 60
59.03421075284207 57.25248587609612 365.0030147251178 11 50 95
112.01656811375 59.98824369359589 396.09853888922686 45 87 147
112.71871432401666 59.98216397551536 396.3491868207166 44 86 146
-264.47067552807795 49.88330429321706 315.28738537153555 0 3 0
-264.18215335673824 49.85240904280124 315.52050357193923 0 3 0
-247.0669787907929 51.800332285261206 328.4487343704384 0 2 0
-246.74609546961653 51.773272443042565 328.70421435025645 0 2 0
-200.5913720027528 70.16272866418664 449.7855533997819 0 1 18
-160.32414886322198 77.83310025318896 492.97773748013464 12 53 86
-159.75771609835817 77.86243874446853 493.6511691631504 11 52 85
-119.82289969644803 75.04223314133125 474.6491190694624 21 60 98
-77.54967082864518 71.9561924974695 462.515360007905 25 67 111
-76.9032967734601 71.96926880953939 463.0208588202693 25 67 111
-26.614931359804235 48.275464383887225 314.04342131183154 174 236 211
58.372233796981654 57.54327099584244 364.7335269567289 0 23 53
58.981877843268826 57.53349103308557 364.93507358173304 3 41 84
-329.8475892424946 52.15915207669176 330.29651844073436 0 1 0
-329.29707732258345 52.18559603840488 331.7452666895902 0 2 0
-262.4636060361666 49.93175176696692 316.87149858204975 2 3 0
-262.17186056350386 49.90068143452719 317.1071968746411 2 3 0
-261.879630541549 49.869553048232305 317.3432875490127 2 3 0
-228.98874910898098 80.93887278895399 516.9786929799171 4 26 50
-213.22479233277355 82.0553289652565 521.910740989143 3 43 72
-198.58650481700897 81.02114242482054 510.86353913509646 3 43 72
-173.9810511220354 81.91418156466293 512.116880413069 8 47 81
-173.42087267163882 81.95482803288975 512.8723673753688 9 48 82
-161.46176676262073 77.99762530670787 486.94576262823153 14 53 87
-121.04940906562453 75.49689311154076 478.80134177385804 19 58 96
-77.59266563866284 72.30950305758861 462.3749806204824 25 67 111
-76.94654860918034 72.32296611153916 462.880160286909 25 67 111
-27.137651091077576 48.544967368065656 313.86934082519133 154 220 185
-26.654497093474973 48.52279037887709 314.0007980477175 160 226 204
-26.170965006860158 48.50060386285079 314.1323571252915 192 255 236
49.939201028097756 62.504609478973414 401.6134721406 0 5 9
-267.95253350004623 49.4507617764875 310.9074359440046 0 3 0
-267.6716224485388 49.418449204275106 311.13176688737957 0 3 0
-267.93628802611454 50.772841184329465 312.4133554932666 0 4 0
-267.65368849711433 50.74306901949316 312.6416186641229 0 4 0
-263.64805005741164 50.32042662018916 315.8771713639076 0 3 0
-263.35837392218804 50.28981524368536 316.11116384830063 0 4 0
-263.0682177320736 50.25914672400827 316.34554502190474 0 3 0
-262.77758046140093 50.22842091552086 316.5803157185347 0 4 0
-228.94428926016752 82.49523603247793 513.6773578427341 0 2 17
-224.76045433604745 83.59464204787811 525.0932360558785 5 41 67
-217.38384321393198 81.53362260171724 515.4568102720757 4 41 69
-203.84057995846592 78.79444050182744 496.88673390559615 3 43 72
-203.34707924843187 78.82774338457938 497.61842685037914 3 43 72
-198.59034741974168 81.4094235979525 510.657010708329 4 46 76
-121.0813534186545 75.86199955945682 478.6407525486304 21 59 100
-81.641261341853 71.88004373512925 459.38548973454016 25 65 107
-27.177212471885873 48.79219650580691 313.82673128178834 155 221 186
-26.694135815621678 48.770131776687734 313.9581533533559 155 221 199
-23.980964989455263 48.69066068700744 311.85857190346314 175 249 239
-23.4994060455836 48.668733101460084 311.98583823286 153 228 213
18.77618416050671 56.77221376803563 354.2822070893274 0 7 5
19.914914631839235 56.74850492830009 354.6668803039322 0 6 2
36.691771738654396 62.88456166853962 395.9881629591634 0 6 0
91.01563033747951 61.0248693071178 390.58054747774344 53 95 153
91.6934541537745 61.01940943496879 390.82546341323473 52 94 154
177.26498806070927 93.91066729499914 582.3030508369915 40 87 143
178.42059953626324 93.96888241303947 583.042831964832 42 86 143
179.4070832236377 92.72927106175177 583.7902718024804 43 87 144
-331.66620967870267 53.02790021228162 326.6597352648311 0 1 0
-331.6230744212552 53.1377700583371 327.12962896475875 0 1 0
-320.5635302897948 57.1632056652118 349.2312201418889 0 1 0
-320.37078831022876 57.14540206484729 349.59567045439303 0 1 0
-320.1776109164078 57.127553692955566 349.96094589671304 0 1 0
-319.9839965390693 57.10966032423543 350.3270494682065 0 1 0
-319.78994360598085 57.091721733518526 350.69398417368285 0 1 0
-319.5954505419133 57.073737695768024 351.06175302345645 0 1 0
-267.9566976552417 51.03439171150735 312.35989025233744 2 3 0
-265.9696680530858 50.82639810957315 313.96467567130395 2 3 0
-265.11104967047766 50.736428963967306 314.658135150664 2 3 0
-180.0675914696391 79.75537396109262 498.1916218191123 9 45 80
-161.23321781420776 78.8011195031172 485.8987325181338 14 50 85
-158.62097192875106 77.99996296921573 491.44296592224765 15 51 86
-154.66006945262086 79.30428692694993 487.64370958699465 15 51 86
-124.23134175381092 77.14698819830822 479.171561208528 17 55 96
-33.43270178373201 51.43240972217669 326.2129212733378 82 125 148
-32.93427125847156 51.41257170408674 326.36790828301 101 150 151
-32.43539829682897 51.39272418961998 326.52303170504103 102 151 152
-28.081119174604684 50.016638198492636 318.3956227745171 149 217 182
-27.108491218357578 49.65760696566578 313.77008023818695 153 221 186
-26.422159584123357 49.04510794418046 311.1820258946214 149 222 197
-25.94250785512844 49.02333309953422 311.30877968378013 167 240 215
-25.46249124464165 49.00154956106975 311.4356288816614 185 255 250
-24.982108891824524 48.97975730832995 311.5625737133494 184 255 249
-24.50135993245966 48.957956320462785 311.6896144048525 176 253 245
-24.0202434989661 48.93614657622135 311.8167511830993 158 235 227
20.396131044993314 62.15475508326681 385.5395906825005 0 7 7
29.54252083565447 63.225907206986065 392.9241766034794 0 6 3
36.637200986980936 63.1881871276452 395.90255735705273 0 8 1
177.13870183986364 94.3399129917279 582.0846020672221 38 85 141
178.29378716947198 94.39868213936414 582.8238629880842 40 84 141
179.4519176489709 94.45761239840525 583.565070869674 42 86 143
-277.899438835638 48.122489913922905 297.30358863679453 0 2 0
-277.63849867962074 48.086900146455754 297.50119623139096 0 2 0
-269.94070442613355 51.49968024227315 310.72082135000966 0 3 0
-267.69497355207045 51.26657914507098 312.5342606182912 0 4 0
-267.412181830548 51.23719915791045 312.76262023051385 0 4 0
-267.1289253997367 51.207764793215524 312.9913559731178 0 4 0
-266.561014211617 51.14873231322066 313.4499592658513 0 3 0
-265.99123160876013 51.08948047602215 313.9100773137533 0 4 0
-265.1330305437962 51.00018876412833 314.6031094042119 0 4 0
-264.8460187867951 50.97031386907698 314.83488482225647 0 4 0
-227.55604281533164 83.41614349762789 515.712439525427 12 34 56
-180.42417094158802 80.6751408269061 499.14903777733366 8 45 77
-162.03153074914965 79.82018975258075 488.2124611384212 14 50 85
-124.86683586800838 77.48655222293453 478.4171209456318 15 53 94
-124.2615793682091 77.51151989346151 479.00972838637847 15 53 94
-26.94034869231366 49.31172577123021 311.01372584035863 155 223 188
13.030102310983239 57.434775040344995 352.24643940719875 0 17 10
15.363966791589394 62.365030093128226 382.1991778650634 0 23 21
20.967283663913307 62.445834837556916 385.71495355622943 0 7 7
22.504566881705014 63.56295021164336 389.9076802257357 0 7 3
80.52567903758442 62.76525875406898 394.47057684529847 62 104 162
84.67357133623106 63.4209549914377 383.037600239651 28 66 109
85.33337664668092 63.41821102886167 383.26860972523286 24 59 103
178.16757583212066 94.82831135955179 582.6053421878424 39 83 140
179.32518224127526 94.88779654819336 583.3460309399127 40 84 141
-330.3300438736069 54.423150818969006 327.90558732328026 0 1 0
-329.99408527609336 54.37311329020885 328.5351901349171 0 1 0
-329.82560050531316 54.34802060443725 328.85093836483486 0 1 0
-321.68877312676784 57.84302907550001 346.87356497444864 0 2 0
-321.49878647104475 57.826151413552935 347.2325372046102 0 2 0
-321.3083746687935 57.80923179224691 347.5923144054011 0 2 0
-321.11753617102676 57.792269989300465 347.9528995373834 0 2 0
-320.9262694259545 57.77526578259477 348.3142955662495 0 2 0
-320.73457287895684 57.75821895017179 348.67650546287325 0 2 0
-320.5424449725589 57.741129270232065 349.03953220335995 0 1 0
-320.3498841464023 57.72399652113329 349.40337876909626 0 1 0
-320.15688883722015 57.70682048138772 349.7680481468023 0 1 0
-319.9634574788071 57.68960092966072 350.1335433285797 0 1 0
-319.7695885019956 57.67233764476887 350.4998673119669 0 1 0
-319.5752803346263 57.65503040567786 350.86702309998725 0 1 0
-319.3805314015208 57.63767899150067 351.235013701202 0 1 0
-319.185340124455 57.62028318149577 351.60384212976277 0 1 0
-318.9897049221302 57.60284275506503 351.9735114054623 0 1 0
-268.56109798405544 51.61542501493483 311.79794583052416 3 4 0
-268.2798294091373 51.58642971821881 312.0250431911755 2 3 0
-267.99809969178835 51.55738083972596 312.2525137412912 0 4 0
-267.19344565196417 51.34883483783803 312.9452147341351 2 6 1
-266.582497079779 51.41132726663124 313.39549435332134 0 3 0
-266.29797840059865 51.3819536348736 313.6252220298848 0 4 0
-266.01299122710805 51.352525340315765 313.85532887790316 0 4 0
-185.1128316507879 51.25573538736068 304.9780827314722 0 2 0
-184.7295698502922 51.22899891004063 305.1479601628019 0 2 0
-184.34587459693876 51.202227471024756 305.3180302797622 0 2 0
-183.96174569289047 51.17542109539142 305.48829316541855 0 2 0
-183.57718293938018 51.14857980848516 305.65874890320873 0 2 0
-183.19218613666146 51.12170363591041 305.8293975769663 0 2 0
-182.80675508396072 51.09479260352458 306.0002392709407 0 2 0
-182.42088957942758 51.06784673743182 306.1712740698207 0 2 0
-182.0345894200869 51.04086606397643 306.3425020587564 0 2 0
-181.64785440178957 51.01385060973615 306.5139233233793 0 2 0
-181.26068431916406 50.986800401515865 306.6855379498268 0 2 0
-162.04904832840148 80.19105264725795 488.03547805665113 14 50 85
-118.89048355191404 79.7440967558406 480.0641500197793 21 59 100
14.954418699882245 63.8989743786073 386.67693568619586 0 19 6
85.27521618504733 63.710779847675234 383.19000604975474 0 28 65
-265.4320164955515 51.175705882558745 302.772689239043 0 2 0
-265.1482871830593 51.14586812658414 302.97634761172725 0 2 0
-264.86412373028134 51.115979136907164 303.1803182750365 0 2 0
-264.5795251647722 51.08603875976725 303.38460193315717 0 2 0
-269.98060916501305 52.01948939022392 310.6150851017224 0 3 0
-268.019091663239 51.81881955907515 312.1986027999131 0 3 0
-215.74242162831067 86.98468579621527 527.8988110227873 2 42 71
-111.7229554536203 79.3652666022697 481.45494543083 22 60 101
-106.19613281221771 77.85590364860474 476.90327776353814 23 61 102
-105.56753236215273 77.88032617034979 477.4756354030872 23 61 102
34.102639914621605 63.19658390058197 390.2335977769731 0 8 0
84.55776428076422 64.00567450789298 382.880655674769 0 13 47
-322.9840889770293 58.528906553162194 344.1981793256118 0 2 0
-321.8565555351645 58.432681058193694 346.32703552918633 0 2 0
-321.6671682357145 58.416504518508 346.6846165829036 0 2 0
-321.47735824902037 58.40028769267809 347.0429973796089 0 2 0
-321.287124031874 58.38403036208849 347.40218086768533 0 2 0
-321.0964640382973 58.367732308305726 347.7621700005793 0 2 0
-320.9053767195147 58.35139331307616 348.12296773684903 0 2 0
-320.7138605239283 58.33501315832434 348.4845770402164 0 2 0
-320.52191389709077 58.31859162615128 348.8470008796161 0 2 0
-320.3295352816773 58.30212849883228 349.21024222924575 0 2 0
-268.60273178374985 52.13737487712684 311.69053374410515 2 3 0
-268.32173471278463 52.108824464214 311.9173524568613 2 3 0
-268.0402773110475 52.080221125580934 312.14454362213826 0 3 0
-188.21887608701533 51.96260745195012 303.5430663561858 0 2 0
-187.8393525433331 51.93645590101589 303.71124829336964 0 2 0
-187.45939728063604 51.91026942758863 303.87962215739697 0 2 0
-187.07901010328368 51.88404805469951 304.04818803062096 0 2 0
-186.69819081508822 51.8577918057037 304.2169459955949 0 2 0
-186.3169392192643 51.83150070427366 304.3858961350929 0 2 0
-185.93525511838163 51.805174774393215 304.5550385321342 0 2 0
-185.5531383143155 51.77881404035067 304.72437327000256 0 2 0
-185.17058860819802 51.75241852673271 304.8939004322705 0 2 0
-184.78760580036982 51.72598825841769 305.06362010281936 0 2 0
-184.4041896903305 51.69952326056927 305.23353236586235 0 2 0
-184.0203400766905 51.67302355862996 305.40363730596715 0 2 0
-183.63605675712284 51.646489178314525 305.5739350080758 0 2 0
-183.2513395283129 51.61992014560359 305.7444255575286 0 2 0
-182.8661881859111 51.59331648673703 305.9151090400854 0 2 0
-182.4806025244839 51.566678228207394 306.0859855419473 0 2 0
-182.0945823374647 51.54000539675342 306.25705514977903 0 2 0
-181.7081274171056 51.51329801935349 306.42831795073033 0 2 0
-181.3212375544291 51.48655612321885 306.59977403245847 0 2 0
-180.93391253917915 51.45977973578744 306.7714234831498 0 2 0
-180.54615215977304 51.43296888471676 306.94326639154144 0 2 0
-180.1579562032523 51.406123597877745 307.1153028469433 0 2 0
-179.7693244552354 51.379243903347906 307.28753293926013 0 2 0
-215.73660448824202 87.38246522888421 527.6686391481871 2 42 71
-202.0602517940264 85.16020009140826 505.02363285944654 3 43 72
-115.32381665744323 80.45280194881249 480.62153261208226 21 60 98
-114.777470305852 79.0204880464143 480.50963255661765 21 60 98
-112.86159708874301 79.15670271918971 479.2230697756034 21 60 98
-111.75618570003137 79.73005621695444 481.2925179377093 22 61 99
-85.47488524347081 77.64829274791799 458.2516823624477 28 66 109
-50.02154075125608 63.23468701113635 381.74597660722236 47 59 93
29.09833582981711 70.96746883809396 422.19410891772975 0 8 4
27.417392168387778 64.43808162965632 391.7838277238649 0 8 4
28.054602043128103 64.43549100668997 392.05116670601507 0 8 4
28.692699157636152 64.4329065582476 392.3188759042998 0 8 4
69.78361069485389 66.03868488871925 393.13195754291115 16 49 94
70.45259806782649 66.03879119073531 393.38842608161843 0 16 61
69.45960123777523 54.834998701210054 326.5248267631861 0 6 49
96.60339968113122 63.528921265641415 385.1647340302487 44 91 149
97.27488813547264 63.5258726416707 385.3971854537499 45 92 150
-267.4501504798397 51.88767813837622 301.264164022761 0 2 0
-267.1696911148955 51.858596475784225 301.4654258249996 0 2 0
-266.8888052578231 51.82946523728114 301.66699432574137 0 2 0
-266.6074919162493 51.80028426361276 301.8688702438844 0 2 0
-266.32575010062146 51.77105339632944 302.0710542962407 0 2 0
-266.0435788241921 51.74177247778512 302.2735471975477 0 2 0
-265.7609771030046 51.71244135113654 302.47634966047855 0 2 0
-265.47794395587715 51.6830598603422 302.6794623956539 0 2 0
-265.1944784043877 51.65362785016111 302.88288611165177 0 2 0
-264.91057947285805 51.624145166152296 303.0866215150199 0 2 0
-264.6262461883383 51.59461165467336 303.2906693102861 0 2 0
-267.9002179928713 53.544665897926144 312.2982475916088 0 4 0
-191.4306973150719 72.90927543767992 426.46736981068875 0 1 0
-190.9661950170957 72.92290532579668 426.9544505128273 0 1 0
-211.22302465572272 80.272374613676 475.30620559075885 0 3 11
-218.03393960694729 90.02981731478569 525.9060312246356 4 41 71
-211.57250152015868 86.34175264773182 511.7400922973029 7 44 74
-211.6151121967067 86.97011653787284 513.9886558978485 5 42 72
-201.0523281753394 85.63814715031374 506.34378788354996 8 45 75
-162.46515519538184 82.12106340888063 491.11350848288356 14 50 85
-85.51178283149349 77.99507999209168 458.11222832895015 29 67 110
-51.83591428789736 63.77821920225867 385.302827395714 61 63 98
-50.62915313775631 63.535107776867775 381.3889335197524 69 74 108
2.379319940071714 51.619944690176865 312.70500344255987 124 189 147
61.94356706873656 64.94945557652619 388.1054558829329 12 51 42
70.39519675669766 66.33865065159992 393.3039844855903 0 20 59
97.21552858330726 63.82092831429257 385.31868743080594 47 91 150
97.8877625724161 63.81807791675935 385.5513573045737 45 92 150
552.0662515500704 92.93223749597286 537.7296579831554 0 1 0
553.3307254339189 92.96423975961736 538.1596061728999 0 1 0
554.5970463828221 92.99628772985116 538.5901826638491 0 1 0
555.8652217454425 93.02838177020877 539.0213899104045 0 1 0
557.1352589492922 93.06052224813926 539.4532303932991 0 1 0
-330.8099987852305 55.60108852046788 326.6372982135114 0 1 0
-330.64350363332784 55.577445813461516 326.94893323600036 0 1 0
-330.47667816629524 55.55375759496863 327.2611860561702 0 1 0
-331.8247286338726 56.71947801642202 329.37557477779654 0 1 0
-323.70456503072813 59.15813858143428 342.61115843290935 0 2 0
-325.0883965824787 59.62095956060554 344.6819774209749 0 2 0
-322.77510009723557 59.082060429052135 344.36475309593413 0 2 0
-322.5879754302385 59.066733028879156 344.71780017750007 0 2 0
-322.0241106561552 59.02052339844739 345.78165009604277 0 2 0
-191.66926724251746 52.68790138791764 301.95608720539445 0 2 0
-191.29389669923654 52.66236774792644 302.12238933542613 0 2 0
-190.91809638325427 52.63679922155985 302.2888825414687 0 2 0
-190.54186609821463 52.6111958289026 302.45556690653746 0 2 0
-190.16520564764141 52.58555759042607 302.62244251365314 0 2 0
-189.7881148348915 52.55988452698221 302.7895094458646 0 2 0
-189.4105934631049 52.534176659797055 302.95676778626995 0 2 0
-189.03264133515776 52.508434010464825 303.1242176180388 0 2 0
-188.65425825361197 52.482656600941155 303.29185902443373 0 2 0
-188.2754440206686 52.456844453537386 303.4596920888329 0 2 0
-187.8961984381174 52.430997590913826 303.6277168947511 0 2 0
-187.51652130728954 52.40511603607358 303.79593352586187 0 2 0
-187.13641242900843 52.37919981235606 303.96434206602015 0 2 0
-186.75587160354098 52.35324894343105 304.1329425992834 0 2 0
-186.374898630549 52.32726345329155 304.30173520993367 0 2 0
-185.99349330904064 52.301243366248 304.4707199824995 0 2 0
-185.61165543732156 52.27518870692168 304.6398970017784 0 2 0
-185.22938481294608 52.24909950023812 304.80926635285806 0 2 0
-184.84668123266889 52.222975771420764 304.9788281211388 0 2 0
-184.4635444923963 52.19681754598449 305.1485823923556 0 2 0
-184.07997438713696 52.170624849729 305.318529252599 0 2 0
-183.69597071095419 52.14439770873252 305.4886687883387 0 2 0
-183.31153325691636 52.118136149345034 305.6590010864442 0 2 0
-182.92666181704908 52.091840198181934 305.82952623420715 0 2 0
-182.54135618228602 52.06550988211732 306.0002443193633 0 2 0
-182.15561614242105 52.03914522827765 306.17115543011425 0 2 0
-181.7694414860587 52.01274626403488 306.34225965514963 0 2 0
-181.38283200056668 51.98631301700011 306.51355708366896 0 2 0
-180.9957874720265 51.95984551501685 306.6850478054025 0 2 0
-180.60830768518653 51.933343786154566 306.8567319106351 0 2 0
-213.74501439218196 86.87250498898796 514.5773819874685 3 40 70
-201.61246395623053 85.91110679963619 507.3864932657207 8 45 77
-104.16710322844017 80.69531910601894 475.28381263990684 23 61 102
-85.54886251364157 78.34176127284152 457.9726622902798 30 68 111
-44.63711882936909 65.22299333730382 383.3978720268773 27 47 83
-44.28255386787362 64.24786202512873 384.082802969517 21 41 77
-8.345207190965464 53.01112528635563 310.57522964229264 129 196 156
61.88833650514812 65.24612525129056 388.0242530645291 19 61 47
70.33799587378182 66.6384802460062 393.21962594522205 3 31 64
70.01591850328246 55.06400991844076 327.2661324973508 0 2 34
141.82198107461957 75.17059220075204 433.5594207419221 0 7 23
536.8076061000611 92.9402460170186 532.443036096778 0 1 0
538.0499588227465 92.97200925121889 532.8653825660058 0 1 0
539.2940756072494 93.00381450066672 533.2883295104491 0 1 0
540.5399629198222 93.03566208776218 533.711879089162 0 1 0
541.7876272960666 93.06755233844784 534.1360334843338 0 1 0
543.0370753416676 93.09948558224083 534.5607949015327 0 1 0
544.2883137331416 93.1314621522642 534.9861655699606 0 1 0
545.5413492185949 93.16348238527893 535.4121477427041 0 1 0
546.7961886184861 93.19554662171699 535.8387436969929 0 1 0
548.052838826406 93.22765520571485 536.2659557344606 0 1 0
549.311306809861 93.25980848514688 536.693786181408 0 1 0
550.5715996110706 93.29200681165922 537.1222373890705 0 1 0
551.8337243477729 93.32425054070521 537.5513117338882 0 1 0
553.0976882140436 93.35654003158 537.9810116177808 0 1 0
554.3634984811222 93.38887564745639 538.4113394684266 0 1 0
555.6311624982524 93.42125775542142 538.8422977395406 0 1 0
556.9006876935316 93.45368672651328 539.2738889111636 0 1 0
-273.5459309094492 49.09342528489136 285.0728305521829 0 2 0
-269.44458908889067 52.59150199993835 299.77332544148214 0 2 0
-269.16734124464244 52.56316069966041 299.9722337611479 0 2 0
-268.8896747028692 52.534771521032425 300.1714430791552 0 2 0
-268.61158845072185 52.50633429921343 300.37095412951163 0 2 0
-268.3330814782588 52.47784887017698 300.5707676440755 0 2 0
-268.0541527784332 52.44931507070998 300.77088435256644 0 2 0
-267.7748013470777 52.42073273841221 300.9713049825772 0 2 0
-267.4950261828888 52.392101711694686 301.1720302595815 0 2 0
-267.214826287414 52.36342182977967 301.3730609069479 0 2 0
-266.9342006650355 52.334692932698985 301.5743976459466 0 2 0
-266.65314832295616 52.30591486129361 301.7760411957637 0 2 0
-266.3716682711835 52.277087457212176 301.9779922735091 0 2 0
-265.241451264644 52.16128137533015 302.7888861339602 0 2 0
-264.67375096702773 52.103078280430225 303.1961967259381 0 2 0
-222.69595146898385 88.51465952835909 512.5341869176709 3 39 63
-222.5249074434029 88.06481514419085 513.7643689366101 4 42 67
-222.05620320745774 88.12123667811753 514.581276672956 3 41 66
-125.54320995644808 84.14376177415684 481.88992793064415 20 59 97
-119.55940315613668 82.92470638829009 476.44691682667116 19 59 99
-118.94778737514919 82.95902496625231 477.02978076904895 19 59 99
-85.85252263129429 79.35530772972535 459.5829395921647 30 68 111
-50.188196598187325 68.51288430020129 402.5372684744915 20 29 64
63.79867903085526 65.53897637330685 388.6882274142675 36 75 82
97.26976675243041 55.59725540912531 326.9662742179034 44 88 147
521.8152847407654 92.94730423918503 527.248889039882 0 1 0
523.0364566008379 92.9788650113934 527.6639503239929 0 1 0
524.259319408668 93.0104645393907 528.0795875745495 0 1 0
525.4838788532858 93.04210310812526 528.4958026907707 0 1 0
526.7101406848842 93.07378100577365 528.9125975922524 0 1 0
527.9381107154619 93.10549852376727 529.3299742191847 0 1 0
529.1677948194664 93.13725595681998 529.7479345325662 0 1 0
530.399198934447 93.16905360295553 530.1664805144247 0 1 0
531.6323290617178 93.20089176353528 530.5856141680393 0 1 0
532.8671912670259 93.23277074328674 531.0053375181644 0 1 0
534.1037916812273 93.26469085033223 531.4256526112563 0 1 0
535.342136500977 93.29665239621792 531.8465615157071 0 1 0
536.582231989415 93.32865569594345 532.2680663220718 0 1 0
537.8240844768757 93.36070106799185 532.6901691433093 0 1 0
539.0677003615957 93.39278883435986 533.1128721150178 0 1 0
540.3130861104337 93.42491932058864 533.5361773956782 0 1 0
541.5602482595988 93.45709285579497 533.9600871668976 0 1 0
542.80919341539 93.48930977270324 534.3846036336574 0 1 0
544.0599282549417 93.52157040767717 534.8097290245637 0 1 0
545.3124595269813 93.55387510075255 535.2354655921021 0 1 0
546.5667940525956 93.5862241956704 535.661815612894 0 1 0
547.8229387260059 93.61861803991036 536.0887813879574 0 1 0
549.0809005153577 93.651056984725 536.516365242971 0 1 0
550.3406864635115 93.68354138517398 536.9445695285403 0 1 0
551.6023036888552 93.71607160015915 537.3733966204709 0 1 0
552.865759386119 93.74864799246073 537.8028489200392 0 1 0
554.1310608272033 93.78127092877241 538.2329288542729 0 1 0
555.398215362021 93.81394077973899 538.6636388762324 0 1 0
556.6672304193443 93.8466579199931 539.0949814652951 0 1 0
-332.7906817470832 57.39310189301837 327.3007871634879 0 1 0
-332.62774311278906 57.37292008750673 327.6167469755642 0 1 0
-332.30088598946764 57.33244009314143 328.2505648538687 0 1 0
-326.32691386751134 60.28151241089507 342.02550754806117 0 2 0
-325.2442986749761 60.20206913009357 344.1386671843849 0 2 0
-323.4972375888035 59.7090568173626 342.77554466232175 0 2 0
-323.3119238159552 59.6945224325651 343.12491769950805 0 2 0
-193.2204577628029 53.2799770706047 301.21099880191457 0 2 0
-192.84708017763091 53.254885214662345 301.37638156857975 0 2 0
-192.4732738135923 53.229758623766735 301.5419549609839 0 2 0
-192.09903847085357 53.204597316615875 301.7077190638194 0 2 0
-191.7243739496456 53.179401312325254 301.87367396170083 0 2 0
-191.34928005021598 53.154170630421575 302.03981973918644 0 2 0
-190.9737565727806 53.12890529083665 302.20615648080053 0 2 0
-190.5978033174749 53.103605313901426 302.3726842710543 0 2 0
-190.22142008430674 53.07827072033967 302.5394031944689 0 2 0
-189.84460667310663 53.0529015312616 302.70631333559544 0 2 0
-189.46736288347998 53.027497768157865 302.87341477903783 0 2 0
-189.08968851475953 53.00205945289342 303.04070760947496 0 2 0
-188.711583365955 52.97658660770087 303.20819191168164 0 2 0
-188.33304723570623 52.95107925517448 303.3758677705507 0 2 0
-187.95407992223386 52.925537418263836 303.5437352711155 0 2 0
-187.57468122329115 52.8999611202673 303.7117944985706 0 2 0
-187.1948509361151 52.87435038482585 303.8800455382951 0 2 0
-186.81458885737786 52.848705235916576 304.04848847587283 0 2 0
-186.4338947831383 52.823025697846475 304.21712339711604 0 2 0
-186.0527685087935 52.79731179524571 304.385950388086 0 2 0
-185.67120982902983 52.77156355306154 304.55496953511505 0 2 0
-185.28921853777481 52.74578099655156 304.7241809248297 0 2 0
-184.90679442814746 52.71996415127737 304.8935846441708 0 2 0
-184.5239372924112 52.694113043098106 305.06318078041653 0 2 0
-184.14064692192406 52.668227698163996 305.23296942120487 0 2 0
-223.2472340496374 90.50836592549126 515.982859708938 1 39 64
-175.5823005584923 86.36541841963064 494.9948467037029 8 45 77
-135.54215804397205 85.88680959417923 487.0865798905469 16 55 93
-136.06877031204968 84.50648879011545 490.57887695852367 16 55 93
-117.50765469630899 82.32103181811675 468.2953284641253 20 59 97
-86.56415369806103 80.64825691213794 463.2959092017319 26 64 107
-19.869587456471915 52.75110464216727 309.7180749563037 129 197 154
-19.388843973937053 52.73265229531555 309.84089158105513 129 197 152
-19.247773096329617 54.19257827130608 316.5046132793505 124 192 147
-18.4262741101079 52.69573098916108 310.0867980727226 125 193 148
13.265252392805365 55.61931402467966 315.25422385220367 27 56 38
26.76530779085408 56.47136188622975 320.4690010389159 155 197 214
84.35124926484752 79.71312849016633 454.3266828510662 2 23 40
86.91306330820674 65.4614759877206 383.41329458886094 0 4 8
508.27941916831816 92.98445485337155 522.5516570291333 0 1 0
509.48186605707843 93.01588109323993 522.960266742979 0 1 0
510.6859445025676 93.04734347587458 523.3694325059889 0 1 0
511.8916595617353 93.07884225485415 523.7791560062968 0 1 0
513.0990163461337 93.11037768673897 524.1894389502028 0 1 0
514.3080200224838 93.14195003109488 524.6002830623651 0 1 0
515.5186758132448 93.1735595505165 525.0116900859891 0 1 0
516.7309889971893 93.20520651065208 525.423661783023 0 1 0
517.9449649099888 93.23689118022676 525.8361999343518 0 1 0
519.1606089448002 93.26861383106893 526.2493063399968 0 1 0
520.3779265528664 93.30037473813401 526.6629828193161 0 1 0
521.5969232441149 93.33217417953037 527.0772312112057 0 1 0
522.8176045877683 93.36401243654471 527.4920533743034 0 1 0
524.0399762129646 93.39588979366853 527.9074511872004 0 1 0
525.2640438093761 93.42780653862448 528.323426548645 0 1 0
526.4898131278434 93.45976296239253 528.739981377759 0 1 0
527.717289981013 93.49175935923758 529.1571176142488 0 1 0
528.946480243985 93.52379602673739 529.5748372186249 0 1 0
530.177389854963 93.55587326580888 529.9931421724201 0 1 0
531.4100248159184 93.58799138073798 530.4120344784108 0 1 0
532.6443911932598 93.62015067920753 530.831516160843 0 1 0
533.8804951185072 93.65235147232607 531.2515892656585 0 1 0
535.1183427889831 93.68459407465757 531.6722558607271 0 1 0
536.3579404685013 93.7168788042511 532.0935180360765 0 1 0
537.59929448807 93.7492059826712 532.5153779041301 0 1 0
538.8424112466055 93.78157593502834 532.9378375999444 0 1 0
540.0872972116522 93.81398899001033 533.3608992814533 0 1 0
541.3339589201072 93.84644547991284 533.7845651297077 0 1 0
542.5824029789632 93.87894574067323 534.2088373491283 0 1 0
543.8326360660534 93.91149011190095 534.6337181677537 0 1 0
545.0846649308095 93.94407893691212 535.0592098374944 0 1 0
546.3384963950275 93.97671256276162 535.4853146343908 0 1 0
547.5941373536439 94.00939134027793 535.9120348588724 0 1 0
548.851594775526 94.04211562409708 536.3393728360248 0 1 0
550.110875704261 94.07488577269766 536.7673309158515 0 1 0
551.3719872589735 94.10770214843568 537.195911473551 0 1 0
552.6349366351337 94.14056511758186 537.6251169097854 0 1 0
553.8997311053912 94.17347505035622 538.0549496509622 0 1 0
555.1663780204138 94.2064323209667 538.4854121495136 0 1 0
556.4348848097402 94.23943730764647 538.9165068841847 0 1 0
-271.41576711061936 53.28731743640365 298.29985010678314 0 2 0
-271.141671270919 53.259700471521214 298.49644883537576 0 2 0
-270.8671646781865 53.232037366445276 298.6933427515819 0 2 0
-270.5922462985678 53.20432795065871 298.8905326049005 0 2 0
-270.3169151012034 53.17657205446842 299.08801914262125 0 2 0
-270.0411700582128 53.14876950900436 299.2858031098335 0 2 0
-269.76501014468096 53.12092014621902 299.48388524943766 0 2 0
-269.48843433864465 53.093023798885824 299.68226630215344 0 2 0
-269.2114416210767 53.065080300598936 299.88094700653176 0 2 0
-268.9340309758728 53.03708948577171 300.0799280989645 0 2 0
-268.65620138983644 53.009051189636345 300.2792103136944 0 2 0
-268.3779518526651 52.98096524824255 300.47879438282575 0 2 0
-268.09928135693536 52.95283149845693 300.6786810363347 0 2 0
-267.8201888980876 52.92464977796184 300.8788710020795 0 2 0
-267.5406734744123 52.896419925254776 301.07936500581127 0 2 0
-267.2607340870342 52.868141779647274 301.2801637711845 0 2 0
-266.98036973989883 52.839815181263944 301.4812680197674 0 2 0
-266.69957943975527 52.81143997104176 301.6826784710533 0 2 0
-266.4183621961434 52.783015990729076 301.8843958424711 0 2 0
-266.13671702137674 52.75454308288457 302.0864208493953 0 2 0
-223.29920744118718 91.72522149628387 516.2397669679099 1 36 65
-107.85157859930752 80.62192754920234 467.2597669561578 20 60 100
-86.57781153068423 80.48646021245169 462.6496696688748 24 62 105
-21.826016782243055 53.06674320189022 309.1854089908594 131 199 164
-20.867184766462167 53.03008664254614 309.4303440020283 124 193 153
-20.387231551307128 53.01175031101573 309.55294703244994 124 192 149
39.84313589565334 57.126697734244104 323.1960730058307 24 54 46
45.839086777904676 60.19592948505144 351.2177983329559 17 52 42
49.99698050121825 56.757458837854664 318.3844985082521 60 105 84
50.520892246997306 56.74556866273725 318.50658845433 61 105 90
84.28091669103418 80.05344421016633 454.20281038855774 18 41 58
85.07573161658614 80.07537223815253 454.59927008981924 18 38 53
85.87199187163363 80.09734937052963 454.99644833788665 8 28 43
76.76266033227066 56.84430196692289 321.878761169446 0 14 45
81.29931159193062 58.439851877648074 339.4526225189969 0 14 45
136.81917250072203 76.06480798064597 431.2971972780983 46 78 128
138.40450642573487 76.0929845623905 431.94102374459857 11 38 80
139.1990571599269 76.10711262963353 432.26370052781255 0 15 46
146.40706108482524 76.23545705990307 435.1909175780373 0 6 13
493.76930623859397 92.98847440335611 517.5252744795523 0 1 0
494.95207632937417 93.0197555748507 517.9271055999061 0 1 0
496.13642067851794 93.051070359042 518.3294735562097 0 1 0
497.322343730301 93.08241897762944 518.7323798323594 0 1 0
498.50984997727943 93.11380165505734 519.1358259282891 0 1 0
499.6989439607845 93.14521861853517 519.5398133601345 0 1 0
500.88963027142967 93.17667009805791 519.9443436604045 0 1 0
502.08191354961434 93.20815632642811 520.3494183781496 0 1 0
503.27579848603915 93.2396775392769 520.7550390791375 0 1 0
504.47128982222756 93.27123397508508 521.161207346025 0 1 0
505.6683923510431 93.30282587520581 521.5679247785336 0 1 0
506.8671109172248 93.33445348388575 521.9751929936292 0 1 0
508.0674504179182 93.36611704828842 522.3830136257003 0 1 0
509.2694158032189 93.39781681851595 522.7913883267403 0 1 0
510.47301207671785 93.42955304763287 523.2003187665316 0 1 0
511.678244296051 93.46132599168845 523.6098066328288 0 1 0
512.8851175734615 93.4931359097408 524.0198536315488 0 1 0
514.0936370763632 93.52498306388024 524.4304614869588 0 1 0
515.3038080279074 93.55686771925343 524.8416319418678 0 1 0
516.5156357075641 93.58879014408798 525.2533667578218 0 1 0
517.7291254517033 93.62075060971706 525.6656677152974 0 1 0
518.9442826541842 93.65274939060382 526.0785366139012 0 1 0
520.1611127669515 93.68478676436757 526.4919752725698 0 1 0
521.37962130064 93.7168630118086 526.905985529772 0 1 0
522.5998138251817 93.7489784169347 527.3205692437135 0 1 0
523.8216959704262 93.78113326698735 527.7357282925446 0 1 0
525.0452734267604 93.81332785246806 528.1514645745688 0 1 0
526.2705519457429 93.84556246716569 528.5677800084542 0 1 0
527.4975373407422 93.87783740818386 528.9846765334502 0 1 0
528.7262354875821 93.9101529759682 529.4021561096023 0 1 0
529.9566523251955 93.94250947433532 529.8202207179714 0 1 0
531.1887938562844 93.97490721050005 530.238872360857 0 1 0
532.4226661479942 94.00734649510565 530.6581130620217 0 1 0
533.6582753325862 94.03982764225229 531.0779448669172 0 1 0
534.895627608125 94.07235096952681 531.4983698429158 0 1 0
536.1347292391732 94.10491679803302 531.9193900795431 0 1 0
537.3755865574929 94.137525452422 532.3410076887124 0 1 0
538.6182059627592 94.17017726092344 532.7632248049655 0 1 0
539.862593923278 94.20287255537652 533.1860435857134 0 1 0
541.1087569767169 94.23561167126192 533.6094662114792 0 1 0
542.3567017308413 94.26839494773462 534.033494886149 0 1 0
543.6064348642639 94.30122272765563 534.4581318372188 0 1 0
544.857963127204 94.33409535762634 534.8833793160529 0 1 0
546.1112933422473 94.36701318802145 535.309239598137 0 1 0
547.3664324051323 94.39997657302335 535.7357149833412 0 1 0
548.623387285529 94.43298587065716 536.1628077961831 0 1 0
549.8821650278401 94.46604144282578 536.5905203860947 0 1 0
551.1427727520069 94.49914365534532 537.0188551276937 0 1 0
552.4052176543299 94.53229287798185 537.4478144210585 0 1 0
553.6695070082948 94.56548948448811 537.8774006920031 0 1 0
554.935648165414 94.5987338526407 538.3076163923635 0 1 0
556.2036485560783 94.63202636427849 538.7384640002789 0 1 0
-327.54448377337513 60.93108715389675 339.4138858777786 0 2 0
-327.1909592463323 60.90643567199384 340.1033899824816 0 2 0
-327.0136203158791 60.89406614280799 340.44926824958014 0 2 0
-326.8358949618237 60.8816671467254 340.79590124362653 0 2 0
-326.65778169697796 60.86923847803286 341.1432919079869 0 2 0
-326.4792790317594 60.85677993128761 341.49144319051265 0 2 0
-326.30038547416603 60.84429130131541 341.84035804359166 0 2 0
-326.1210995297494 60.83177238320804 342.19003942419977 0 2 0
-325.7613444902634 60.806642864271396 342.89171361915464 0 2 0
-325.03705973598653 60.75601138182712 344.30439096765616 0 2 0
-319.8085146577353 60.935461636094345 339.6545440907116 0 2 0
-321.36161363080515 61.43445434754143 341.9036146518991 0 2 0
-321.1708835818596 61.4233045787534 342.2493608884662 0 2 0
-320.97973658453316 61.41212654045539 342.59586451130326 0 2 0
-192.52885733497754 53.72064987289076 301.4594066910251 0 2 0
-192.1548986343969 53.69579140722773 301.62501445590306 0 2 0
-191.7805109497521 53.67089847362293 301.7908129040103 0 2 0
-191.40569407775055 53.64597109183007 301.95680212141826 0 2 0
-191.03044781505926 53.621009282014185 302.1229821941672 0 2 0
-190.6547719582556 53.596013064745506 302.2893532082874 0 2 0
-190.27866630377966 53.570982460993136 302.45591524982245 0 2 0
-189.9021306478861 53.545917492118924 302.6226684048484 0 2 0
-189.52516478659598 53.52081817987144 302.78961275949865 0 2 0
-189.14776851564747 53.495684546379266 302.95674839998276 0 2 0
-188.76994163044873 53.470516614145254 303.1240754126113 0 2 0
-188.39168392602846 53.445314406039586 303.29159388381413 0 2 0
-188.01299519698793 53.42007794529431 303.4593039001652 0 2 0
-187.63387523745266 53.394807255496126 303.62720554840314 0 2 0
-221.73089364934867 89.95678378941747 511.7942257312507 3 38 67
-194.09957856090287 88.7590062517656 504.9979549719986 10 45 76
-104.29365413441344 84.02082055531834 475.9328026757564 20 63 102
-86.61522317203033 80.83589308918363 462.5054440815466 27 65 108
-28.38185202291617 53.678514825461484 310.43076936871483 143 213 168
7.797528873744128 53.619029121681265 310.27085869404794 57 104 71
48.9095902932535 57.02604112076866 318.09268201625116 38 90 72
49.43256623342106 57.01426452664726 318.2145393413145 43 93 72
49.955973724113214 57.00248543400721 318.3364960836689 48 98 77
84.21083766688923 80.39369618412681 454.0790827433722 13 40 53
85.00541663422354 80.4159357361734 454.4753422397105 18 45 58
87.39784098309165 80.48295302470076 455.66843879751343 10 27 41
88.19822631475724 80.50539200112176 456.0675843736042 2 15 26
136.74398895116485 76.38948746737579 431.19022413289537 49 81 131
137.53582413706906 76.40382211037624 431.5117383413353 37 65 109
138.32891287359843 76.41818367470354 431.833760545936 14 42 86
139.12325811937822 76.43257215362298 432.1562919621466 0 15 51
480.6614341755892 93.0218241978777 512.9772205466058 0 1 0
481.82670303353007 93.0530160297057 513.3730126455124 0 1 0
482.9934996309744 93.08423947756069 513.7693259673969 0 1 0
484.1618279133424 93.1154947361668 514.1661618301151 0 1 0
485.33169186916734 93.14678200280237 514.563521565817 0 1 0
486.5030955305415 93.17810147731808 514.9614065210976 0 1 0
487.67604297356996 93.20945336215571 515.3598180571471 0 1 0
488.85053831882504 93.24083786236717 515.7587575499064 0 1 0
490.0265857318091 93.27225518563345 516.1582263902208 0 1 0
491.20418942341894 93.30370554228436 516.5582259839964 0 1 0
492.3833536504139 93.33518914531736 516.9587577523574 0 1 0
493.56408271589237 93.36670621041802 517.3598231318066 0 1 0
494.74638096976867 93.3982569559795 517.7614235743846 0 1 0
495.9302528092573 93.42984160312302 518.1635605478339 0 1 0
497.1157026793604 93.46146037571803 518.5662355357618 0 1 0
498.3027350733618 93.49311350040263 518.9694500378052 0 1 0
499.4913545333239 93.5248012066049 519.3732055698003 0 1 0
500.6815656505917 93.55652372656381 519.7775036639493 0 1 0
501.8733730662992 93.58828129535009 520.1823458689919 0 1 0
503.0667814718854 93.62007415088814 520.5877337503781 0 1 0
504.2617956096101 93.65190253397812 520.9936688904414 0 1 0
505.45842027307896 93.68376668831765 521.4001528885757 0 1 0
506.65666030777464 93.71566686052364 521.8071873614126 0 1 0
507.85652061158856 93.74760330015613 522.2147739430013 0 1 0
509.0580061353639 93.77957625974003 522.6229142849897 0 1 0
510.2611218834409 93.81158599478866 523.0316100568081 0 1 0
511.4658729142098 93.84363276382695 523.4408629458551 0 1 0
512.6722643406687 93.87571682841566 523.8506746576842 0 1 0
513.8803013309887 93.90783845317455 524.2610469161942 0 1 0
515.0899891090827 93.93999790580766 524.6719814638194 0 1 0
516.3013329551842 93.972195457127 525.0834800617257 0 1 0
517.5143382064298 94.00443138107792 525.4955444900031 0 1 0
518.7290102574468 94.03670595476409 525.9081765478652 0 1 0
519.9453545609533 94.06901945847348 526.321378053851 0 1 0
521.1633766283599 94.10137217570373 526.7351508460249 0 1 0
522.3830820303778 94.1337643931885 527.1494967821824 0 1 0
523.6044763976374 94.16619640092406 527.5644177400563 0 1 0
524.8275654213131 94.19866849219646 527.9799156175284 0 1 0
526.0523548537534 94.23118096360847 528.3959923328385 0 1 0
527.27885050912 94.26373411510697 528.8126498248009 0 1 0
528.5070582640342 94.29632825001161 529.2298900530203 0 1 0
529.7369840582302 94.32896367504266 529.6477149981108 0 1 0
530.9686338952192 94.36164070035028 530.0661266619196 0 1 0
532.2020138429532 94.39435963954271 530.4851270677484 0 1 0
533.4371300345114 94.42712080971704 530.9047182605847 0 1 0
534.6739886687781 94.45992453148843 531.3249023073298 0 1 0
535.9125960111415 94.49277112902048 531.7456812970306 0 1 0
537.1529583941956 94.52566093005642 532.1670573411178 0 1 0
538.39508221845 94.5585942659501 532.5890325736422 0 1 0
539.6389739530546 94.5915714716981 533.0116091515195 0 1 0
540.8846401365232 94.62459288597111 533.4347892547698 0 1 0
542.132087377477 94.65765885114696 533.8585750867712 0 1 0
543.3813223553902 94.69076971334421 534.2829688745056 0 1 0
544.6323518213479 94.72392582245465 534.7079728688165 0 1 0
545.8851825988127 94.75712753217823 535.1335893446625 0 1 0
547.1398215844033 94.79037520005716 535.5598206013811 0 1 0
548.3962757486808 94.82366918751117 535.9866689629516 0 1 0
549.6545521369447 94.85700985987303 536.4141367782606 0 1 0
550.9146578700435 94.89039758642451 536.8422264213748 0 1 0
552.1766001451913 94.92383274043307 537.2709402918151 0 1 0
553.440386236797 94.95731569918969 537.7002808148342 0 1 0
554.7060234973072 94.9908468440454 538.1302504416979 0 1 0
555.9735193580526 95.02442656045066 538.5608516499703 0 1 0
-273.09312309347797 53.94835766976775 297.03774241518374 0 2 0
-272.82171597398514 53.921404349234706 297.23236552924556 0 2 0
-272.5499051438453 53.894406491787315 297.4272786725123 0 2 0
-272.27768955075595 53.86736392197616 297.62248260808536 0 2 0
-272.00506814547805 53.840276465184644 297.8179780968039 0 2 0
-271.7320398818242 53.81314394762856 298.0137658972578 0 2 0
-271.4586037166434 53.78596619635477 298.2098467657946 0 2 0
-271.184758609806 53.75874303924029 298.4062214565323 0 2 0
-270.91050352419114 53.731474304991295 298.6028907213669 0 2 0
-269.5056009272406 53.41408834187849 297.53194870963904 0 2 0
-269.22924365559953 53.38621840467947 297.7255594661149 0 2 0
-268.95247665738714 53.35830217375742 297.91945784030474 0 2 0
-268.67529892594683 53.330339481952876 298.11364454499034 0 2 0
-269.53304232399074 53.59444103937098 299.5906818192123 0 2 0
-269.256305752827 53.56689529146174 299.7891341953818 0 2 0
-268.979152026067 53.53930279050015 299.9878863476003 0 2 0
-268.70158013013975 53.51166337179256 300.18693901036625 0 2 0
-268.4235890543524 53.48397687146607 300.3862929160486 0 2 0
-268.1451777908769 53.45624312646809 300.5859487949 0 2 0
-265.8427013404489 56.96057828047584 312.89464600780667 0 2 0
-265.5548115695682 56.939578555812595 313.12330260697763 0 2 0
-176.69408138776907 87.3863203735028 493.04600934600217 11 48 78
-162.03038250103822 88.39643011921636 490.6287186033805 15 51 88
-161.46748975781347 88.44526270642636 491.2981574601642 11 47 84
-150.22104312642892 86.53115182848182 483.0447738341629 13 52 88
-151.73343852290907 87.29787116223753 492.50433260396153 15 54 90
-104.95535319511161 84.34328940359454 475.20768226573597 23 63 103
-104.32589051898191 84.3785649308918 475.77489741697553 21 61 101
-30.69679905144948 56.02295253985311 311.3981750604776 139 199 157
-29.958173651611137 55.8065427922392 309.1928488431328 139 203 155
-9.296696206565485 56.70541120884941 312.91761574722796 125 193 148
-8.806105426781622 56.69140713715844 313.04318834349067 127 195 150
-8.315135893590453 56.677400821781475 313.16885658905784 130 198 153
-7.8237867157879055 56.66339225087292 313.29462070998585 129 197 152
49.39176316194616 57.25919015550394 318.1665995555774 34 87 65
156.2760451686483 97.7551852243785 541.941917608007 43 87 146
139.04785859689758 76.75797912666194 432.0490596258819 0 17 53
142.23704722609602 76.8168468650186 433.3437216945047 0 6 20
143.03751446089106 76.83163200646918 433.66867184278607 0 7 21
466.60241546782794 93.02186513032859 508.10806105473154 0 1 0
467.7491894437519 93.05295497519148 508.49747315110613 0 1 0
468.8974463330299 93.08407453766715 508.8873914192169 0 1 0
470.0471895979692 93.11522398488043 509.2778170164877 0 1 0
471.1984227389202 93.1464034863207 509.6687511129265 0 1 0
472.35114929467665 93.17761321385915 510.0601948912615 0 1 0
473.50537284288566 93.20885334176539 510.4521495470798 0 1 0
474.6610970004539 93.24012404672467 510.8446162889614 0 1 0
475.8183254239616 93.27142550785508 511.2375963386206 0 1 0
476.9770618100801 93.30275790672468 511.63109093104504 0 1 0
478.13730989599253 93.33412142736961 512.0251013146371 0 1 0
479.2990734598163 93.36551625631077 512.4196287513568 0 1 0
480.462356321034 93.39694258257286 512.814674516865 0 1 0
481.6271623409214 93.4284005977012 513.2102399006685 0 1 0
482.7934954229868 93.459890495781 513.6063262062667 0 1 0
483.9613595134078 93.49141247345474 514.0029347512993 0 1 0
485.1307586014785 93.52296672994164 514.4000668676958 0 1 0
486.3016967200535 93.55455346705563 514.7977239018243 0 1 0
487.47417794600346 93.58617288922449 515.1959072146457 0 1 0
488.64820640066984 93.61782520350937 515.594618181865 0 1 0
489.8237862503243 93.64951061962343 515.9938581940879 0 1 0
491.00092170663726 93.68122934995193 516.3936286569749 0 1 0
492.1796170271438 93.71298160957123 516.7939309914002 0 1 0
493.3598765157196 93.74476761626967 517.1947666336113 0 1 0
494.54170452305937 93.77658759056656 517.5961370353884 0 1 0
495.7251054471611 93.80844175573387 517.9980436642089 0 1 0
496.91008373381186 93.84033033781527 518.4004880034087 0 1 0
498.0966438770837 93.87225356564825 518.8034715523498 0 1 0
499.2847904198289 93.90421167088454 519.2069958265869 0 1 0
500.47452795418536 93.93620488801108 519.6110623580357 0 1 0
501.6658611220835 93.96823345437251 520.0156726951444 0 1 0
502.858794615759 94.0002976101916 520.4208284030652 0 1 0
504.053333178274 94.03239759859255 520.8265310638307 0 1 0
505.2494816040367 94.06453366562232 521.2327822765251 0 1 0
506.44724473933604 94.09670606027362 521.6395836574675 0 1 0
507.6466274828731 94.1289150345074 522.0469368403876 0 1 0
508.84763478630146 94.16116084327625 522.4548434766085 0 1 0
510.0502716547774 94.19344374454779 522.8633052352312 0 1 0
511.2545431475085 94.22576399932764 523.2723238033179 0 1 0
512.4604543783138 94.25812187168388 523.681900886081 0 1 0
513.6680105161877 94.29051762877123 524.0920382070718 0 1 0
514.877216785872 94.32295154085607 524.5027375083729 0 1 0
516.0880784684293 94.35542388133929 524.91400055079 0 1 0
517.3006009018302 94.38793492678451 525.3258291140497 0 1 0
518.5147894815407 94.42048495694027 525.7382249969967 0 1 0
519.7306496611197 94.45307425476878 526.1511900177925 0 1 0
520.9481869528223 94.48570310646974 526.5647260141207 0 1 0
522.1674069282087 94.51837180150815 526.9788348433884 0 1 0
523.3883152187624 94.55108063264034 527.3935183829366 0 1 0
524.6109175165153 94.58382989594182 527.8087785302469 0 1 0
525.8352195746776 94.61661989083457 528.2246172031546 0 1 0
527.0612272082753 94.64945092011423 528.6410363400626 0 1 0
528.2889462948018 94.68232328997944 529.0580379001589 0 1 0
529.5183827748672 94.71523731005979 529.4756238636351 0 1 0
530.7495426528604 94.74819329344523 529.8937962319089 0 1 0
531.9824319976228 94.78119155671513 530.3125570278489 0 1 0
533.2170569431216 94.81423241996849 530.7319082960012 0 1 0
534.4534236891391 94.84731620685427 531.1518521028205 0 1 0
535.6915385019654 94.88044324460121 531.5723905369014 0 1 0
536.9314077151023 94.91361386405009 531.9935257092166 0 1 0
538.1730377299755 94.9468283996849 532.4152597533534 0 1 0
539.4164350166546 94.98008718966426 532.8375948257556 0 1 0
540.6616061145824 95.01339057585467 533.2605331059692 0 1 0
541.9085576333138 95.04673890386282 533.6840767968891 0 1 0
543.1572962532654 95.0801325230698 534.1082281250101 0 1 0
544.4078287264725 95.11357178666371 534.5329893406819 0 1 0
545.6601618773544 95.14705705167536 534.9583627183633 0 1 0
546.9143026034957 95.1805886790124 535.3843505568871 0 1 0
548.1702578764306 95.21416703349483 535.8109551797203 0 1 0
549.4280347424425 95.24779248389115 536.2381789352333 0 1 0
550.6876403233708 95.2814654029546 536.666024196971 0 1 0
551.9490818174309 95.31518616746003 537.0944933639242 0 1 0
553.2123665000419 95.34895515824184 537.523588860812 0 1 0
554.4775017246718 95.38277276023199 537.9533131383606 0 1 0
555.7444949236834 95.41663936249846 538.3836686735889 0 1 0
-326.9869854430167 61.45384899729304 340.2655802834857 0 2 0
-326.80941564215493 61.44208433872796 340.6116483032017 0 2 0
-326.63145878729586 61.43029140596459 340.958471760521 0 2 0
-326.4531133917379 61.41846999718025 341.3060535962435 0 2 0
-326.2743779663658 61.406619910837 341.65439675568365 0 2 0
-191.8376763577817 54.16239527374624 301.70750456664774 0 2 0
-191.46313690328356 54.13777154658362 301.8733370121342 0 2 0
-191.08816823813223 54.11311362206817 302.0393602072199 0 2 0
-205.34774398521586 90.95568279664087 508.38323878668166 5 45 74
-162.6043483046192 88.71452531134611 489.7808240623219 12 51 87
-162.04318569661737 88.7637059735439 490.44798147751777 14 53 89
-161.4805592892181 88.81302044100366 491.11687670195784 13 52 88
-162.03795529742098 88.97116130312223 499.4570088436195 13 52 88
-152.3305246179666 87.6214847598907 491.6597746939895 13 52 88
-128.54859803711386 86.55623216247022 475.48180732002896 16 57 94
-33.28057440606304 55.4156888912884 314.51767427288456 113 159 133
-32.02748450828469 55.60789676006845 312.87570548057795 124 179 143
-31.54653084061753 55.59151201485073 313.0069522550401 131 191 147
-31.065203605849657 55.57512284962412 313.1382997723807 142 202 158
-12.267390510940524 57.030816551735235 312.12080805092467 125 193 148
-11.77913498237933 57.01693193456625 312.2457749195333 125 193 148
-11.290505765777066 57.00304526130573 312.37083613439637 125 193 148
-10.801501985899767 56.98915652232345 312.4959919172155 125 193 148
-10.312122764760254 56.97526570764496 312.6212424904388 125 193 148
155.12836537612512 98.09410119075191 541.1376621555137 42 86 145
156.16984511736766 98.15259083277417 541.7540912058996 42 86 145
141.3622441013477 77.1282273375358 432.91179771235227 0 9 34
142.16123780320993 77.14324680525493 433.2360883549125 0 7 21
142.9615021634588 77.15829394612872 433.5608938363547 0 7 21
147.78993837704866 77.24915740934489 435.52060666248536 0 7 12
456.15907773492063 93.11279664590963 504.46846465199326 0 1 0
457.2922082616557 93.14388679863269 504.8531514490525 0 1 0
458.4267914977498 93.17500550036061 505.23833424869264 0 1 0
459.5628305814436 93.20615289915439 505.62401410085806 0 1 0
460.7003286855469 93.23732914531388 506.0101920669056 0 1 0
461.83928901781377 93.26853439139455 506.3968692197327 0 1 0
462.97971482131675 93.29976879222222 506.7840466439009 0 1 0
464.1216093748307 93.33103250491013 507.17172543576817 0 1 0
465.26497599321084 93.36232568887402 507.55990670361274 0 1 0
466.40981802778305 93.39364850584897 507.94859156776425 0 1 0
467.5561388667305 93.42500111990594 508.3377811607368 0 1 0
468.7039419354884 93.45638369746722 508.72747662735696 0 1 0
469.8532306971377 93.48779640732451 509.11767912490063 0 1 0
471.00400865280494 93.51923942065444 509.5083898232238 0 1 0
472.1562793420663 93.55071291103597 509.8996099048993 0 1 0
473.3100463433516 93.58221705446776 510.29134056535366 0 1 0
474.465313274355 93.61375202938474 510.68358301300384 0 1 0
475.62208379244834 93.64531801667601 511.0763384693954 0 1 0
476.7803615950958 93.67691519970181 511.46960816934387 0 1 0
477.94015042027837 93.70854376431191 511.8633933610758 0 1 0
479.1014540469136 93.74020389886277 512.2576953063694 0 1 0
480.2642762952864 93.77189579423573 512.6525152807012 0 1 0
481.42862102747915 93.80361964385538 513.0478545733874 0 1 0
482.5944921478102 93.83537564370793 513.4437144877346 0 1 0
483.761893603269 93.86716399235928 513.8400963411831 0 1 0
484.9308293839653 93.89898489097415 514.2370014654595 0 1 0
486.1013035235709 93.93083854333506 514.6344312067241 0 1 0
487.2733200997795 93.96272515586104 515.0323869257256 0 1 0
488.4468832347539 93.99464493762687 515.430869997951 0 1 0
489.6219970955954 94.02659810038327 515.8298818137854 0 1 0
490.79866589480235 94.05858485857563 516.2294237786609 0 1 0
491.97689389074395 94.0906054293647 516.629497313222 0 1 0
493.1566853881311 94.1226600326459 517.0301038534789 0 1 0
494.33804473849676 94.15474889107047 517.4312448509704 0 1 0
495.5209763406808 94.18687223006526 517.832921772927 0 1 0
496.7054846413139 94.21903027785416 518.235136102434 0 1 0
497.8915741353169 94.25122326547853 518.6378893385971 0 1 0
499.0792493663919 94.28345142681846 519.0411829967084 0 1 0
500.26851492752957 94.31571499861474 519.4450186084175 0 1 0
501.45937546151697 94.3480142204902 519.8493977219006 0 1 0
502.6518356614504 94.38034933497148 520.2543219020337 0 1 0
503.8459002712528 94.41272058751147 520.6597927305646 0 1 0
505.0415740862 94.44512822651198 521.0658118062926 0 1 0
506.2388619534487 94.47757250334617 521.4723807452418 0 1 0
507.4377687725726 94.51005367238147 521.8795011808448 0 1 0
508.63829949610135 94.54257199100323 522.2871747641208 0 1 0
509.84045913007054 94.57512771963786 522.6954031638609 0 1 0
511.0442527345697 94.60772112177719 523.1041880668134 0 1 0
512.2496854243054 94.6403524640021 523.5135311778708 0 1 0
513.4567623691614 94.67302201600707 523.923434220259 0 1 0
514.6654887947715 94.70573005062515 524.3338989357285 0 1 0
515.8758699830989 94.73847684385306 524.7449270847494 0 1 0
517.0879112730142 94.77126267487618 525.1565204467064 0 1 0
518.3016180608894 94.80408782609467 525.5686808200956 0 1 0
519.5169958011933 94.83695258314889 525.9814100227255 0 1 0
520.7340500070949 94.86985723494661 526.3947098919208 0 1 0
521.9527862510738 94.902802073689 526.8085822847246 0 1 0
523.1732101655364 94.93578739489814 527.2230290781065 0 1 0
524.3953274434435 94.968813497444 527.6380521691732 0 1 0
525.6191438389376 95.00188068357306 528.0536534753783 0 1 0
526.8446651679841 95.03498925893507 528.4698349347369 0 1 0
528.0718973090187 95.06813953261302 528.8865985060446 0 1 0
529.3008462036008 95.10133181715135 529.3039461690944 0 1 0
530.5315178570748 95.13456642858526 529.7218799248996 0 1 0
531.7639183392414 95.16784368647038 530.1404017959185 0 1 0
532.9980537850347 95.20116391391358 530.559513826282 0 1 0
534.2339303952098 95.23452743760214 530.9792180820231 0 1 0
535.4715544370362 95.26793458783655 531.3995166513098 0 1 0
536.7109322450005 95.30138569856011 531.820411644681 0 1 0
537.9520702215232 95.33488110739223 532.2419051952858 0 1 0
539.1949748376716 95.36842115565966 532.6639994591244 0 1 0
540.4396526338976 95.40200618843018 533.0866966152927 0 1 0
541.6861102207711 95.4356365545451 533.5099988662304 0 1 0
542.9343542797309 95.46931260665329 533.9339084379701 0 1 0
544.1843915638443 95.50303470124544 534.3584275803955 0 1 0
545.4362288985707 95.53680319868873 534.7835585674935 0 1 0
546.689873182544 95.57061846326197 535.2093036976186 0 1 0
547.945331388355 95.6044808631913 535.635665293754 0 1 0
549.2026105633561 95.63839077068688 536.0626457037818 0 1 0
550.4617178304634 95.67234856197915 536.4902473007512 0 1 0
551.7226603889796 95.70635461735625 536.9184724831546 0 1 0
552.9854455154236 95.74040932120263 537.3473236752047 0 1 0
554.2500805643706 95.77451306203665 537.7768033271171 0 1 0
555.5165729693059 95.80866623254987 538.2069139153949 0 1 0
-274.48501300437664 54.57671346087562 295.9808591864594 0 2 0
-274.21585171834204 54.55036770234729 296.17382572590077 0 2 0
-273.94629280867764 54.52397886108452 296.3670778277248 0 2 0
-273.67633520738974 54.497546757473344 296.56061626659533 0 2 0
-273.4059778496095 54.47107121274192 296.75444181487387 0 2 0
-273.1352196735751 54.44455204895882 296.9485552426284 0 2 0
-272.8640596206198 54.41798908903235 297.1429573176447 0 2 0
-272.5924966351569 54.39138215670936 297.33764880543623 0 2 0
-272.3205296646647 54.364731076574 297.532630469254 0 2 0
-272.04815765967305 54.3380356740468 297.7279030700965 0 2 0
-271.7753795737492 54.31129577538378 297.92346736672175 0 2 0
-271.50219436348254 54.284511207674974 298.11932411565425 0 2 0
-271.2286009884716 54.25768179884417 298.31547407119865 0 2 0
-270.95459841130855 54.23080737764734 298.5119179854478 0 2 0
-270.6801855975657 54.203887773671795 298.7086566082932 0 2 0
-270.4053615157802 54.176922817335516 298.9056906874357 0 2 0
-270.1301251374414 54.14991233988596 299.10302096839587 0 2 0
-267.29650522224824 57.75168817900348 312.7882234102081 0 2 0
-266.44654939129555 57.51598786285861 312.32850620981856 0 2 0
-153.81823992762767 63.75836256858368 346.4199840326201 0 2 7
-206.35803619572388 90.80614052815024 502.78366859756335 1 41 70
-206.94901672045145 94.18120009132139 511.15493789400875 3 43 72
-163.66505109876934 89.02983004248482 492.44743545390565 9 48 84
-163.10359975528965 89.07970155992261 493.1247746521604 12 51 87
-160.93244194852073 88.21063890045691 488.8992778615317 9 48 84
-160.3697925496625 88.25808207338609 489.56163202199633 13 52 88
-128.5717557422021 86.91238106863449 475.3203834182863 14 57 96
-34.4651765433117 58.751718596623014 319.03068779275156 101 137 121
-32.063444768162476 55.85199402109664 312.8308301382252 128 186 145
-31.58257101607637 55.835719971995694 312.96203951589683 134 195 148
-31.101323439430995 55.81944162590535 313.0933496876779 145 206 159
-14.91047616510641 55.08502913783708 309.26594843317025 125 193 146
-14.251460297541577 57.327355741515 311.5766451019846 125 193 146
-13.764771783292064 57.31358498406685 311.70120040932227 125 193 146
-13.277712828002 57.29981232824606 311.8258492219613 125 193 146
-12.7902825672756 57.28603776596383 311.95059175864276 126 194 147
-12.302480133903432 57.27226128878568 312.07542823886916 126 194 147
-11.814304657878715 57.258482887931244 312.2003588828982 125 193 146
-11.325755266414669 57.24470255427445 312.32538391174035 125 193 146
-10.836831083961437 57.2309202783434 312.4505035471529 125 193 146
-10.347531232223455 57.21713605032037 312.5757180116372 125 193 146
155.02308707310175 98.49092732487847 540.950576875768 44 88 147
156.06414694631707 98.54987676012121 541.5666076596319 44 88 147
157.10767416393196 98.60897273918007 542.184096338986 43 90 148
141.28704059098266 77.45431552748063 432.8044860566499 0 9 34
142.08583389225518 77.46959639263873 433.12863318853925 0 7 21
142.88589751451272 77.48490532874688 433.45329492761255 0 7 21
460.51095635687375 93.60764450299101 505.85220584534375 0 1 0
461.6494684828264 93.6391109594861 506.2386625913769 0 1 0
462.7894453950846 93.67060680886881 506.62561931211724 0 1 0
463.93089037322477 93.70213220982339 507.0130771038062 0 1 0
465.0738067329119 93.73368732335693 507.4010370746069 0 1 0
466.2181978262815 93.76527231281536 507.78950034472746 0 1 0
467.3640670423344 93.79688734390062 508.17846804655716 0 1 0
468.511417807324 93.82853258468681 508.5679413247954 0 1 0
469.66025358515566 93.86020820563724 508.9579213365851 0 1 0
470.8105778777834 93.89191437962093 509.3484092516468 0 1 0
471.96239422561416 93.9236512819297 509.7394062524142 0 1 0
473.11570620791264 93.95541909029613 510.13091353417025 0 1 0
474.27051744321267 93.98721798491 510.5229323051841 0 1 0
475.4268315897269 94.01904814843627 510.91546378685024 0 1 0
476.58465234576653 94.05090976603273 511.3085092138285 0 1 0
477.7439834501617 94.08280302536765 511.70206983418615 0 1 0
478.9048286826825 94.11472811663779 512.0961469095374 0 1 0
480.0671918644703 94.14668523258665 512.4907417151903 0 1 0
481.2310768584684 94.17867456852298 512.8858555402898 0 1 0
482.3964875698568 94.210696322339 513.281489687965 0 1 0
483.563427946493 94.24275069452894 513.6776454754755 0 1 0
484.7319019793548 94.27483788820857 514.0743242343617 0 1 0
485.90191370298993 94.30695810913342 514.4715273105953 0 1 0
487.0734671959665 94.33911156571904 514.8692560647294 0 1 0
488.24656658132966 94.37129846905935 515.2675118720534 0 1 0
489.42121602706226 94.40351903294723 515.6662961227473 0 1 0
490.5974197465501 94.43577347389338 516.0656102220361 0 1 0
491.775181999052 94.46806201114775 516.46545559035 0 1 0
492.9545070901714 94.5003848667184 516.8658336634813 0 1 0
494.1353993723406 94.53274226539324 517.2667458927483 0 1 0
495.31786324529696 94.56513443475934 517.6681937451528 0 1 0
496.50190315657716 94.5975616052256 518.0701787035479 0 1 0
497.6875236020059 94.63002401004236 518.4727022668019 0 1 0
498.8747291261973 94.66252188532364 518.8757659499655 0 1 0
500.06352432305573 94.69505547006871 519.2793712844409 0 1 0
501.253913836286 94.72762500618401 519.6835198181521 0 1 0
502.44590235990364 94.76023073850473 520.0882131157178 0 1 0
503.6394946387579 94.79287291481843 520.4934527586242 0 1 0
504.83469546905195 94.8255517858863 520.8992403454023 0 1 0
506.0315096988743 94.858267605467 521.3055774918047 0 1 0
507.22994222873444 94.89102063033998 521.7124658309856 0 1 0
508.4299980121023 94.9238111203283 522.1199070136819 0 1 0
509.63168205595593 94.95663933832282 522.5279027083964 0 1 0
510.8349994213331 94.98950555030618 522.9364546015834 0 1 0
512.039955223891 95.02241002537711 523.3455643978373 0 1 0
513.2465546344704 95.0553530357758 523.7552338200795 0 1 0
514.454802879666 95.08833485690738 524.1654646097522 0 1 0
515.6647052424032 95.12135576736861 524.57625852701 0 1 0
516.876267062524 95.15441604897299 524.9876173509176 0 1 0
518.0894937373727 95.18751598677643 525.3995428796453 0 1 0
519.304390722398 95.22065586910396 525.812036930672 0 1 0
520.5209635317518 95.25383598757598 526.2251013409849 0 1 0
521.7392177389029 95.28705663713565 526.6387379672861 0 1 0
522.9591589772518 95.32031811607554 527.0529486861982 0 1 0
524.1807929407565 95.35362072606614 527.4677353944738 0 1 0
525.4041253845664 95.38696477218348 527.8831000092104 0 1 0
526.6291621256566 95.42035056293696 528.299044468058 0 1 0
527.8559090434796 95.45377841029962 528.7155707294445 0 1 0
529.0843720806174 95.48724862973556 529.1326807727871 0 1 0
530.3145572434422 95.52076154023129 529.5503765987204 0 1 0
531.5464706027902 95.55431746432416 529.9686602293158 0 1 0
532.7801182946386 95.58791672813389 530.3875337083142 0 1 0
534.0155065207904 95.62155966139291 530.8069991013521 0 1 0
535.2526415495704 95.65524659747743 531.2270584961948 0 1 0
536.4915297165312 95.68897787344034 531.6477140029752 0 1 0
537.7321774251611 95.72275383004124 532.0689677544285 0 1 0
538.9745911476084 95.75657481178145 532.4908219061373 0 1 0
540.218777425411 95.79044116693505 532.9132786367728 0 1 0
541.464742870235 95.8243532475838 533.3363401483467 0 1 0
542.7124941646241 95.85831140965064 533.7600086664571 0 1 0
543.9620380627563 95.89231601293422 534.1842864405467 0 1 0
545.2133813912167 95.92636742114406 534.6091757441585 0 1 0
546.4665310497686 95.96046600193606 535.0346788751954 0 1 0
547.7214940121472 95.99461212694865 535.4607981561858 0 1 0
548.9782773268561 96.02880617183938 535.8875359345502 0 1 0
550.2368881179746 96.06304851632181 536.3148945828715 0 1 0
551.4973335859804 96.09733954420399 536.7428764991705 0 1 0
552.7596210085771 96.13167964342571 537.1714841071837 0 1 0
554.0237577415382 96.16606920609817 537.6007198566447 0 1 0
555.2897512195574 96.20050862854309 538.0305862235695 0 1 0
-205.87326609614584 92.63898350285051 507.70066916487207 3 43 72
-160.9474051010833 88.57738284651808 488.7191092158538 13 52 88
-156.2061342943551 90.97147428225492 501.5159746664923 15 51 88
-128.69285243897386 87.59124153997857 475.66198135449747 14 57 96
-61.85232825285299 78.01938955154232 429.80021296766427 52 63 102
-61.23393623499675 79.30330751140703 431.3927510960402 43 45 80
-33.05996270109504 56.12842704700584 312.52388552795367 126 178 143
-32.57991338132056 56.112272053195305 312.6548567939009 128 186 143
-32.09949165917484 56.0961128907367 312.7859284543242 135 193 150
-15.984914981455471 55.85419931578055 310.89301075108705 127 192 148
-15.500409471986115 55.83845631625414 311.0169560982866 127 192 148
-13.312680237554 57.541063265958805 311.78052949569286 124 192 147
-12.82532924770631 57.52739467054004 311.9052360422546 126 194 149
-12.337605856158357 57.51372428276119 312.03003657145007 126 194 149
-11.849509192586542 57.50005209400274 312.1549313035934 126 194 149
-11.361038383893954 57.486378095297745 312.2799204597485 125 193 148
-10.872192554227873 57.472702277332026 312.40500426172514 126 194 149
154.91830540132565 98.88763618066223 540.7638305093861 44 88 145
155.95894879036362 98.94704504501492 541.379465201242 45 89 146
157.00205817235704 99.00660151732812 541.9965566355003 44 88 147
460.32255152302776 93.97780344273704 505.69459372694405 0 1 0
461.46061694315586 94.00953075654252 506.08083067396956 0 1 0
462.60014646709425 94.04128770166301 506.4675672998392 0 1 0
463.74114337526987 94.073074438359 506.8548047006968 0 1 0
464.8836109842031 94.1048911292337 507.24254398460096 0 1 0
466.0275526468912 94.13673793924949 507.63078627165714 0 1 0
467.1729717531988 94.16861503574437 508.0195326941447 0 1 0
468.31987173024885 94.20052258844888 508.4087843966506 0 1 0
469.46825604281895 94.23246076950332 508.798542536202 0 1 0
470.61812819374217 94.26442975347408 509.1888082824 0 1 0
471.76949172430596 94.29642971737125 509.5795828175548 0 1 0
472.9223502146626 94.32846084066635 509.9708673368223 0 1 0
474.0767072842337 94.36052330530899 510.3626630483404 0 1 0
475.2325665921265 94.39261729574534 510.75497117336914 0 1 0
476.389931837551 94.42474299893554 511.14779294642995 0 1 0
477.5488067602376 94.45690060437158 511.54112961544627 0 1 0
478.70919514086245 94.48909030409573 511.934982441886 0 1 0
479.8711008014766 94.52131229271896 512.3293527009063 0 1 0
481.03452760593717 94.55356676743885 512.7242416814972 0 1 0
482.1994794603406 94.58585392805881 513.1196506866282 0 1 0
483.36596031346545 94.61817397700682 513.5155810333958 0 1 0
484.53397415721463 94.6505271193545 513.9120340531728 0 1 0
485.7035250270645 94.6829135628362 514.3090110917581 0 1 0
486.87461700251384 94.7153335178682 514.7065135095283 0 1 0
488.047254207546 94.74778719756898 515.1045426815929 0 1 0
489.22144081108183 94.78027481777877 515.5030999979452 0 1 0
490.3971810274516 94.81279659707924 515.9021868636207 0 1 0
491.5744791168606 94.84535275681404 516.3018046988557 0 1 0
492.75333938586476 94.87794352110937 516.7019549392437 0 1 0
493.9337661878492 94.9105691168945 517.1026390358975 0 1 0
495.1157639235111 94.94322977392262 517.5038584556123 0 1 0
496.29933704134874 94.97592572479216 517.9056146810271 0 1 0
497.4844900381543 95.008657204968 518.3079092107929 0 1 0
498.6712274595118 95.04142445280318 518.7107435597377 0 1 0
499.859553900299 95.07422770956067 519.114119259036 0 1 0
501.0494740051994 95.10706721943538 519.5180378563796 0 1 0
502.2409924692113 95.13994322957711 519.92250091615 0 1 0
503.43411403816935 95.17285599011224 520.3275100195914 0 1 0
504.62884350926714 95.20580575416712 520.7330667649875 0 1 0
505.8251857315894 95.23879277789149 521.1391727678391 0 1 0
507.023145606642 95.27181732048153 521.545829661043 0 1 0
508.2227280888999 95.30487964420333 521.9530390950738 0 1 0
509.4239381863495 95.33798001441755 522.3608027381679 0 1 0
510.6267809610395 95.37111869960319 522.7691222765067 0 1 0
511.83126152964553 95.40429597138238 523.1779994144074 0 1 0
513.0373850640284 95.43751210454529 523.5874358745089 0 1 0
514.2451567918114 95.47076737707535 523.9974333979661 0 1 0
515.4545819969499 95.50406207017436 524.4079937446397 0 1 0
516.6656660203239 95.53739646828953 524.8191186932982 0 1 0
517.878414260319 95.5707708591378 525.2308100418072 0 1 0
519.0928321734314 95.604185533734 525.6430696073375 0 1 0
520.3089252748656 95.63764078641711 526.055899226563 0 1 0
521.5266991391491 95.67113691487712 526.4693007558666 0 1 0
522.7461594007463 95.70467422018318 526.8832760715467 0 1 0
523.9673117546868 95.73825300681142 527.2978270700278 0 1 0
525.1901619571944 95.7718735826729 527.7129556680701 0 1 0
526.4147158263288 95.80553625914243 528.1286638029864 0 1 0
527.6409792426309 95.83924135108813 528.5449534328578 0 1 0
528.8689581497777 95.87298917690016 528.9618265367515 0 1 0
530.098658555246 95.90678005852115 529.3792851149461 0 1 0
531.3300865309822 95.94061432147623 529.7973311891532 0 1 0
532.5632482140792 95.97449229490357 530.215966802746 0 1 0
533.7981498074657 96.00841431158607 530.63519402099 0 1 0
535.0347975806001 96.04238070798239 531.0550149312742 0 1 0
536.273197870175 96.07639182425928 531.4754316433492 0 1 0
537.5133570808282 96.11044800432354 531.8964462895632 0 1 0
538.7552816858657 96.14454959585584 532.3180610251056 0 1 0
539.9989782279924 96.1786969503432 532.7402780282515 0 1 0
541.2444533200495 96.21289042311355 533.1630995006083 0 1 0
542.4917136457659 96.24713037336947 533.5865276673671 0 1 0
543.7407659605171 96.2814171642239 534.010564777558 0 1 0
544.99161709209 96.31575116273434 534.435213104305 0 1 0
546.2442739414652 96.35013273994001 534.8604749450883 0 1 0
547.4987434836041 96.3845622708975 535.2863526220079 0 1 0
548.7550327682475 96.41904013471796 535.7128484820511 0 1 0
550.0131489207247 96.45356671460446 536.1399648973635 0 1 0
551.273099142772 96.4881423978903 536.5677042655217 0 1 0
552.5348907133675 96.52276757607763 536.996069009815 0 1 0
553.7985309895697 96.55744264487664 537.4250615795238 0 1 0
555.0640274073713 96.59216800424535 537.8546844502071 0 1 0
-282.69887995986284 55.264206468547634 298.0729533337115 0 3 0
-283.0342974525589 56.32282622601338 299.65384399363654 0 3 0
-274.2577104236516 55.04490357555071 296.0850051724295 0 2 0
-273.9883964345701 55.01890276393795 296.27803802801805 0 2 0
-273.71868453540674 54.99285925612513 296.47135660162877 0 2 0
-273.44857366109966 54.96677287336284 296.66496166575524 0 2 0
-273.1780627496828 54.94064343774552 296.85885399060794 0 2 0
-272.90715074227114 54.914470772210336 297.0530343441228 0 2 0
-272.6358365830456 54.888254700536024 297.24750349197205 0 2 0
-272.364119219241 54.86199504734206 297.4422621975751 0 2 0
-272.09199760112904 54.835691638087596 297.6373112221086 0 2 0
-266.1904210283731 58.009307390363844 312.4452948446866 0 2 0
-265.32833969747173 57.94890704851866 313.12958319849224 0 2 0
-258.969525775193 56.735299543248125 306.22218150524515 0 3 0
-224.89519015065392 96.02920968037425 515.7167629217489 10 43 70
-222.89224521636297 96.48098354715489 522.4985573534176 4 41 69
-205.8692913374349 93.01777854484683 507.4922341075122 3 43 72
-172.57888517023503 91.77381253188926 499.64097984341754 12 49 81
-144.5378951397576 90.46234927201694 494.85268477343067 16 55 91
-129.5958014583616 88.97640619887922 478.98621304828293 12 55 94
-78.68539533715322 83.02526067195863 447.9779132833184 29 69 111
-76.7490118507541 87.32475513268908 471.3729134504054 27 69 115
-35.054908096803416 59.832248022663315 319.6406625807585 97 143 115
-34.564743860508216 59.8202809692954 319.784559280607 115 161 133
-17.472409759423105 56.143171480947146 310.4778145094201 126 191 147
-12.372768032402165 57.75520646049906 311.98463281911216 126 194 147
-11.884748943742096 57.74164048105096 312.1094919512066 124 192 145
-11.396355477992405 57.72807281407526 312.23444554715326 122 190 143
-10.907586759009986 57.714503450414725 312.3594938288114 123 191 144
26.59810706080523 59.57255979956517 318.76532774391694 33 74 67
155.85424879169733 99.34409771683377 541.1926620700851 39 83 142
156.89694372107596 99.40411432075705 541.8093584324837 37 84 142
136.89231295022415 75.73723286959132 402.5226105455585 0 7 11
464.69438653812057 94.47593848928327 507.0844263235263 0 1 0
465.8378802797241 94.50804676847609 507.47244823802816 0 1 0
466.982850788521 94.54018557931519 507.8609739925186 0 1 0
468.1293014925521 94.57235509319264 508.2500047314881 0 1 0
469.27723585751846 94.60455548393058 508.63954161186365 0 1 0
470.4266573871809 94.6367869277982 509.0295858031431 0 1 0
471.5775696237589 94.66904960352903 509.4201384875291 0 1 0
472.72997614834105 94.70134369233874 509.8112008600667 0 1 0
473.88388058129 94.73366937794187 510.2027741287798 0 1 0
475.0392865826586 94.76602684657102 510.5948595148094 0 1 0
476.19619785260625 94.79841628699366 510.9874582525552 0 1 0
477.354618131818 94.83083789053123 511.3805715898152 0 1 0
478.5145512019277 94.86329185107634 511.77420078792665 0 1 0
479.67600088594963 94.89577836511228 512.1683471219131 0 1 0
480.8389710487066 94.92829763173098 512.563011880627 0 1 0
482.0034655972673 94.9608498526525 512.9581963668955 0 1 0
483.16948848138395 94.99343523224348 513.3539018976691 0 1 0
484.3370436939407 95.02605397753668 513.7501298041711 0 1 0
485.50613527139586 95.05870629825006 514.1468814320456 0 1 0
486.6767672942372 95.09139240680649 514.5441581415109 0 1 0
487.8489438874383 95.12411251835408 514.9419613075129 0 1 0
489.02266922091815 95.15686685078536 515.3402923198782 0 1 0
490.19794751000563 95.18965562475798 515.7391525834714 0 1 0
491.37478301591096 95.22247906371508 516.1385435183518 0 1 0
492.553180046199 95.25533739390588 516.5384665599328 0 1 0
493.73314295526694 95.28823084440653 516.9389231591423 0 1 0
494.9146761448298 95.32115964714112 517.3399147825861 0 1 0
496.0977840644069 95.35412403690331 517.7414429127095 0 1 0
497.282471211816 95.38712425137767 518.1435090479644 0 1 0
498.468742133671 95.42016053116129 518.5461147029754 0 1 0
499.6566014258855 95.45323311978625 518.9492614087098 0 1 0
500.8460537341808 95.48634226374168 519.3529507126468 0 1 0
502.0371037545994 95.51948821249644 519.7571841789504 0 1 0
503.22975623402294 95.55267121852161 520.1619633886427 0 1 0
504.42401597069875 95.5858915373141 520.5672899397802 0 1 0
505.6198878147685 95.6191494274197 520.9731654476329 0 1 0
506.8173766688005 95.6524451504565 521.37959154486 0 1 0
508.0164874883367 95.6857789711396 521.7865698816954 0 1 0
509.21722528243544 95.71915115730451 522.1941021261296 0 1 0
510.4195951142232 95.75256197993181 522.6021899640921 0 1 0
511.6236021014575 95.78601171317243 523.0108350996447 0 1 0
512.8292514170872 95.8195006343724 523.4200392551645 0 1 0
514.0365482898284 95.85302902409819 523.8298041715408 0 1 0
515.2454980047348 95.88659716616282 524.2401316083639 0 1 0
516.4561059037906 95.92020534765176 524.6510233441247 0 1 0
517.668377386492 95.95385385894933 525.0624811764096 0 1 0
518.8823179104505 95.98754299376522 525.4745069221025 0 1 0
520.0979329919932 96.02127304916237 525.8871024175863 0 1 0
521.3152282067756 96.05504432558371 526.3002695189479 0 1 0
522.5342091903967 96.08885712688004 526.7140101021845 0 1 0
523.7548816390279 96.12271176033866 527.1283260634141 0 1 0
524.9772513100411 96.15660853671156 527.5432193190869 0 1 0
526.2013240226498 96.19054777024458 527.9586918061982 0 1 0
527.4271056585575 96.2245297787062 528.3747454825075 0 1 0
528.6546021626112 96.2585548834186 528.791382326757 0 1 0
529.883819543465 96.2926234092861 529.2086043388925 0 1 0
531.1147638742491 96.32673568482741 529.6264135402896 0 1 0
532.34744129325 96.36089204220515 530.0448119739801 0 1 0
533.581858004597 96.39509281725813 530.4638017048826 0 1 0
534.8180202789584 96.4293383495331 530.8833848200352 0 1 0
536.0559344542446 96.4636289823169 531.3035634288302 0 1 0
537.2956069363216 96.49796506266938 531.7243396632562 0 1 0
538.5370441997322 96.53234694145628 532.1457156781356 0 1 0
539.7802527884268 96.56677497338374 532.5676936513714 0 1 0
541.0252393165038 96.60124951703135 532.9902757841949 0 1 0
542.2720104689566 96.6357709348879 533.4134643014158 0 1 0
543.5205730024386 96.670339593386 533.8372614516782 0 1 0
544.7709337460245 96.70495586293795 534.2616695077146 0 1 0
546.0230996019953 96.73962011797208 534.6866907666107 0 1 0
547.2770775466205 96.77433273696923 535.1123275500647 0 1 0
548.5328746309641 96.80909410250035 535.5385822046587 0 1 0
-279.16868044068303 54.988727670625586 294.79581856500215 0 3 0
-283.05072599910335 56.57204191332728 299.60529302958827 0 3 0
-225.38911381767232 52.23033073280237 274.06549048690584 0 2 0
-225.06330693654655 52.20110225016455 274.1867033269243 0 2 0
-224.73715210635893 52.17183548085128 274.30804609545544 0 2 0
-224.41064898661065 52.1425303673439 274.42951892099984 0 2 0
-224.08379724132186 52.1131868531111 274.5511219303387 0 2 0
-223.7565965390025 52.0838048826058 274.67285524854316 0 2 0
-223.42904655262467 52.05438440126299 274.7947189989848 0 2 0
-223.101146959594 52.02492535549678 274.91671330334617 0 2 0
-222.77289744172145 51.995427692698094 275.03883828163254 0 2 0
-222.4442976851926 51.965891361231286 275.16109405218083 0 2 0
-203.05077924482535 91.65161644565352 494.6644965434307 3 43 70
-202.55613798680815 91.7102039653744 495.3907260938645 2 42 69
-188.19821158709982 92.99579432115186 502.27970300235796 8 45 75
-187.67065765800837 93.05709589430509 503.01756495783553 8 45 75
-180.1876508600182 93.23938962121746 492.5535426758282 11 48 80
-173.1393453299369 92.08916785351897 498.7386353663654 12 49 81
-139.0881369660248 88.97623543221376 481.6160164207344 16 55 91
-78.72091506148992 83.36178255492187 447.84500394719146 29 69 111
-35.57834429735298 60.09123086539527 319.44740631285526 105 141 125
-35.08868031293341 60.07938421424851 319.5911387558083 107 157 125
-12.895536028032332 58.01016696040184 311.81448719299925 125 190 146
-12.407967016949005 57.99670874580844 311.9392167528537 126 191 147
-11.920024268193892 57.98324897431636 312.06404059588186 124 189 145
-11.431706908088199 57.96978763727506 312.18895894324623 125 190 146
-10.943014060210869 57.95632472568362 312.31397201685235 126 191 147
0.6438141459425998 59.052349984213116 313.60273581175835 107 170 127
1.1397500278049761 59.04053678629029 313.72726960833023 110 173 130
1.6360733592742005 59.02872316076746 313.8518993175544 111 174 131
464.50613119221566 94.84683078159271 506.92668298474024 0 1 0
465.6491785214253 94.87920017913562 507.3144851367462 0 1 0
466.79370194404703 94.91160035381377 507.7027908341339 0 1 0
467.9397048890899 94.94403147868651 508.0916012213126 0 1 0
469.08719082322807 94.9764937292634 508.4809174551259 0 1 0
470.2361632511992 95.0089872835212 508.8707407049836 0 1 0
471.38662571620546 95.0415123219222 509.26107215299675 0 1 0
472.5385818003219 95.07406902743115 509.6519129941165 0 1 0
473.69203512490446 95.10665758553338 510.0432644362685 0 1 0
474.84698935100334 95.13927818425282 510.4351277004926 0 1 0
476.0034481797784 95.17193101416981 510.8275040210821 0 1 0
477.1614153529206 95.20461626843984 511.22039464572555 0 1 0
478.3208946530762 95.23733414281162 511.6138008356485 0 1 0
479.48188990427445 95.27008483564613 512.0077238657572 0 1 0
480.6444049723573 95.30286854793498 512.4021650247828 0 1 0
481.80844376541944 95.33568548331982 512.7971256154287 0 1 0
482.9740102342431 95.36853584811121 513.192606954517 0 1 0
484.14110837274467 95.40141985130829 513.5886103731373 0 1 0
485.3097422184221 95.43433770461813 513.985137216798 0 1 0
486.4799158528064 95.46728962247546 514.382188845577 0 1 0
487.6516334019182 95.50027582206299 514.7797666342743 0 1 0
488.82489903672825 95.53329652333124 515.1778719725684 0 1 0
489.99971697362423 95.56635194901888 515.5765062651698 0 1 0
491.1760914748764 95.59944232467403 515.9756709319807 0 1 0
492.35402684911685 95.6325678786742 516.3753674082534 0 1 0
493.53352745181303 95.6657288422474 516.775597144749 0 1 0
494.71459768575477 95.6989254494945 517.176361607902 0 1 0
495.89724200154365 95.73215793740945 517.5776622799845 0 1 0
497.0814648980809 95.76542654590168 517.9795006592677 0 1 0
498.2672709230712 95.79873151781801 518.381878260193 0 1 0
499.45466467352236 95.83207309896454 518.7847966135394 0 1 0
500.6436507962552 95.86545153813042 519.1882572665926 0 1 0
501.83423398841774 95.89886708710864 519.5922617833196 0 1 0
503.02641899800125 95.93232000072074 519.9968117445403 0 1 0
504.22021062436795 95.96581053683914 520.4019087481054 0 1 0
505.4156137187785 95.99933895641128 520.8075544090719 0 1 0
506.612633184929 96.03290552348288 521.2137503598854 0 1 0
507.8112739794909 96.06651050522322 521.6204982505568 0 1 0
509.01154111265816 96.10015417194784 522.0277997488522 0 1 0
510.2134396487013 96.13383679714471 522.4356565404717 0 1 0
511.41697470652315 96.16755865749904 522.844070329241 0 1 0
512.622151460228 96.20132003291803 523.2530428372991 0 1 0
513.8289751396896 96.23512120655685 523.6625758052892 0 1 0
515.0374510311292 96.26896246484529 524.0726709925539 0 1 0
516.2475844777015 96.30284409751256 524.4833301773289 0 1 0
517.4593808800807 96.33676639761576 524.8945551569427 0 1 0
518.6728456970628 96.37072966156562 525.3063477480154 0 1 0
519.8879844461671 96.40473418915413 525.7187097866608 0 1 0
521.1048027042463 96.43878028358266 526.1316431286933 0 1 0
522.3233061081052 96.47286825148964 526.5451496498314 0 1 0
523.5435003551254 96.50699840297904 526.9592312459102 0 1 0
524.7653912039011 96.54117105164968 527.3738898330919 0 1 0
525.9889844748715 96.57538651462349 527.7891273480793 0 1 0
527.2142860509762 96.6096451125762 528.2049457483346 0 1 0
528.4413018783036 96.64394716976678 528.6213470122968 0 1 0
529.6700379667598 96.67829301406792 529.0383331396052 0 1 0
530.9005003907347 96.71268297699666 529.4559061513231 0 1 0
532.132695289782 96.74711739374658 529.8740680901652 0 1 0
533.3666288693101 96.78159660321819 530.2928210207288 0 1 0
-283.0673312991175 56.82122304661101 299.55660687391884 0 3 0
-273.4624091504056 55.27744096388232 294.5917075060858 0 2 0
-273.19241462618123 55.2513474108229 294.78073031734203 0 2 0
-274.0312420356641 55.5137242270962 296.18848727089176 0 2 0
-268.49792058382104 58.67882400420335 310.52774883892096 0 2 1
-268.2150287017756 58.65947583284915 310.7522180730844 0 2 1
-261.9364297814328 57.45833394555598 304.05760298735265 0 3 0
-261.6456681402756 57.43671615990061 304.2625869256741 0 3 0
-261.354459395062 57.41505818254525 304.46788707637455 0 4 0
-261.06280258246 57.393359889979266 304.6735041261245 0 4 0
-260.7706967417173 57.37162115946949 304.87943875969086 0 4 0
-92.09081292501862 88.61923418066071 465.4275458234773 27 67 109
-35.61211626596734 60.338264222561335 319.39789909005657 112 156 133
-35.122544891892446 60.32653648030966 319.54158558630934 120 176 137
-30.71221956633038 57.28933238260983 309.39329455207974 142 206 158
-30.164938831601027 57.248797258948414 308.93020350029565 140 209 159
-29.68859751482827 57.2336672548589 309.05436984094666 143 212 162
-27.77967694290974 57.1731189813189 309.5519496406391 145 222 174
-25.70386144853494 56.88840436028329 308.3032286976009 138 216 179
-25.22678135965183 56.87303692454991 308.42525514008616 132 207 171
-24.749348241350297 56.8576666628865 308.5473706483137 133 208 172
-24.2715612850695 56.8422935709541 308.66957542596793 134 204 168
-12.930696831107987 58.25158418740346 311.76909360439436 127 192 146
-12.443203163734408 58.23823205946398 311.8937881442283 127 192 146
-11.955335522403619 58.22487849600286 312.0185770083205 127 192 146
-11.467093033164042 58.211523488526815 312.1434604178783 127 192 146
-10.978474819329664 58.19816702819065 312.2684385948507 126 191 145
0.1128610637811864 59.305730505661266 313.43168697844635 119 182 137
0.6083335299388497 59.294024104400485 313.5560894015004 125 188 143
1.104192754313065 59.28231741260885 313.68058754469405 126 189 144
1.6004396431517827 59.2706104175202 313.8051816342122 126 189 144
2.097075104895021 59.25890310603039 313.9298718968341 122 185 140
468.8981187404927 95.3482768811957 508.32266896098076 0 1 0
470.0466435854831 95.3810321969273 508.71227188246803 0 1 0
471.1966578004821 95.413819249433 509.1023827080617 0 1 0
472.34816496860157 95.44663822343207 509.4930026326331 0 1 0
473.50116871224077 95.47948930618585 509.88413286402675 0 1 0
474.6556726934978 95.51237268751497 510.2757746231968 0 1 0
475.8116806145865 95.54528855981783 510.66792914434774 0 1 0
476.9691962182565 95.57823711808972 511.06059767507645 0 1 0
478.1282232882169 95.61121855994054 511.45378147651167 0 1 0
479.2887656495654 95.64423308561408 511.84748182345976 0 1 0
480.45082716921894 95.67728089800704 512.2417000045491 0 1 0
481.6144117563493 95.710362202688 512.6364373223754 0 1 0
482.77952336282266 95.7434772079171 513.0316950936494 0 1 0
483.94616598364416 95.77662612466487 513.4274746493459 0 1 0
485.1143436574047 95.8098091666327 513.8237773348544 0 1 0
486.2840604667346 95.84302655027315 514.22060451013 0 1 0
487.45532053875746 95.87627849480836 514.6179575498459 0 1 0
488.62812804555386 95.90956522225228 515.0158378435495 0 1 0
489.80248720462265 95.94288695743042 515.4142467958168 0 1 0
490.97840227935546 95.97624392800043 515.8131858264107 0 1 0
492.15587757950544 96.00963636447389 516.2126563704394 0 1 0
493.3349174616707 96.04306450023665 516.6126598785179 0 1 0
494.5155263297751 96.07652857157072 517.0131978169292 0 1 0
495.6977086355582 96.1100288176763 517.4142716677877 0 1 0
496.8814688790668 96.14356548069324 517.8158829292064 0 1 0
498.06681160915406 96.17713880572308 518.2180331154613 0 1 0
499.2537414239839 96.21074904085216 518.6207237571623 0 1 0
500.44226297153796 96.24439643717398 519.0239564014229 0 1 0
501.6323809501283 96.27808124881214 519.4277326120313 0 1 0
502.8241001089204 96.31180373294335 519.8320539696265 0 1 0
504.01742524845116 96.34556414982157 520.2369220718721 0 1 0
505.21236122116596 96.3793627628009 520.6423385336346 0 1 0
506.4089129319478 96.41319983836082 521.0483049871626 0 1 0
507.60708533866443 96.44707564612942 521.4548230822697 0 1 0
508.8068834527095 96.48099045890875 521.8618944865153 0 1 0
510.0083123395598 96.5149445526993 522.2695208853919 0 1 0
511.2113771193324 96.54893820672602 522.6777039825107 0 1 0
512.4160829673497 96.58297170346293 523.0864454997923 0 1 0
513.6224351147116 96.61704532865971 523.4957471776578 0 1 0
514.8304388488729 96.65115937136814 523.9056107752226 0 1 0
516.0400995142246 96.68531412396742 524.3160380704894 0 1 0
517.2514225126897 96.71950988219255 524.7270308605504 0 1 0
518.4644133043168 96.75374694516071 525.1385909617844 0 1 0
-321.51499698680163 62.895437273525275 327.33029615561486 1 2 0
-321.1362904878204 62.874262694747884 327.9447454740378 1 2 0
-316.66823940530315 63.695679363016275 333.9513891241542 0 2 0
-283.0841131559398 57.07036964386739 299.50778567996224 0 3 0
-262.8241602725743 57.77283195667198 303.39568724095494 0 4 0
-261.95493868841464 57.708811409875246 304.00839159437214 0 3 0
-261.37323044713213 57.665932282598014 304.4184361202427 0 4 0
-227.71808439951442 52.88648485940228 273.16878209118386 0 2 0
-227.39494471126835 52.85777516584649 273.2889837309366 0 2 0
-227.07146001412002 52.82902780632677 273.409314181214 0 2 0
-226.7476299324662 52.80024271566349 273.5297735838824 0 2 0
-226.42345409539476 52.77141982968486 273.6503620790238 0 2 0
-226.09893213665703 52.74255908522413 273.7710798049447 0 2 0
-224.7973759218172 52.626736294283255 274.2552457210016 0 2 0
-224.4711180223849 52.59768534493485 274.37661161400234 0 2 0
-224.14451190023368 52.56859617908457 274.49810753091253 0 2 0
-223.81755722100493 52.53946874053611 274.6197335978959 0 2 0
-223.49025365478542 52.510302974079345 274.7414899394244 0 2 0
-223.16260087607816 52.481098825487265 274.86337667828633 0 2 0
-222.83459856377382 52.45185624151328 274.98539393559776 0 2 0
-222.50624640112184 52.422575169888695 275.1075418308145 0 2 0
-222.17754407570087 52.39325555931983 275.22982048174043 0 2 0
-221.8484912793898 52.363897359485144 275.3522300045415 0 2 0
-154.3851063768168 65.12571685074869 345.83161074886516 0 2 5
-202.15638276176668 94.20206017196985 498.51196695509077 5 42 70
-202.465617211297 97.88790422992841 512.1124727242836 7 47 74
-201.38314368512914 97.99471136626795 515.4985421518188 4 46 74
-154.7440068706114 93.20557018588016 496.7293958225542 16 55 91
-101.2971880521241 91.96169190663963 480.4749950543275 22 62 102
-94.98143589087003 87.33392425515054 460.4687782712517 23 63 103
-91.22727606327047 86.62567476241253 462.99510201561566 25 65 107
-36.135055651819194 60.596922219940666 319.20483894732024 106 155 128
-35.64598199308577 60.58531451013517 319.3483619808277 122 171 144
-30.747042879218004 57.53018258477451 309.34924169000163 143 207 159
-30.27033333599864 57.515172788221804 309.47429285709876 141 210 160
-29.723420233998816 57.47422884639722 309.0104759151017 143 212 162
-29.24679940739482 57.45920108943764 309.13469895579743 142 213 163
-28.76982279570331 57.44417062183444 309.25901348866057 142 213 163
0.07745353726529278 59.54731734867138 313.38507231822086 130 193 150
0.5728504221406029 59.5357173159882 313.5094393756788 133 196 151
1.0686342818876062 59.524117116503845 313.63390218748356 130 193 148
1.5648060228384686 59.512516737559814 313.7584609798237 128 191 146
2.061366553508444 59.50091616615785 313.8831159794809 126 189 144
84.11249742751119 74.68188845859572 389.08715368653105 0 3 7
468.71001741641464 95.71990631078391 508.1647950278483 0 1 0
469.85809619629663 95.7529230396704 508.554178233578 0 1 0
471.0076636820205 95.7859717583206 508.9440690502653 0 1 0
472.15872345778706 95.81905265321407 509.3344686727197 0 1 0
473.3112791470899 95.85216591339297 509.7253783087198 0 1 0
474.4653344131263 95.88531173048018 510.116799179151 0 1 0
475.6208929592157 95.91849029869795 510.5087325181461 0 1 0
476.7779585292185 95.95170181488636 510.9011795732257 0 1 0
477.93653490795964 95.98494647852172 511.2941416054394 0 1 0
479.0966259216584 96.01822449173663 511.68761988951115 0 1 0
480.2582354383582 96.0515360593379 512.0816157139828 0 1 0
481.42136736836335 96.08488138882652 512.4761303813591 0 1 0
482.58602566467766 96.11826069041742 512.8711652082586 0 1 0
483.7522143234497 96.15167417705821 513.266721525558 0 1 0
484.919937384419 96.18512206445055 513.6628006785452 0 1 0
486.08919893136914 96.21860457106874 514.0594040270706 0 1 0
487.2600030925837 96.25212191818107 514.4565329456989 0 1 0
488.43235404130706 96.28567432987019 514.8541888238639 0 1 0
489.60625599620903 96.31926203305329 515.2523730660253 0 1 0
490.7817132218565 96.35288525750393 515.6510870918252 0 1 0
491.95873002918427 96.38654423587256 516.0503323362476 0 1 0
493.1373107759773 96.42023920370818 516.4501102497783 0 1 0
494.31745986735115 96.45397039948017 516.8504222985673 0 1 0
495.49918175624396 96.48773806459982 517.2512699645928 0 1 0
496.68248094390566 96.52154244344297 517.6526547458262 0 1 0
497.86736198039995 96.55538378337174 518.054578156399 0 1 0
499.0538294651056 96.5892623347578 518.4570417267714 0 1 0
500.2418880472243 96.62317835100501 518.8600470039031 0 1 0
501.4315424262972 96.65713208857235 519.263595551425 0 1 0
502.622797352721 96.69112380699818 519.6676889498141 0 1 0
503.8156576282739 96.72515376892284 520.0723287965667 0 1 0
-283.10107137221456 57.319481722363435 299.45882960170616 0 3 0
-200.6032242673729 96.23404669086642 506.7299032724232 7 47 74
-194.4431313992658 94.01951152579522 495.22895666244204 7 47 74
-176.94091371878466 88.43915559705273 462.45363744894627 9 49 78
-176.42546017656971 88.48390089085336 463.0433951617771 10 47 77
-175.90874589831432 88.52875846877896 463.6345941183302 9 46 76
-170.9316849322546 94.73644581459229 490.92129167945666 11 48 80
-94.65319712765991 88.70345054948854 459.47463098578356 23 63 103
-36.65750237063533 60.85535941790646 319.01195700313656 109 147 128
-35.76730021859438 60.79724816846859 316.2665731255458 116 171 137
-35.67994173174116 60.83238260197797 319.2987947713586 125 180 146
0.04204183066584759 59.78892423434737 313.3384534757342 130 193 148
0.5373644227488347 59.777430558174615 313.4627854882289 128 191 146
1.033074208259736 59.765936838461194 313.5872132898216 125 188 143
1.5291720935996889 59.75444306265557 313.71173710670047 122 185 140
2.025658987345954 59.7429492178648 313.83635716564675 123 186 141
473.12236423986 96.22468877605257 509.56699967045125 0 1 0
474.2759723195073 96.25809668268292 509.95820026802664 0 1 0
475.4310830225028 96.29153760098883 510.34991304171655 0 1 0
476.5877000938701 96.32501172966072 510.74213923898253 0 1 0
477.74582731960254 96.35851927004744 511.1348801208112 0 1 0
478.9054685270933 96.39206042617498 511.52813696186155 0 1 0
480.06662758556706 96.42563540476606 511.921911050605 0 1 0
481.22930840651287 96.45924441525985 512.3162036894748 0 1 0
482.3935149441272 96.4928876698311 512.7110161950119 0 1 0
483.5592511957563 96.52656538341064 513.1063498980141 0 1 0
484.7265212023423 96.56027777370477 513.5022061436854 0 1 0
485.8953290488785 96.59402506121651 513.8985862917884 0 1 0
487.0656788648629 96.62780746926455 514.295491716797 0 1 0
488.2375748247619 96.66162522400633 514.6929238080513 0 1 0
489.41102114847206 96.69547855445637 515.0908839699118 0 1 0
-319.2107094551876 64.3435097172746 329.6856090718583 0 1 0
-283.6296311399158 57.61386257121074 298.99786946436535 0 3 0
-283.37411463497864 57.59122998082669 299.20364589265296 0 3 0
-228.42180000166206 53.39595300571984 272.8767914788183 0 2 0
-227.77703741645206 53.3391514028955 273.11659787645294 0 2 0
-227.45414001995852 53.31069452534873 273.2366937466336 0 2 0
-227.13089804189065 53.28220017420109 273.3569182579344 0 2 0
-226.8073111038921 53.253668283586535 273.47727155327595 0 2 0
-226.48337883227933 53.225098788650286 273.59775377380026 0 2 0
-225.8344768166829 53.16784673143622 273.8391055461316 0 2 0
-225.50950634845813 53.13916404448457 273.959975371419 0 2 0
-225.18418909808287 53.11044350385907 274.08097466886943 0 2 0
-224.8585247148385 53.08168504972681 274.2021035708813 0 2 0
-224.53251285251693 53.052888623252 274.32336220813414 0 2 0
-224.2061531693942 53.02405416659379 274.44475070959965 0 2 0
-223.8794453282019 52.995181622903374 274.56626920255127 0 2 0
-223.55238899609924 52.96627093632184 274.68791781257573 0 2 0
-223.2249838446444 52.93732205197728 274.80969666358294 0 2 0
-222.89722954976577 52.908334915982046 274.9316058778162 0 2 0
-176.9493612581297 88.78638259580194 462.29328994906825 11 53 81
-170.69745533316103 95.50263404569034 490.281995097812 9 48 82
-112.1569389161557 89.95055303892569 469.8325486452372 21 60 98
-37.66713925981582 61.12494453911832 318.67617149786497 97 120 114
-37.1794602904417 61.11357701378017 318.819251944629 103 147 122
-36.28512423385532 61.05307143393268 316.0800797815519 122 166 141
-35.80040869758124 61.04169465354477 316.21816913930576 123 180 144
-0.4882375284288545 60.04193951927316 313.16762851782494 130 193 148
0.006625547265058325 60.0305520974845 313.2918302063737 129 192 147
0.5018751325793777 60.01916476704479 313.4161274937259 128 191 146
0.9975121317830932 60.00777751585173 313.5405206054723 123 186 141
1.9899519998544786 59.98500320108123 313.7895952074813 122 185 140
21.340775118014033 61.267193966683 317.4060948072333 117 170 128
23.855585622791942 60.90193884066494 318.0276683189664 113 169 128
24.36836052657556 60.8921784526405 318.15459330577585 118 174 133
46.81278031774864 61.24647741112747 314.3549789978987 26 90 68
47.845567947249485 61.229025081933266 314.5881543938508 80 138 108
472.93442180756534 96.59705925848027 509.4089958527562 0 1 0
474.0875842288829 96.63072890908242 509.7999767929315 0 1 0
475.2422486199264 96.66443183230146 510.1914696177397 0 1 0
-333.16104786510334 64.09072129806981 327.16212883693464 0 3 0
-223.92502011764975 102.58042144152597 523.2444609291415 2 40 65
-220.01421566646357 100.42725835932248 515.7815838507905 3 43 70
-218.7427023067962 101.75556869399077 515.353883527059 2 42 69
-219.77086230403845 100.6095486369874 518.9881530937691 3 43 70
-214.40764751430504 100.0031423797235 518.0995628415927 2 42 69
-170.70350476314573 95.86548945457105 490.0984005976286 9 48 82
-112.18428293934812 90.30097651091371 469.6764504828093 19 60 97
-46.87795855611313 72.24022667382286 367.99274352803275 62 50 65
-37.700933247086965 61.37157619067332 318.62672247052666 103 136 121
-37.2133432489102 61.36032712243453 318.76975809728987 112 161 132
-36.31823916748477 61.297423440900005 316.0316890849057 130 179 150
-35.83361175750991 61.286161098131394 316.16973536349263 129 189 149
20.793546596153956 61.52018871080471 317.2310458438533 118 174 133
21.303828549999526 61.51089631216748 317.3573113713192 116 172 131
23.81810677942376 61.14645132287244 317.9789226188583 121 179 138
42.14786195261751 61.56479566328148 313.26259193988915 20 91 71
42.66031226783812 61.55616445086145 313.3782846714866 46 111 85
46.25883066519183 61.4957719118968 314.19066430344606 32 94 69
46.77453859624737 61.48714772699822 314.30708236098434 56 116 90
47.29065752661856 61.47852427332096 314.42359195518605 77 137 111
47.80718829890937 61.469901517083734 314.54019327948504 86 144 112
-323.9519232964104 64.1284695154155 323.14540446706144 0 2 0
-323.16359138159066 64.0505759396455 324.28355193185473 0 1 0
-228.80280810442144 53.87625223299779 272.7048753766776 0 2 0
-228.15921681503204 53.82003058414517 272.9442138921245 0 2 0
-227.83690630045982 53.791864080167635 273.06407534277224 0 2 0
-227.51425201700553 53.76366036469298 273.18406511938826 0 2 0
-227.1912535788365 53.73541937014837 273.30418336774477 0 2 0
-226.86791060480192 53.70714102997814 273.4244302318315 0 2 0
-226.54422271840582 53.67882527864147 273.5448058538662 0 2 0
-226.22018954778156 53.650472051610144 273.6653103743039 0 2 0
-225.895810725665 53.62208128536644 273.78594393184727 0 2 0
-225.57108588936703 53.593652917400775 273.90670666345585 0 2 0
-220.47208179293372 99.97553266890486 510.8502625882444 1 37 63
-220.23325719556794 100.90686520856828 517.9303195987735 1 41 68
-163.51904343249666 95.74906897491498 481.0722820185231 8 49 84
-120.2483572626448 91.91782079552259 471.86445860440494 19 58 96
-112.5639541033938 90.47228337039192 467.9267998733161 20 61 98
-112.08282621316326 91.34257031648082 469.46640060184734 20 61 98
-53.1253057350057 73.36922452390458 373.960327006618 52 48 69
-38.22192504418692 61.62935811747704 318.43436729118173 97 136 114
-37.734826486648075 61.618228125239725 318.57724142642235 116 155 133
-37.24732434395342 61.607097545645296 318.72023255126754 121 176 140
-36.35145004410813 61.541796233645705 315.9832680836241 137 192 156
-34.23232670980221 59.696428128339996 309.6781579231057 137 200 155
-33.756157596352395 59.68317046978767 309.8047287553977 139 202 157
21.266934700663196 61.7546174236038 317.3085377550993 117 173 130
41.598380867212015 61.81309027729263 313.09943733530605 11 82 60
42.11035855901096 61.80455990999823 313.21500817087826 24 95 73
42.62273980759697 61.79603067185917 313.3306688182722 62 127 101
43.13552545778029 61.787502531875646 313.44641947095914 77 142 116
45.59015959232178 61.76770253416947 313.0491367415745 57 115 87
233.57921611046496 118.95110301392155 606.7811381136175 0 3 1
-181.51625226958228 98.12491799483561 499.5569153173772 9 46 76
-172.8119195296143 98.77283562634261 496.18088719249954 5 44 78
-120.87762923970439 92.22022742976287 471.13609554518865 19 55 92
-120.27265890391436 92.26881850343014 471.70500431923307 16 55 91
-111.31615594160277 92.95241467412363 475.63504487335115 19 60 97
-53.65139631467574 73.30841761376408 376.4276936888273 54 47 67
-53.09265395965581 73.31381780491412 376.6939964532029 55 48 68
-38.2558308042992 61.87591280406597 318.3848982527512 111 155 130
-37.045799741879954 61.337631577087734 313.104783608104 122 166 141
-36.56562662146042 61.32605467393906 313.2379828801128 128 186 147
-36.09996195855211 61.14926483638542 313.30201602976746 140 198 159
-35.217190634381275 59.9631718887067 309.3803055952166 134 197 152
21.697264211285685 61.67326806498938 317.3752082975733 124 182 139
22.20814894003337 61.66383316754124 317.5016185456863 124 182 139
22.719453452519787 61.6543993505362 317.6281312324686 124 184 140
41.56105491227763 62.052769794009066 313.0519069900412 27 98 76
42.0729647310224 62.0443412370779 313.16744603440446 53 124 102
42.58527826337964 62.0359139170801 313.28307490793355 75 137 112
43.09799635357282 62.02748780291741 313.3987938039844 82 144 119
43.61111984561697 62.01906286316692 313.51460291591985 93 151 123
43.924470156268406 62.50211183833919 311.3877603921277 91 149 121
44.43454501703336 62.4942529302266 311.5002375722363 85 141 112
44.945014755857244 62.48639564709259 311.61280055372214 79 135 106
45.55250942520346 62.00732769167599 313.0016301933619 73 129 100
-323.93331081972576 64.65617264565655 322.99014071738753 0 2 0
-233.00983958818145 54.68684307259755 271.11040503714764 0 2 0
-232.69287278416382 54.659476203940315 271.22825676667185 0 2 0
-228.21975632285466 54.27253738441035 272.89145983486713 0 2 0
-180.42003998421663 98.05070568985643 492.3847924545372 11 46 77
-172.5406343860143 99.5165532313475 495.4321633921129 5 46 79
-134.17960939562232 95.24829367734938 480.82231909631156 15 54 90
-121.5052340596018 92.52180617742195 470.4096725009479 21 57 94
-37.558540434736805 61.59144878981686 312.9245559414096 121 171 139
-37.07882544498723 61.57998310940667 313.0576123643616 128 178 146
-36.598735434308566 61.56851702074969 313.19077145885876 132 190 149
-35.884459404433336 61.81581401640351 311.9731694474235 143 201 160
42.03567992235497 62.284140605582415 313.11990525143443 73 141 118
42.54792708678886 62.275815148309434 313.23550266085005 82 142 116
43.060578965564204 62.26749100402717 313.35119011016184 84 144 118
43.57363640208395 62.25916814121171 313.4669677926126 92 148 117
44.087100239503776 62.25084652801267 313.5828359014431 92 148 117
44.600971320703536 62.24252613225326 313.69879462988683 92 148 117
-180.636668950983 82.59900293892949 403.90487240336097 0 2 0
-148.30212210580353 98.36144262433089 494.01438733753264 14 53 89
-147.5124384263053 99.10826829258622 494.4179856460488 15 54 90
-147.04344109048014 99.59463639841933 495.66318234911836 16 55 91
-133.85542651477832 95.85610228908062 479.6847653079627 15 54 90
-38.549725158831755 61.856423079548435 312.6116681475624 105 144 122
-38.07084050265267 61.845068729816134 312.74447986819337 125 164 142
-37.591582205826725 61.83371407138408 312.877393867053 128 183 147
-37.11194946233978 61.82235911668267 313.01041036271425 132 187 151
-36.39568662666951 62.06796831989122 311.7954477423192 135 195 151
-35.91696265065693 62.05695931783473 311.9262552592513 141 201 157
42.51068573083944 62.51573532412384 313.1879517982414 93 151 123
43.0232727446833 62.50751309449804 313.3036081101288 91 149 121
43.53626547242105 62.49929225286411 313.41935467255274 94 146 113
44.04966475657113 62.49107276726809 313.53519167862964 97 149 116
44.56347143936715 62.48285460542759 313.6511193214655 99 154 120
-134.0554344618041 96.25299993504255 480.11789214394605 14 53 89
-36.428203632645776 62.309029747709715 311.7485431075995 140 204 156
43.499006506891426 62.7394361549118 313.37176327663923 94 149 113
44.01234258268801 62.73131874133965 313.487569488985 96 151 115
44.52608621222544 62.723202757303085 313.60346635537405 98 153 117
51.04556396311835 63.129212528144365 316.9051800230094 16 95 77
51.568201769533864 63.12164335557027 317.0251967803091 34 113 95
53.7787627251975 63.29539493094586 318.13077016260036 63 134 112
-290.97942813892473 58.79022713624967 285.7705503132469 0 4 0
-293.39475513474696 60.15485443377066 290.89473734640615 0 3 0
-292.9135179787966 60.11488833623606 291.28191537103345 0 3 0
-291.2183290280026 59.97411787202357 292.64577314029395 0 3 0
-185.69887907523855 82.92097227739802 399.180913166511 0 2 0
-185.24461055561386 82.94716162435772 399.58575946107743 0 2 0
-184.7894526161277 82.97340040478532 399.9913990487819 0 2 0
-184.33340302120973 82.99968882847512 400.3978338939647 0 2 0
-183.87645952382326 83.02602710617333 400.80506597108496 0 2 0
-183.41861986537987 83.05241544957967 401.2130972647959 0 2 0
-182.9598817756549 83.07885407134937 401.62192977002513 0 2 0
-182.5002429727016 83.10534318509406 402.03156549204726 0 2 0
-182.03970116276497 83.13188300538444 402.44200644656553 0 2 0
-181.57825404019667 83.15847374775127 402.85325465978684 0 2 0
-181.1158992873681 83.18511562868778 403.2653121685013 0 2 0
-180.65263457458425 83.21180886565107 403.6781810201605 0 2 0
-219.94625459187702 106.64563251186206 521.560617687008 4 39 68
-213.3869699237403 104.39526790458862 511.8332122317589 4 41 69
-113.20048324297981 97.04793152909811 474.65704115539955 16 56 96
-52.574486919172 76.96167624929008 374.675370448172 62 50 65
-36.93901004674208 62.56090855150559 311.57097842848975 142 202 162
-36.46081750802601 62.550116922625804 311.70160827569407 143 206 161
49.96340522392359 63.38699309710501 316.61657934516535 8 87 69
50.485124635365736 63.37952667334945 316.7363703904798 22 101 83
51.00727175582965 63.37206174124363 316.8562583803731 45 118 97
-293.408728073845 60.395564100883895 290.84934557036956 0 3 0
-291.233243781036 60.21655719316422 292.59938819410115 0 3 0
-226.67506525997442 58.306660538523175 279.3370455982456 0 2 0
-226.34680533994663 58.284577108171945 279.4696725756716 0 2 0
-226.01817334470485 58.262460441792804 279.60245069439026 0 2 0
-154.63439853784155 99.78548852774166 486.51268398470734 12 51 87
-37.35781228432865 62.74379009481205 310.7171797753958 135 198 155
-30.014643135404967 62.16813367916012 307.09112660600977 146 219 182
-29.065215437054178 62.14579040022595 307.333759862447 140 211 172
-24.186502092213676 62.12673189327331 307.6591598647817 121 190 150
-23.70894653193755 62.11569656959064 307.7799676284484 120 189 149
54.631255623835884 65.29926379323548 316.1647848389667 0 75 60
-290.5289942129177 59.221404116078226 286.0475649172475 0 3 0
-191.09008859171678 83.20905731537664 394.16891209945993 0 2 0
-190.64668343667955 83.2352594507039 394.5638556715168 0 2 0
-190.20241562577365 83.26150966987308 394.9595686175751 0 2 0
-189.75728305432634 83.2878081750398 395.35605278535087 0 2 0
-189.31128360720223 83.31415516931068 395.7533100317644 0 2 0
-188.86441515872107 83.3405508567452 396.15134222301356 0 2 0
-188.41667557257608 83.36699544235688 396.5501512346488 0 2 0
-187.9680627017511 83.39348913211506 396.9497389516477 0 2 0
-187.06820846395672 83.44662465273585 397.7512580892286 0 2 0
-186.61696274866517 83.47326690032953 398.15319332757304 0 2 0
-186.16483505188344 83.49995908553505 398.55591490695724 0 2 0
-185.7118231718063 83.52670141912357 398.95942476061794 0 2 0
-185.2579248954198 83.55349411283153 399.36372483167054 0 2 0
-184.80313799841826 83.58033737936229 399.7688170731852 0 2 0
-184.34746024511847 83.60723143238765 400.1747034482631 0 2 0
-183.89088938837597 83.63417648654969 400.581385930112 0 2 0
-183.4334231695002 83.66117275746248 400.98886650212495 0 2 0
-182.9750593181689 83.68822046171367 401.3971471579547 0 2 0
-182.5157955523431 83.71531981686663 401.80622990159367 0 2 0
-182.0556295781814 83.74247104146166 402.216116747449 0 2 0
-181.59455908995363 83.76967435501832 402.626809720421 0 2 0
-181.1325817699558 83.79692997803707 403.03831085598233 0 2 0
-180.66969528842213 83.8242381320012 403.45062220025403 0 2 0
-224.3928316934015 106.73148151643147 515.9437532122681 11 35 63
-157.85327509016057 101.48552636105256 482.69601877210914 9 48 84
-155.23132130306095 100.82431541368149 488.31819815097 12 51 87
-113.99463214272974 99.5200317388643 475.2474038664385 20 58 99
-54.00023799234896 76.38016259639588 374.45693664432025 60 49 66
-35.64368563894764 62.892081857922406 308.83957598960944 147 212 168
-35.168758797266605 62.88139699260332 308.96524231040206 145 213 166
-34.43366751726738 63.72673253429543 308.13077341767905 146 214 167
-33.95898041998965 63.71711943793625 308.2548878030239 145 215 168
-33.483942244726656 63.70750786103381 308.3790925960238 146 216 169
-33.00855223588476 63.697897818264224 308.5033879894221 143 217 175
-32.647419168306655 63.12576613125939 308.8798149214953 143 217 175
-32.17119146323844 63.115464046231644 309.0047731174735 146 221 183
-31.69460766400528 63.105163026149654 309.1298233612875 147 222 184
-30.91347747028894 63.61464194113917 307.4854769293109 147 222 186
-30.43836582070948 63.6050058378572 307.60761667599115 146 221 185
141.0417863690516 81.21764871511576 389.03564764341047 0 6 10
-155.25467971266903 71.26837781473645 334.9135431065264 0 1 0
-154.81837845657515 71.2680899879551 335.13569636241857 0 1 0
-154.38152924953252 71.26780013547261 335.358128975396 0 1 0
-153.9441314248618 71.26750832895806 335.5808412695375 0 1 0
-153.5061843110983 71.26721464023606 335.80383357132496 0 1 0
-153.06768723195157 71.26691914128322 336.027106209664 0 1 0
-152.62863950626718 71.26662190422468 336.25065951590466 0 1 0
-152.1890404479869 71.2663230013304 336.4744938238621 0 1 0
-151.74888936610992 71.26602250501176 336.69860946983755 0 1 0
-151.30818556465397 71.26572048781783 336.9230067926385 0 1 0
-150.86692834261652 71.26541702243222 337.1476861335986 0 1 0
-224.63608164085133 108.05516278895817 516.6339326397452 9 35 62
-165.0836221978517 102.80994672139943 485.5063560618313 7 48 81
-155.24133815353977 101.18284321256499 488.13701255256257 14 53 87
-114.56846704695096 99.51786193768679 476.9343563009194 21 60 98
-35.08376520307116 63.23612780796236 308.2277344542381 143 213 168
-34.60942691386142 63.225703207439004 308.35224293019553 142 212 167
-33.9899463010901 63.95454932369521 308.2087282295544 145 217 173
-33.514987955936874 63.9450410107838 308.33289581017544 149 221 177
-33.069961171690544 63.91516153278945 308.65779810322636 143 221 182
-32.67943264930577 63.36426518342375 308.83376565005574 145 223 184
-32.20328155832125 63.35406748175092 308.9586874786603 146 223 191
-30.944474525256673 63.85137374974072 307.4396591363787 146 223 191
-30.469441297579912 63.841839459301006 307.5617626552328 146 223 191
-29.994059426085638 63.832306945044465 307.68395438357317 146 221 187
140.27158300758384 81.49321249113318 388.7197438711817 0 6 10
140.9789226214324 81.50837919623874 388.9492997852543 0 6 10
141.6871538012063 81.52356692971277 389.1791446113113 0 7 10
-191.98326054637505 83.75383146079443 393.16649437128734 0 2 0
-191.5419334638733 83.78052547598374 393.5593741975691 0 2 0
-191.09974869133546 83.80726825998796 393.9530186360387 0 2 0
-190.6567041445122 83.83406001668314 394.3474295152077 0 2 0
-190.21279772885762 83.86090095091117 394.74260867263524 0 2 0
-189.76802733944905 83.88779126848145 395.13855795499995 0 2 0
-189.32239086090487 83.9147311761721 395.53527921817516 0 2 0
-188.87588616730272 83.9417208817317 395.93277432730224 0 2 0
-188.42851112209829 83.96876059388072 396.3310451568651 0 2 0
-187.98026357804181 83.99585052231338 396.730093590765 0 2 0
-187.53114137709656 84.02299087769879 397.1299215223932 0 2 0
-187.08114235035526 84.05018187168287 397.5305308547088 0 2 0
-186.63026431795845 84.07742371689001 397.93192350031137 0 2 0
-186.17850508900892 84.10471662692449 398.33410138151754 0 2 0
-185.72586246149083 84.13206081637237 398.73706643043636 0 2 0
-185.2723342221836 84.15945650080289 399.14082058904364 0 2 0
-184.81791814657973 84.18690389677073 399.54536580926134 0 2 0
-184.36261199879948 84.214403221817 399.95070405302914 0 2 0
-183.90641353150622 84.24195469447181 400.35683729238485 0 2 0
-183.4493204858224 84.26955853425521 400.7637675095388 0 2 0
-182.99133059124392 84.29721496167979 401.17149669695146 0 2 0
-182.53244156555522 84.32492419825199 401.58002685741104 0 2 0
-182.07265111474288 84.35268646647397 401.989360004109 0 2 0
-181.61195693291103 84.38050198984592 402.39949816072027 0 2 0
-181.15035670219393 84.40837099286738 402.8104433614783 0 2 0
-180.68784809267092 84.43629370103966 403.22219765125595 0 2 0
-180.2244287622786 84.46427034086742 403.6347630856407 0 1 0
-179.7600963567242 84.49230113986088 404.04814173101596 0 1 0
-179.7797421226476 104.51197865668459 493.07900944617955 7 44 76
-165.6405516444435 103.08876716268179 484.670767667051 7 46 80
-165.08703026689102 103.16461118887537 485.32684017492403 8 47 81
-138.14075807231654 101.51315238276473 478.96174422668963 17 53 90
-114.59038470667122 99.868028338774 476.7700306165808 21 59 100
-105.3467450688497 100.11373807630392 473.7882859406059 20 60 100
-96.43455019389096 96.85971715762442 466.3403950770909 18 61 100
-77.15366999755202 94.72208493239354 447.40342101621263 26 65 110
-75.98766361712693 96.6208319266567 457.4869949174845 26 65 110
-73.65953216273094 94.75621150226968 447.92735982994475 26 65 110
-73.09630411538424 95.48830556139866 449.2596332247465 27 66 111
-54.0190553809575 76.87233223330487 370.55391054237714 58 47 64
-53.467824555115854 76.88116377294068 370.8075778586003 60 49 66
-52.91588145780003 76.89001657130848 371.0615706793047 62 49 67
-52.519515552077 78.62816152610934 373.69011027287115 65 52 70
-50.47082580776321 77.39369336683686 371.1132546152822 63 56 69
-49.91624896506825 77.40332978178402 371.3666286549932 58 51 64
-37.54550846096184 67.00353415770475 314.54480605464454 146 214 169
-37.0624336835308 66.99751664246351 314.68080467957594 141 209 164
-34.02100324217671 64.19200708812339 308.1625406548332 145 218 183
-33.54612362316148 64.18260207657153 308.286671302124 143 216 181
-33.10126892589982 64.15302586897153 308.61147595061317 141 219 193
-31.450163237461787 64.09756811908868 307.27183601578884 144 224 201
-30.97555542276832 64.08813379930656 307.3938155274145 144 222 198
-30.500599497615745 64.07870135552626 307.5158830971453 145 223 199
-30.025294704498798 64.06927080090227 307.6380389151449 142 219 187
-29.54964028264488 64.05984214824383 307.7602831724629 138 215 183
138.09303018688416 81.73780890211788 387.9469562733088 0 7 10
140.20925099079383 81.78373829630983 388.63361735848616 0 7 10
140.91643564579698 81.79909069738024 388.8630803051001 0 7 10
141.62451162507085 81.8144643297478 389.0928320382864 0 6 10
142.33348040228586 81.82985915058745 389.3228730531055 0 6 10
148.0375470970576 81.95377520965204 391.173674393579 0 5 6
-294.1840469612096 61.414972346421564 290.08941836808765 0 3 0
-293.9451257248585 61.3960336107982 290.28151300407285 0 3 0
-293.70586917494137 61.37706955577012 290.4738770549812 0 3 0
-160.47988133273734 71.78601519652786 332.1433617925488 0 1 0
-160.0503943384947 71.78610530535781 332.36196577209324 0 1 0
-159.62036716196684 71.78619293836987 332.5808452501984 0 1 0
-159.1897991880338 71.78627816628439 332.8000005248998 0 1 0
-158.7586897972758 71.78636106002706 333.0194318963787 0 1 0
-158.32703836593168 71.78644169072443 333.239139666982 0 1 0
-157.89484426585844 71.78652012970113 333.4591241412467 0 1 0
-157.4621068644895 71.78659644847534 333.67938562591905 0 1 0
-157.0288255247941 71.78667071875567 333.8999244299771 0 1 0
-156.59499960523746 71.7867430124374 334.12074086465253 0 1 0
-156.160628459739 71.78681340159866 334.34183524345127 0 1 0
-155.725711437633 71.78688195849702 334.5632078821755 0 1 0
-155.2902478836278 71.7869487555655 334.78485909894437 0 1 0
-154.8542371377661 71.78701386540939 335.00678921421587 0 1 0
-154.41767853538457 71.78707736080224 335.22899855080664 0 1 0
-153.9805714070746 71.78713931468248 335.45148743391445 0 1 0
-153.54291507864272 71.78719980014971 335.67425619113806 0 1 0
-153.1047088710705 71.78725889046117 335.89730515249875 0 1 0
-152.66595210047606 71.78731665902816 336.12063465046094 0 1 0
-152.22664407807412 71.78737317941234 336.344245019952 0 1 0
-151.7867841101381 71.78742852532251 336.5681365983847 0 1 0
-151.3463714979599 71.78748277061048 336.79230972567535 0 1 0
-150.90540553781258 71.78753598926825 337.01676474426677 0 1 0
-141.94938695689763 103.443789477987 488.9020327863133 17 53 90
-141.35535217320367 103.5180987874413 489.5498817789761 17 53 90
-105.37008194449518 100.46088983532823 473.6278969642 20 61 98
-89.568440465503 99.39401306727346 463.619065637546 23 63 105
-77.30521182068885 96.85543031300745 456.3601766233611 26 68 112
-76.66247147439542 96.90636206683305 456.85138383886476 25 67 111
-76.01840282944343 96.95741028995066 457.34360222613316 25 67 111
-73.69034333968332 95.08656916449873 447.79167056326065 24 66 110
-73.12663272147546 95.81903865807513 449.1229622889588 24 66 110
-72.4882779927301 95.86689018433849 449.58999083493956 26 68 112
-49.949926456520295 77.68455957101403 371.2857756528494 54 52 63
-37.57491843162857 67.24418645732706 314.4947119391215 146 214 167
-37.09193422583403 67.23827988717548 314.63066595443956 146 214 167
-33.5773494655282 64.42019186668281 308.2404188853725 144 221 191
-33.10219496356491 64.41089207286271 308.36460359674123 149 228 212
-32.42927260221284 64.3529264622636 306.9823780482327 156 235 219
-31.481251793617282 64.33425545232231 307.2260021134169 147 228 214
-31.006720391307564 64.32492290221667 307.3479459141986 146 225 205
-30.531840651968096 64.31559234041654 307.4699778125903 143 222 202
-30.056611817734787 64.30626378028562 307.5920979988141 142 216 187
-29.581033127482193 64.2969372348404 307.71430666397526 139 213 184
-29.105103816837026 64.28761271675049 307.83660400005937 135 208 173
144.07817900369585 128.184910168927 608.8409270396891 2 21 23
-190.22427306505335 84.4599285361512 394.52477849564457 0 2 0
-189.77986480490534 84.48741033371248 394.920193055737 0 2 0
-189.33459122820884 84.51494282192598 395.31637851169495 0 2 0
-188.88845020871682 84.54252621222193 395.7133367276819 0 2 0
-188.44143960956413 84.57016071701996 396.1110695771925 0 2 0
-187.99355728318503 84.59784654973133 396.50957894312876 0 2 0
-187.54480107123027 84.6255839247602 396.908866717875 0 2 0
-187.09516880448524 84.65337305750543 397.3089348033702 0 2 0
-186.6446583027863 84.68121416436213 397.70978511118597 0 2 0
-186.19326737493805 84.7091074627236 398.1114195625995 0 2 0
-185.74099381862894 84.73705317098276 398.5138400886699 0 2 0
-185.28783542034927 84.76505150853417 398.9170486303141 0 2 0
-198.5687139340411 107.08620106197964 499.7888774158346 0 42 72
-152.80663430390285 104.74518672102329 493.0879957618369 14 53 89
-89.59450424236503 99.73351639401471 463.4690169655325 23 63 105
-78.31185271037289 99.24331900811309 458.8362095140191 28 67 112
-77.33563934291084 97.19121515262977 456.2173115166733 27 66 111
-73.08565214667149 95.46351547182516 448.11908654609556 26 65 110
-72.44872368826867 95.51028689162138 448.58320439419447 28 67 112
-34.0833911700116 64.6670094768196 308.07008075993525 150 221 199
-32.46029528012267 64.58944034156886 306.9365886679842 171 247 235
-31.986534050187174 64.58020544023529 307.05832132549494 165 245 236
-31.5124257604588 64.57097261086254 307.18014174301027 151 231 222
-31.037969659277692 64.56174186771774 307.30205010903325 147 225 212
-30.563164991700894 64.55251322472039 307.42404661295484 140 218 205
-30.088010999516104 64.54328669544192 307.54613144505237 136 212 186
145.14116713885133 128.74190688864013 609.4466050410354 6 20 22
135.86305413484774 82.2708552378682 387.0921039359729 0 7 10
137.26706762134768 82.3020622960721 387.5475054720398 0 7 10
-160.9416894760513 72.29986152312007 331.798714898359 0 2 0
-160.51303047064192 72.30030219518248 332.016822649052 0 2 0
-160.08383201024066 72.30074071653655 332.2352054587599 0 1 0
-159.65409348119968 72.3011771588805 332.45386362456014 0 1 0
-159.22381426561284 72.30161159412737 332.6727974456528 0 1 0
-158.79299374127442 72.30204409440083 332.89200722338103 0 1 0
-158.36163128163798 72.30247473203178 333.1114932612535 0 1 0
-157.92972625577548 72.30290357955471 333.3312558649667 0 1 0
-157.49727802833584 72.30333070970369 333.55129534242457 0 1 0
-157.0642859595046 72.30375619540887 333.7716120037622 0 1 0
-156.63074940496335 72.30418010979287 333.9922061613663 0 1 0
-156.19666771584875 72.30460252616702 334.21307812989664 0 1 0
-155.76204023871279 72.30502351802758 334.4342282263073 0 1 0
-155.32686631548228 72.30544315905232 334.65565676986796 0 1 0
-154.89114528341872 72.3058615230966 334.8773640821854 0 1 0
-154.4548764750787 72.30627868419002 335.0993504872241 0 1 0
-154.01805921827406 72.30669471653259 335.3216163113277 0 1 0
-153.58069283603226 72.30710969449107 335.54416188323904 0 1 0
-153.14277664655705 72.30752369259572 335.7669875341225 0 1 0
-152.70430996318893 72.30793678553606 335.9900935975834 0 1 0
-152.2652920943663 72.30834904815796 336.21348040968854 0 1 0
-151.82572234358682 72.3087605554596 336.437148308989 0 1 0
-151.38560000936755 72.30917138258805 336.6610976365369 0 1 0
-150.9449243852076 72.30958160483584 336.88532873591 0 1 0
-213.08255089041737 110.44215178779173 514.8980241339056 1 41 70
-206.50099088946308 109.13385559645486 505.26845201762364 1 41 70
-137.7033026494778 102.65181659085556 479.41808022956167 18 54 91
-101.87066544540286 101.28861552337581 474.4601289104235 17 60 99
-82.71327955592474 98.8689655876842 465.0754341060946 22 62 104
-82.0661676364252 98.92468706400346 465.5970214991036 22 62 104
-77.36623685623668 97.52691240962145 456.07434270048867 21 63 107
-40.03319369735556 67.7246328985003 310.43932531419637 126 176 153
-39.86236865109891 65.95436602483008 310.98982715752857 148 198 175
-39.385636771671805 65.94639356166729 311.1204074417443 149 211 175
-38.90853793784938 65.93842366128189 311.25108679660536 151 213 177
-38.2746973454893 65.62664016601093 310.08138114428044 146 214 169
146.20690478952338 129.3003190011113 610.053859449274 0 17 18
-253.0160105992896 79.39318823903393 358.9360356344108 0 2 0
-252.68615228491038 79.41192094727216 359.2787035243939 0 2 0
-252.35562521695488 79.43068079198244 359.62206999882267 0 2 0
-252.02442779334382 79.44946786555002 359.9661367214911 0 2 0
-251.69255840856096 79.46828226126189 360.31090535951137 0 2 0
-251.36001545360278 79.48712407330814 360.6563775833666 0 2 0
-251.02679731592784 79.5059933967851 361.0025550669656 0 2 0
-250.69290237940436 79.52489032769645 361.34943948769495 0 2 0
-250.35832902425966 79.54381496295568 361.69703252647366 0 2 0
-250.0230756270274 79.56276740038818 362.04533586780815 0 2 0
-249.6871405604948 79.5817477387331 362.3943511998463 0 2 0
-158.2415452489255 105.3511843493783 489.9467741863966 11 47 82
-105.36398688516826 101.49125795532203 463.9993880239378 19 60 97
-104.74496467210022 101.55361844966612 464.53523958307136 21 61 101
-104.21923873397137 102.0407489214026 465.6740196991869 20 60 100
-77.39700439652955 97.86252297763045 455.9312698303394 25 64 109
-76.7549785322578 97.9145106361846 456.4215375376456 26 65 110
-53.50090270384623 79.85796890309545 368.06241243499073 66 55 74
-52.95198204090404 79.87034088630973 368.31055108306015 65 54 73
-41.01303362431189 67.97320180522837 310.13174065109246 82 124 125
-40.53736033745738 67.96754525190173 310.2611156531376 110 152 153
-40.06132609898084 67.96189290129881 310.39058735456103 129 185 166
45.48320062177692 67.36909433025033 312.97618304119396 106 170 131
45.99727138766015 67.36465148729533 313.0911917702376 105 169 130
46.51174840692811 67.36021313020713 313.20629000343223 105 174 136
-210.26891688783064 66.70209016748954 299.0014502398203 0 2 0
-209.9112390420011 66.69259521264307 299.169815345472 0 2 0
-209.55311601595437 66.68307908844876 299.33839154201985 0 2 0
-209.19454745780882 66.67354179819422 299.5071789930252 0 2 0
-208.83553301740585 66.66398334584422 299.6761778611327 0 2 0
-208.47607234627088 66.65440373603836 299.8453883080918 0 2 0
-208.11616509757204 66.64480297408772 300.0148104947748 0 2 0
-207.7558109260812 66.6351810659721 300.1844445811963 0 2 0
-207.39500948813253 66.6255380183369 300.3542907265336 0 2 0
-207.03376044158156 66.61587383848992 300.5243490891446 0 2 0
-206.67206344576488 66.60618853439843 300.6946198265891 0 2 0
-206.30991816145794 66.59648211468567 300.86510309564693 0 2 0
-159.25888367399364 72.81686874399551 332.54507391816844 0 2 0
-158.82835135753078 72.81765118082212 332.76406236696795 0 2 0
-158.39727719744673 72.81843215577452 332.9833269437826 0 1 0
-157.96566055997627 72.81921174258902 333.2028679554953 0 1 0
-157.53350080693238 72.81999001520757 333.42268571119706 0 1 0
-157.1007972956653 72.82076704777424 333.64278052220754 0 1 0
-156.66754937902175 72.82154291463101 333.8631527020959 0 1 0
-156.23375640530463 72.82231769031443 334.0838025667035 0 1 0
-155.79941771823223 72.82309144955177 334.304730434164 0 1 0
-155.36453265689917 72.82386426725755 334.525936624926 0 1 0
-154.92910055573503 72.82463621852946 334.7474214617716 0 1 0
-154.4931207444657 72.82540737864524 334.9691852698408 0 1 0
-154.0565925480729 72.8261778230586 335.1912283766503 0 1 0
-153.61951528675507 72.82694762739591 335.41355111211493 0 1 0
-221.36853741524592 112.24469335521407 509.35234667009075 9 35 62
-219.11871224363225 111.79432210870722 509.715448962066 5 41 67
-206.5000841695669 108.69781938560548 490.09673277990987 1 38 66
-206.96853896255791 109.76687769797061 504.08270252933977 2 42 71
-189.34339689899795 107.08471049074284 492.3474663759115 8 45 77
-169.77384049667603 106.94738918768994 493.4419612344003 11 48 80
-169.21999116913113 107.03229821854525 494.1331178506992 11 48 80
-105.38516836177112 101.83029230181013 463.84642262413587 21 60 98
-104.76639173573574 101.89302760868021 464.38190392252676 20 61 98
-54.079826977510876 80.12279168276915 367.7345832234081 62 55 77
-53.53174231182561 80.1353287342236 367.9823001926453 56 48 75
-52.982962196861926 80.14789149463884 368.23032915043336 50 42 69
-41.04109499370514 68.2102764403046 310.0830540045554 92 148 149
-40.56550946123081 68.20472533289761 310.2123870330103 110 166 167
-40.08956278605762 68.19917854800815 310.34181679164396 135 200 185
44.93401808639584 67.6117162067835 312.8121685934585 126 189 148
45.44761875538667 67.6073691220778 312.92705628835614 118 185 145
45.961624987796796 67.60302665386371 313.04203331147943 108 175 135
46.47603759923953 67.59868877368893 313.15709984900144 106 174 139
167.89078047839425 108.34372909075674 491.406478441549 0 8 12
-266.3112167056402 70.26720797560516 317.4073888403907 0 2 0
-264.85072987809525 70.25894191393961 318.6178160361519 0 2 0
-264.5571266288039 70.25725202116551 318.8611562123478 0 2 0
-264.26301871994934 70.25554976225462 319.1049168999883 0 2 0
-255.93720021611549 79.77421502760356 355.70664242558723 0 2 0
-255.61355895699333 79.79324157751752 356.04262145984126 0 2 0
-255.2892641296108 79.81229541590679 356.37928294229806 0 2 0
-254.96431416082274 79.83137662947149 356.71662850813294 0 2 0
-254.63870747447586 79.85048530580707 357.0546597953882 0 2 0
-254.31244249136108 79.86962153340613 357.39337844502177 0 2 0
-253.98551762916713 79.8887854016614 357.7327861009572 0 2 0
-253.65793130243338 79.90797700086763 358.0728844101326 0 2 0
-253.32968192250075 79.9271964222238 358.41367502255054 0 2 0
-253.00076789746407 79.94644375783568 358.755159591329 0 2 0
-252.671187632123 79.9657191007178 359.0973397727523 0 2 0
-252.34093952793265 79.98502254479565 359.4402172263222 0 2 0
-252.01002198295367 80.00435418490795 359.783793614809 0 2 0
-251.67843339180345 80.02371411680899 360.12807060430555 0 2 0
-251.3461721456043 80.04310243717048 360.4730498642789 0 2 0
-251.01323663193287 80.06251924358408 360.81873306762265 0 2 0
-250.679625234769 80.08196463456288 361.16512189071193 0 2 0
-250.34533633444468 80.10143870954437 361.5122180134564 0 2 0
-250.0103683075908 80.12094156889196 361.86002311935613 0 2 0
-249.6747195270846 80.1404733138971 362.2085388955539 0 2 0
-249.33838836199837 80.16003404678158 362.5577670328935 0 2 0
-249.0013731775438 80.17962387069932 362.9077092259733 0 2 0
-221.81457589305475 112.50297878627046 508.334330372384 3 30 54
-221.34583483811699 112.61135763273627 509.13727753481453 8 35 59
-200.76426782707205 111.1494100455835 499.4825945726693 3 43 72
-122.1467253472868 105.56407611558272 476.7748663186854 15 54 92
-118.36518783657478 104.44434415769058 473.70627256500427 16 55 93
-108.86400189412927 106.19776758893121 482.27953243742604 20 60 100
-103.02358288248165 102.4505029230959 466.2506148348411 21 61 101
-72.17702440158709 100.4129998320524 452.3224599173578 27 66 111
-57.16892750591846 82.64688368519786 373.1252248060262 12 25 54
-54.1106574603031 80.39995373946189 367.6545222149249 58 51 75
-53.56271223323433 80.4126813209935 367.9021300601255 32 30 62
-40.593764103243764 68.44193177936708 310.1636253517246 108 168 172
-40.117903915001186 68.43649060940518 310.293013449567 139 210 199
-31.99271733326051 66.37748431819644 306.90623612011535 181 255 247
45.92609529028922 67.84142707025211 312.9928964115484 109 178 140
46.4404448279817 67.83718961278178 313.10793155924557 97 170 137
168.74821942084148 108.76243141844067 491.7181555512131 0 8 12
-263.0119772853969 60.151056209965766 270.26025815694226 0 2 0
-210.29726473239236 67.17551658374295 298.91041328080956 0 2 0
-209.93985027956612 67.16632150125244 299.0786062603608 0 2 0
-209.5819910045489 67.15710552117774 299.2470101191671 0 2 0
-209.22368655230184 67.14786864691028 299.41562502224366 0 2 0
-208.86493656949847 67.13861088252494 299.5844511336952 0 2 0
-208.5057407044844 67.12933223277682 299.7534886167343 0 2 0
-208.1460986072379 67.12003270309843 299.92273763370196 0 2 0
-207.7860099293285 67.11071229959684 300.09219834608507 0 2 0
-207.42547432387698 67.10137102905009 300.261870914537 0 2 0
-207.0644914455155 67.09200889890488 300.4317554988965 0 2 0
-206.70306095034533 67.08262591727292 300.6018522582081 0 2 0
-206.34118249589682 67.07322209292803 300.77216135074093 0 2 0
-205.9788557410876 67.06379743530273 300.94268293400864 0 2 0
-205.61608034618138 67.05435195448523 301.1134171647898 0 2 0
-227.35286977337816 114.6140014778616 513.3982108536829 0 3 5
-131.5868458789229 108.34430196271285 483.42131621377257 19 55 92
-132.49759301568733 108.76131166908455 489.2177738317146 21 57 94
-123.52535573172128 105.74802777372552 481.2446906437901 16 55 93
-117.77043172448938 104.86021411853596 474.1198644205612 19 58 96
-98.70147442547565 108.29546020166411 486.065010623715 17 62 103
-72.20568487991837 100.743543722437 452.18226151432333 27 66 111
-57.750875556655636 82.9099871486205 372.7804763197781 25 38 67
-41.097537657814264 68.684505422269 309.9855805115056 92 163 168
-40.62212441714665 68.67916535726748 310.1148304349842 112 183 188
-40.14634964226327 68.67382985302302 310.2441771530046 157 234 228
160.10169185789437 106.94708639054952 480.05381665592654 0 7 33
166.76374067687232 108.99126123832872 490.6348188631594 0 7 13
-267.47587111773487 70.77567968341498 316.32296558371735 0 2 0
-267.1870025489012 70.77452234895996 316.5622616369462 0 2 0
-255.27302997046652 80.36141472836101 356.20092984070436 0 2 0
-254.94835287148192 80.38103139690628 356.5377957398358 0 2 0
-254.62301996620255 80.4006764761231 356.8753460577455 0 2 0
-254.29702967556202 80.42035005685906 357.2135824344023 0 2 0
-253.97038041738332 80.44005223087477 357.5525065127444 0 2 0
-253.64307060633223 80.45978309084641 357.8921199387277 0 2 0
-253.31509865386755 80.47954273036804 358.23242436137656 0 2 0
-252.9864629681954 80.49933124395397 358.5734214328343 0 2 0
-252.65716195421783 80.51914872704073 358.91511280841337 0 2 0
-252.32719401348513 80.53899527598996 359.2575001466473 0 2 0
-251.99655754414607 80.55887098809018 359.600585109342 0 2 0
-251.66525094089766 80.57877596155917 359.94436936162765 0 2 0
-251.33327259493444 80.59871029554623 360.28885457201187 0 2 0
-251.00062089389849 80.61867409013438 360.63404241243296 0 2 0
-250.66729422182726 80.63866744634272 360.97993455831204 0 2 0
-190.47602553764216 111.72146937176973 501.702948563729 6 41 72
-124.48334129941045 104.75558704932968 473.08279274323206 18 54 93
-117.17497994053701 105.27693140308187 474.53378751147494 20 59 97
-98.7237287790604 108.64694138201997 485.8937574343092 16 61 102
-98.07079536881258 108.72569030327008 486.4948479186837 16 61 102
-87.62690314521502 108.60262940465304 481.4206159198652 20 63 104
-72.23450650867828 101.07400730479264 452.0419676257813 30 68 111
-41.125919254273946 68.92166129466946 309.9367933190108 97 168 173
-40.79765967229129 68.93776597604568 310.99714308975325 139 210 215
-40.32077033496872 68.93256460370723 311.12810608447006 182 255 255
-39.84351352279208 68.92736795565447 311.2591684786217 175 255 253
29.29699784250968 74.96334363966513 340.63523911254407 130 198 153
29.851745497513285 74.96719102649199 340.80051105776323 127 192 148
30.407049055135563 74.97105206733767 340.9659466599662 126 191 147
45.78771839172407 69.7414682753094 315.1183364412111 50 123 90
46.3059245639427 69.7390036883484 315.236751819029 41 114 81
46.93412014021924 69.43517346016378 316.5373065892539 27 107 82
-262.77683146499606 60.574546448735134 270.3318718211528 0 2 0
-208.89534598988547 67.61318844561113 299.4922635101504 0 2 0
-208.53641556411606 67.6042110902648 299.6611276790285 0 2 0
-208.17703924645812 67.59521312884193 299.83020317809473 0 2 0
-207.81721668522727 67.58619456757106 299.9994901703347 0 2 0
-207.45694753027968 67.57715541335767 300.16898881790337 0 2 0
-207.09623143297017 67.5680956737813 300.33869928214625 0 2 0
-206.7350680461128 67.5590153570925 300.5086217236174 0 2 0
-206.37345702393984 67.54991447220961 300.6787563021004 0 2 0
-220.09705795675046 115.11302203685592 513.5752627235034 1 38 66
-125.70276878695054 104.95835159779548 471.7617194278975 20 59 95
-112.05242086564476 105.64946489246947 472.3452818378458 22 61 99
-41.30297475045795 69.18098001337593 310.81710359512806 98 173 177
-40.82653562550586 69.17588097341788 310.9479260374918 161 236 240
-40.34972957507276 69.1707867492891 311.0788477135669 178 255 255
-39.87255584373347 69.16569736951321 311.20986882442537 181 255 255
-39.39501367234702 69.16061286229187 311.3409895722074 178 255 254
-38.77455496541833 69.13324996450352 310.53478252673875 180 255 255
-26.525543438286935 69.35534482351248 308.0549635793723 121 190 150
29.259551526626577 75.2207668057326 340.572566875488 130 198 153
45.75248766528116 69.98069323822622 315.06762423455274 50 120 86
46.2706272160064 69.97833111639432 315.1860061586717 38 108 74
-254.60826105145125 80.95050242855616 356.6951789236208 0 2 0
-254.28254666242205 80.9707128756144 357.03293192008766 0 2 0
-253.95617421508703 80.9909528685903 357.3713713160621 0 2 0
-201.90733729155622 113.53703934120976 503.620764918003 8 45 73
-201.66805979348504 113.8986419608277 505.08822291746185 8 45 73
-154.40956008153353 112.42400792961014 495.9019220529143 10 49 83
-112.07207709184887 105.99313234279768 472.1831251622224 22 61 99
-95.50001078113414 108.3800431367721 474.26759033950066 15 62 102
-56.46325267018985 84.14900053174885 371.8323711722728 33 36 66
-41.33187478691289 69.4190172582468 310.76789346781027 100 175 179
-40.855518092024724 69.41402530324568 310.8986748361907 157 232 236
-40.37879426285474 69.40903828342361 311.0295554745057 180 255 255
-39.901702543588485 69.40405622756559 311.1605355838875 182 255 255
-39.4242421747009 69.39907916413374 311.291615366536 181 255 253
-38.80356081091912 69.37099351771215 310.48572490413784 180 255 252
-38.32657981101534 69.36599527396037 310.6153387178051 185 255 246
-37.84923291196598 69.3610020853183 310.7450504184668 172 251 233
-37.37151935201083 69.35601397889336 310.87486020703676 149 225 203
-36.893438365778344 69.35103098146793 311.0047682854597 133 209 187
-27.671161777023922 68.86152686269232 308.31067109577145 123 194 155
-27.06272599070084 68.71870103332736 307.17444445794234 124 193 153
33.18416813674486 70.24885655941883 315.7477703735102 116 179 134
35.78542382161377 70.16658890995883 305.6165314816626 109 169 129
36.28351068882897 70.16404942384598 305.7219569024444 106 166 126
36.7819610592366 70.1615165164254 305.8274577615897 89 153 116
-280.4074469574101 63.72219432381352 276.3254585447856 0 2 0
-300.18734074673824 68.91347841344735 298.57660041247584 0 2 0
-257.3672606577073 60.99726811979666 267.82465008432797 0 2 0
-212.1680550287204 115.9842789795427 508.72160884279873 4 41 69
-151.93490042603804 114.60494451309896 496.26538299021695 11 52 87
-119.88131393671135 107.84580943893555 470.7196141998263 19 58 96
-117.110712461916 108.99245185551743 477.75162488211356 15 54 92
-116.49151232015492 109.07161327111285 478.34191615836374 15 54 92
-94.14530881038186 106.5159594122579 466.91104541231493 17 62 103
-93.74272463242295 106.26903304856987 471.5440296893025 17 62 103
-57.464792195074544 84.80814816140673 377.3486612574062 37 42 76
-55.94000151267008 84.44559212579415 372.00678215882004 36 41 75
-29.47048296852479 68.98103307536203 306.5234957190448 127 202 168
-28.995507674069543 68.97556275241716 306.64401847683223 130 200 164
-28.520185235215404 68.97009758385799 306.76462776057934 130 200 164
-28.044514905985263 68.96463758983863 306.88532375467395 126 197 158
-27.568495937296902 68.95918279017924 307.00610664434276 124 195 156
-27.092127576976598 68.9537332043653 307.1269766156478 125 194 154
-26.61540906977392 68.94828885154723 307.24793385548304 124 193 153
33.76477626700952 70.4074773228264 305.14779586581403 111 169 126
34.26134684704011 70.40500228842514 305.2528902514721 114 172 129
34.75827805840507 70.40253400074441 305.3580594403321 110 168 125
35.25557064876912 70.40007244206728 305.4633035931206 108 166 123
35.75322536574577 70.39761759432704 305.5686228706151 108 166 127
36.25124295687152 70.39516943910691 305.6740174336394 108 166 127
36.74962416957904 70.39272795763976 305.779487443058 102 161 124
-164.69042897146647 113.04569742321122 488.5243794603889 12 48 83
-117.12706665314744 109.33797546634368 477.58392100102657 13 54 91
-55.83878546222736 86.57948465790932 372.51208045714293 34 38 77
-34.85892119795281 69.41175726673633 306.3807757141393 167 238 218
-34.38612985902734 69.40649982790906 306.5024235765377 198 255 249
-33.91299280887218 69.40124751675413 306.6241588535251 195 255 249
21.440444356298713 73.4935390013777 318.2867180844844 236 255 255
32.63218227431829 70.79295293221914 309.4022274165262 115 176 129
32.74101614668274 70.64295928391489 304.8901197925496 113 174 127
33.2367990075538 70.64056142413101 304.99503442627065 116 177 130
33.732941126686995 70.63817044054461 305.10002355076784 111 169 126
34.229443251188215 70.63578631603714 305.20508732654343 113 171 128
34.72630612815741 70.63340903313892 305.3102259141603 111 169 126
35.223530504661795 70.63103857402864 305.4154394742378 109 167 124
-285.15741181034525 64.98791003888238 281.2414882209935 0 2 0
-221.64026306798633 67.69043198427885 291.4235120282478 0 2 0
-174.31772774389236 113.78020555554113 494.9405551455608 9 49 80
-173.76974656026914 113.87962738487687 495.64327459834533 7 47 78
-164.6893085519085 113.39671081339759 488.33972141257124 14 51 83
-132.67645187481992 110.31067271702818 478.06431826738276 15 54 90
-119.39700939061457 108.6864801660728 471.33045874781754 15 54 92
-87.98295175263961 108.2168161337694 469.7345008137921 23 63 105
-87.335291866831 108.28961014612854 470.27598836607484 26 66 108
-16.53118240243606 70.78790282851851 305.46447736366673 0 40 11
20.894620098734748 73.73277901804921 318.10489587388065 244 255 255
21.408087423304607 73.73367735451097 318.2331425005132 244 255 255
21.921978532288367 73.73458595961607 318.3614931694471 236 255 255
32.096722629215066 71.02952676505343 309.2413164847426 120 181 134
32.59961225125518 71.02741231582756 309.353138113535 115 176 129
32.70940023875305 70.87350059399826 304.84242069700997 115 174 128
33.20511569698268 70.87119341623672 304.947304983311 116 175 129
33.701190536191945 70.86889320915968 305.0522637694327 113 171 128
34.1976255028886 70.866599955548 305.1572972157697 114 172 129
34.69442134356667 70.86431363782945 305.2624054827751 111 169 126
167.2357984022666 111.66903114241413 487.73391196898024 0 9 15
-264.03887466927563 81.4247458821854 346.53873931825257 0 2 0
-263.7326801014379 81.445126850029 346.85575898926743 0 2 0
-133.28400772816832 110.57257946146571 477.2903220206186 14 55 90
-132.08601460660236 110.75379308493282 475.9997966061583 15 56 91
-88.0073527507962 108.5568998334224 469.5770311677205 27 65 108
-87.35994176128757 108.63006834443358 470.1181497080076 26 64 107
-42.13667183700073 71.85631799370562 312.95408087542165 87 151 154
-16.5592739100713 71.02001838206645 305.4167237228217 2 40 10
-3.4824501712322213 76.19720130046359 323.80432076977667 0 8 0
19.324757819278343 73.96988321412597 317.6673690798337 238 255 255
20.34942589968098 73.97184256248904 317.92326465780417 246 255 255
20.86239256149433 73.9728378297905 318.05136771017675 246 255 254
21.37578220613925 73.97384349116818 318.17957458061966 246 255 254
21.889595761478983 73.97485954517515 318.3078855014636 244 255 254
22.403834156584242 73.97588599000824 318.43630070540735 243 255 253
22.918498321710146 73.97692282350762 318.56482042551477 232 255 255
28.055378310447043 71.28033249459826 308.3009342515058 129 194 150
31.059792827402163 71.26797939877179 308.96894056663496 123 184 137
31.561854786920154 71.26594643742666 309.08056422597195 121 182 135
32.064297797788896 71.26392083191439 309.19227101531413 118 179 132
32.56712266127307 71.26190256615106 309.3040611150997 115 176 129
32.67786582681447 71.10407247322517 304.7947333281296 112 173 126
33.17351517696166 71.10185594038147 304.89958754645 112 173 126
33.66952403122419 71.09964647210063 305.0045162738326 113 172 126
34.165893135495125 71.09744405106265 305.10951967055973 113 172 126
34.66262323564581 71.09524865959213 305.2145978969721 110 169 123
35.15971507749959 71.09306027965779 305.3197511134639 113 172 126
-201.0737724729142 63.380360057669094 265.71621008081615 0 2 0
-200.72582233073828 63.36288019748855 265.81224304715096 0 2 0
-200.37756407806273 63.345375383952685 265.9083620386478 0 2 0
-200.02899768468734 63.327845610363454 266.00456706418123 0 2 0
-199.68012312414908 63.310290870879996 266.10085813152426 0 2 0
-165.68316682994387 114.84545533730132 493.0906984740606 12 49 81
-126.03885652490794 112.24879848686 474.0832087000111 17 56 92
-121.78675647183506 116.95918202629969 496.96610661027074 16 57 92
-95.15991075170524 110.55054460036065 475.076834944601 17 62 103
-77.56882669013473 108.59865826480313 462.12238730370797 23 63 105
18.781183562326955 74.20857860697483 317.4862127318689 241 255 255
19.29280998424024 74.20964950237537 317.61396626905776 241 255 255
19.804856742273184 74.21073091737917 317.7418229386066 249 255 254
20.317324760072708 74.21182285161849 317.8697829715866 249 255 254
20.830214962555505 74.21292530436958 317.9978465994539 249 255 254
21.34352827588464 74.21403827455178 318.1260140540442 249 255 254
21.85726562744666 74.21516176072682 318.2542855675662 249 255 254
22.371427945827353 74.21629576109835 318.38266137259774 249 255 254
22.886016160788472 74.2174402735108 318.51114170207705 239 255 255
26.825893958791273 72.52506575310144 311.0181773680627 131 198 170
27.329894633301482 72.52422317700646 311.13383115878344 130 197 159
27.52419212008033 71.51598235765685 308.14113535149517 125 192 154
28.02354448411146 71.513992730525 308.25215080554216 126 191 149
28.523272434413794 71.51201066256637 308.36324814217915 126 191 149
29.023376769492934 71.51003614014972 308.47442754079486 125 188 143
35.625328977850415 71.32202722787457 305.3771249966844 113 169 126
36.12308245610757 71.31994398201688 305.4823989404321 108 164 121
36.62120003263546 71.31786778408762 305.58774836443604 108 164 121
50.29999541730795 72.43092799348128 311.8103855146187 106 169 135
-255.0460850269185 75.15301074307445 316.64954962681185 0 2 0
-254.73701815197578 75.15801857272506 316.88258521348496 0 2 0
-195.79509042983398 118.0291676707097 502.5516458568783 8 43 74
-184.9297132892698 117.52415005430603 495.78173001854225 5 47 77
-181.74734811792823 116.30546965158241 493.4412561065543 6 46 77
-181.21310049887163 116.41088052152688 494.1470391507459 6 46 77
-174.76172009037666 119.20320339509583 505.7063158421144 17 52 85
-167.7843331724622 115.57371364092883 492.25685214839785 13 48 81
-167.22739970249788 115.6750052218068 492.9440511332782 12 49 81
-159.15758728679467 115.58235902474179 488.26445966822905 13 52 86
-150.49261051197507 115.35413003319353 490.61066752039085 12 51 85
-130.6792789958883 111.37401330192392 475.98409883037215 15 54 92
-126.04939591247656 112.58947723616865 473.91696555859704 17 56 94
-104.5415153607231 109.75451763657733 469.0170383488691 21 60 98
-94.53740775252338 110.97246850896539 475.477295786687 19 62 101
-77.59411891192214 108.93260069838533 461.9719940160957 26 64 105
-71.05584516702146 103.33073234056613 439.60665049488904 28 66 107
-1.4367502508177794 77.73115310255041 326.24943852868125 0 10 3
18.238225344109566 74.44710059950543 317.30524329028935 221 255 255
18.749356715661953 74.44826765545409 317.4328548027622 239 255 255
19.260907632159963 74.44944535369554 317.5605692264869 239 255 255
19.772879015498354 74.45063369423364 317.68838679202554 247 255 254
20.285271788855855 74.45183267671477 317.8163077303299 247 255 254
20.798086876673185 74.45304230042723 317.9443322727349 249 255 254
21.311325204629096 74.45426256430018 318.0724606509532 249 255 254
21.82498769961722 74.45549346690306 318.20069309706884 249 255 254
22.339075289721933 74.45673500644514 318.32902984353234 249 255 254
22.85358890419586 74.45798718077444 318.4574711231554 244 255 254
23.368529473434563 74.45924998737712 318.58601716910294 243 255 253
26.79407219010948 72.76035455454829 310.96792126057693 130 198 175
27.492489389556187 71.74958021825191 308.09239209004386 126 192 157
27.99177840699283 71.74768580927865 308.2033765003788 126 191 149
28.491443147237042 71.74579905969354 308.3144428056641 125 190 148
28.991484408192147 71.74391995580015 308.425591185167 127 187 143
29.491902988132114 71.74204848353932 308.53682181830146 128 188 144
29.99269968567651 71.74018462848925 308.6481348846232 128 189 142
36.09126756083652 71.5512154636506 305.4345279096102 111 168 122
36.58932246538645 71.54923048479176 305.53984788761204 111 167 124
40.98887507366495 75.82668286294223 320.12623433106006 123 183 141
41.514473202161 75.82975679925084 320.2537625568144 132 192 150
-283.262609743633 66.72770423178412 280.6967443130486 0 2 0
-241.27598923088405 67.9512251916282 280.87042703642334 0 3 0
-200.76421718853018 63.78774304186803 265.7575460716935 0 2 0
-200.41618455458456 63.77043225703763 265.85358374151673 0 2 0
-200.06784398400492 63.75309659997372 265.9497073809611 0 2 0
-199.7191954465958 63.735736064344785 266.04591699886225 0 2 0
-199.3702389158507 63.718350644678516 266.14221260296677 0 2 0
-199.02097436891387 63.70094033635864 266.2385941999433 0 2 0
-217.6140291914615 120.83920567463268 500.8197064509041 11 31 55
-217.1408144687774 120.96338737316714 501.59241253475716 5 36 63
-206.15440165143255 121.75966399095154 508.4645534571243 5 40 71
-193.8950550921062 118.67329379849404 494.21551040691105 10 45 76
-180.67024781961072 116.87058961558077 494.6598266931233 5 47 77
-159.72377063783557 115.83232036334621 487.4173447360931 12 51 85
-150.496770234694 115.70576883359118 490.4251231767009 15 51 86
-146.36838314248158 114.26990908111294 479.9800701699587 16 52 87
-94.20281013306226 110.63762992896757 463.6366567749173 19 62 101
-85.22867505179399 102.37375273234535 429.5878716467908 19 62 101
-87.21488300645926 108.21183805803993 454.299042791277 23 63 103
-86.58453871791902 108.2810423364682 454.793245035116 25 65 105
-83.2263760600214 109.95382424915269 467.7821697158168 28 63 105
-68.55321550845976 103.00301757705422 429.42091624607644 28 66 107
-67.9339682095241 103.0572642683562 429.83092907169265 38 65 107
17.69587821162474 74.68545044437195 317.12445927910613 219 255 255
18.206516525949 74.6867134055383 317.25192931370214 221 255 255
18.7175735976252 74.68798713067089 317.3795020395294 238 255 255
19.22905034677247 74.68927162014782 317.5071776866355 238 255 255
19.740947694809964 74.69056687398806 317.63495648546115 249 255 254
20.2532665644327 74.69187289185115 317.76283866683457 249 255 254
20.766007879589242 74.6931896730362 317.8908244619653 250 255 254
21.279172565457532 74.69451721648127 318.0189141024391 250 255 254
21.792761548422433 74.69585552076269 318.1471078202117 250 255 254
22.30677575605112 74.69720458409427 318.27540584760374 250 255 254
22.82121611706991 74.69856440432648 318.40380841729376 249 255 254
23.336083561340317 74.69993497894605 318.532315762314 249 255 254
26.76231509023887 72.99567567756694 310.9176740635024 130 198 177
35.56191262684891 71.78442079264036 305.28145450487733 113 169 126
36.05954181108018 71.78251976211396 305.38666981755847 112 168 125
36.55753533387319 71.78062596289594 305.49196062849757 112 168 125
37.05589393850618 71.77873937518372 305.59732709786704 112 168 125
41.194128184980904 78.23891237880373 325.2366967414688 118 178 136
40.955137196509796 76.06731878061242 320.0712128278418 127 187 145
41.480656927749926 76.07050004062606 320.19870107018045 130 193 150
175.07410467649834 125.61803899535161 522.0484376293236 0 3 28
-215.2627227933688 122.16845564572641 502.9416920450311 2 38 64
-206.97865954494637 121.01010393081792 500.5484992898474 6 41 70
-206.48489799337537 121.13227345796831 501.30820552554127 6 41 70
-205.0672269309285 121.40175254265658 500.03719026356663 6 41 70
-207.12957547420925 121.86816037804905 506.68497070988985 6 41 70
-204.79233348166335 121.77381031295216 503.2284214104083 8 43 72
-184.96132359809727 120.01945702333029 504.18832919839593 7 47 78
-172.2170955884722 117.80150515330492 487.40630848658975 10 50 81
-159.7238484944308 116.18124158784802 487.23317881678804 10 49 83
-108.5474010096613 111.42578802290406 467.07424096508913 20 59 97
-101.28287535013293 111.97088075058633 462.36631887761575 22 61 99
-86.7773283547029 106.38816105355185 444.431065502488 20 63 102
-87.2369889964799 108.54040197349931 454.15336874368853 22 62 102
-86.60687624077865 108.6099477568741 454.64724718450594 23 63 103
-70.4812302801484 104.02889547727132 439.7811720888405 28 66 107
-42.20783209377132 76.06767709972829 315.02240564450625 42 102 118
-30.283854247727817 73.91072668208645 306.5720885925647 129 202 165
-29.857257567107414 73.01396202414134 306.243073435306 131 204 167
-29.3821712567 73.01211231579798 306.36338999900903 129 202 165
-27.03720223589496 72.25759360059698 306.477589221842 130 199 159
-26.560919574954994 72.25487525692797 306.59764069845875 129 198 158
-1.4661429718456902 79.64247221468959 330.19502961658924 0 11 5
17.1541372348096 74.92362938241605 316.94385923030495 193 255 255
17.66428447556544 74.92498799677836 317.0711883308672 212 255 255
18.1748496897091 74.92635749575778 317.19861990374176 216 255 255
18.685833795562495 74.9277378801088 317.3261541784552 234 255 255
19.19723771276146 74.92912915022559 317.45379138493166 234 255 255
19.709062362233627 74.93053130614148 317.5815317534861 242 255 255
20.22130866617413 74.93194434752782 317.70937551481927 242 255 255
20.733977548023393 74.93336827369387 317.8373229000119 247 255 254
21.247069932442724 74.93480308358552 317.9653741405191 247 255 254
21.760586745291757 74.93624877578475 318.0935294681639 247 255 254
22.274528913604264 74.93770534850893 318.22178911513294 247 255 254
22.788897365564484 74.93917279961028 318.3501533139695 246 255 254
37.23391866498763 75.06916950419675 314.7937591192988 113 170 124
37.74875613131964 75.07089940624542 314.9134971822699 112 169 123
38.26400699216949 75.07263955388554 315.0333297091931 113 170 124
38.77451041129419 74.46405252926914 315.7891342511233 111 169 126
40.62593904312606 78.47631124366885 325.0428812301547 115 173 130
41.16014426861829 78.48223947960919 325.178641773787 122 182 140
40.92150286716517 76.30798243036546 320.0162111659908 129 189 147
41.44694557408411 76.31127097273273 320.14365976764094 134 197 154
167.39598040946925 118.35269780502475 487.3391089455224 0 9 15
168.33637514557518 118.42829260837293 487.7949926687521 0 8 10
-276.4905213260282 67.82674747882254 278.0559005052958 0 2 0
-198.71214703146546 64.10959561001168 266.27960039602976 0 2 0
-215.1403460797606 123.29595897305433 504.5378031670066 2 37 66
-213.40963516783432 122.44374578915884 507.69520965931196 3 38 69
-205.5410971023957 121.6327839162905 499.0812486070606 6 41 72
-205.9684199221776 121.610458770493 501.864372170421 6 41 72
-205.2692040395699 122.00552486595676 502.2577432229928 5 40 71
-173.40710080850607 118.08620126058415 490.28856245895093 9 51 81
-172.8608891382199 118.19303077021839 490.9752382800829 12 52 83
-171.5466644396704 117.93588815512864 489.53666387588135 10 50 81
-172.0592605479008 119.86032618114265 497.8852005339896 13 48 81
-108.5643335883067 111.76239345325608 466.91527908304647 21 60 98
-86.79945054692485 106.71057269487011 444.29293687870984 22 62 102
-86.62940007454895 108.93876719203199 454.5011286648658 23 61 102
-42.223107609554035 75.30665683961008 314.1722235259787 30 91 104
-36.829597345611916 73.19327440274637 306.67198246910306 144 216 168
-36.35656968984035 73.19134355140413 306.79480899803195 145 217 169
-35.88319390520038 73.18942028582221 306.9177242928751 148 220 172
-35.40946927924819 73.18750463831832 307.0407285322533 141 213 165
-34.935395096195634 73.18559664089844 307.1638218957101 143 215 171
-34.460970636922234 73.18369632525575 307.28700456370876 144 216 172
-31.98607616410595 74.61743103382612 308.49058236365204 135 209 169
-31.25948263658519 74.14404703941837 306.28106953094067 134 208 168
-30.784631658453794 74.14337711424983 306.401802716478 132 206 166
-30.309434759627752 74.14271583433387 306.5226221622761 128 202 162
-28.933526594505672 73.2430126910599 306.4348606537321 129 203 163
17.63273098233047 75.16455768459164 317.01792135309125 198 255 255
18.143224426321865 75.16603371306327 317.14531479845795 204 255 255
18.654136897749414 75.16752074767868 317.27281095673396 226 255 255
28.996650393622197 74.68191166396558 313.45488931744603 127 194 154
29.528948992965834 75.28009466103475 312.95683210530666 129 192 149
30.037614269393046 75.2817693007928 313.0751412273689 128 191 148
30.546680347682905 75.28345445626847 313.19354182535216 128 188 144
31.05614807148259 75.28515011923633 313.3120340975665 125 185 141
37.20139673546345 75.30631415853101 314.7411643613505 112 168 125
37.716162793633316 75.30814550125073 314.86086651672633 113 169 126
38.23134234412938 75.30998719718148 314.9806631384384 113 169 126
41.126265491112605 78.72559211910743 325.1206085759425 122 185 142
40.887971573340764 76.5486746784073 319.9612290521765 129 192 149
166.37055488925677 118.62447803038884 486.72966730179076 0 9 15
167.30878376190077 118.70024539249985 487.18439111542347 0 8 14
168.24883722285844 118.7761632788251 487.6399982295025 0 8 12
-172.7480289055779 118.38951693955647 486.3621849994704 8 48 79
-173.40127920825194 118.43587727309321 490.0990127699268 9 49 80
-172.85530194921557 118.54315530741229 490.7851146560065 12 52 83
-174.74004981771918 121.17925493025875 500.8403363868806 13 48 81
-172.6064150745292 120.10191640557254 496.9791120307724 13 48 81
-172.05331118669832 120.21436672059977 497.68884395068346 15 50 83
-166.76784656996094 119.11271173422578 489.6399274624033 13 48 79
-167.14078653298708 118.85981521716998 492.6730393826272 12 47 78
-141.91288891831957 120.85785310678163 494.5065078077073 14 55 90
-108.58148470044802 112.0988882273861 466.7561581757394 23 59 96
-85.58370819830222 107.16201064561756 445.0838809944107 23 62 100
-41.77490336708683 76.54576842977592 315.0535553877642 36 97 117
-41.291655840230035 76.54801432901381 315.1922667845176 95 156 176
-40.347707403772866 76.56739548788734 312.4194713019212 134 187 165
-39.867401337809795 76.56961000583902 312.55312244042267 138 191 169
-39.38671860485184 76.5718351495927 312.68687665301434 145 203 162
-34.48789371080374 73.41746697108064 307.2377466068485 139 214 167
-32.01173113195161 74.85083361072743 308.4401446545954 138 212 172
-31.534039078827732 74.85088164691743 308.56475229615063 135 209 169
-30.8102129622198 74.37530086903979 306.3523481913605 136 210 170
-30.335096578648578 74.37473761299763 306.4731290299082 134 208 168
-29.435672643807848 73.47743427033954 306.2655743662282 134 208 168
-28.960393141872267 73.475789386336 306.38590260918096 128 202 162
-28.4847662046694 73.47415262630734 306.5063171237843 128 202 162
-20.611793261686124 80.9299665905705 338.08259762248406 131 188 142
-20.085403042646114 80.93888281453347 338.25748069630635 130 181 140
-19.03104843776914 80.95677366783403 338.6077630082259 88 131 97
4.282234944110656 80.25309718809292 330.4116318824649 119 170 140
17.78745816504364 79.650281886269 325.11729501357314 179 252 247
18.31185587624108 79.65714291125 325.2582569459013 190 255 255
26.366856803889846 76.24015792752006 318.03444458318813 145 215 202
26.88280658990244 76.24284144435045 318.1616858480395 142 210 189
28.378030796429076 76.70889902158096 316.88049850877877 129 197 164
29.45041469573822 78.83693860526743 322.1045064747382 130 197 157
28.964907035003055 74.91858264815933 313.40308907214995 127 194 154
29.47404021495573 74.91968388362417 313.5223008456813 127 192 150
30.00617647046975 75.51753683582056 313.0230606841689 126 191 149
30.51517102701673 75.51932188932477 313.141425640863 128 191 146
31.024567337265612 75.52111755838837 313.25988227650873 123 186 141
39.89872645384175 76.16988122054572 311.23071874012714 134 197 154
40.408696396416744 76.17246503498251 311.34433972789054 135 198 155
166.28418221722177 118.97166007546697 486.5754858490626 0 8 14
167.22207355763413 119.04774972382204 487.02993521614246 0 8 14
168.16178841819342 119.12399045591239 487.4852671611613 0 8 10
-277.8518980651926 68.32781406003254 277.2173144573016 0 2 0
-276.7806252048987 68.28457651992636 277.82802396915656 0 2 0
-276.5119979037693 68.27373388819484 277.9811626719073 0 2 0
-276.2430445881178 68.26287760182888 278.13448729782107 0 2 0
-208.82390373828804 123.11791368138282 499.0846235963581 5 40 71
-178.55711276536985 120.72731596677292 495.6198154182084 5 47 77
-178.01531633687645 120.84168369101235 496.33108326347343 5 47 77
-167.39215151478683 119.65950040844228 486.9783872027034 11 46 79
-123.74167729938844 113.05478561834968 467.14908678829175 19 55 92
-123.142387251308 113.13862265861084 467.71209616741845 19 55 92
-120.77504168201476 118.46114453372505 488.8129656724367 29 53 92
-103.88247013645008 114.36878395745097 463.8262747029986 23 57 95
-88.69143769460456 107.16158923816259 442.6303191762616 24 63 101
-81.76774329408595 114.39073474114048 472.5417466734781 32 68 107
-49.861728773861714 89.6450983665519 363.48354690923935 142 197 203
-41.31696253946674 76.78620480915701 315.1383911571218 55 116 140
-40.83341367200722 76.78857214503404 315.27716557141036 108 163 153
-39.94135373306459 76.75056606151803 312.77849595698933 123 178 168
-39.41118107116193 76.80766625310717 312.6339355168299 138 194 155
-32.03747142148206 75.08426854105518 308.38967861620444 137 208 169
-31.559860636786706 75.08441740698848 308.51424615838795 137 208 169
-31.081892284840425 75.08457564261276 308.6389052237816 137 208 169
-30.603565622619573 75.08474328102629 308.763656000016 137 208 169
-29.885455887468982 74.6063364624959 306.5444380111753 138 209 170
-29.46254303349875 73.71014763529482 306.21662681848517 137 208 169
-28.987338430594587 73.7086013035811 306.3369182899876 131 202 163
-28.511786200069423 73.70706320459531 306.4572960620155 135 206 167
-28.035885609557646 73.70553336630599 306.57776031445763 131 202 161
-27.55963592364928 73.70401181636029 306.6983112280307 130 201 160
2.2076070248055744 80.03220578944246 324.3777297562609 30 64 61
17.398127517175492 78.10823191518477 319.1175487128086 166 241 236
17.912366238375057 78.1128718801282 319.2484819974681 180 254 255
18.805662557309244 79.90729446408056 325.3406707707297 188 255 255
23.39306258391612 78.00809339317725 316.7947985848121 225 255 255
23.905989613349472 78.01259355247387 316.9205799310017 216 255 255
24.419334752908476 78.0171069536877 317.04646190352076 209 255 253
24.933098899308664 78.02163359935045 317.1724447233253 191 253 247
26.850823276645368 76.48266149633137 318.10757132299597 142 208 186
27.832042962503113 76.9438051159205 316.70171917749474 136 202 169
28.346481712691475 76.94711365657072 316.82648143501956 130 196 163
29.418590440901795 79.07789791920862 322.04748534979007 130 197 157
29.94290911549476 79.08385718173231 322.1807048292336 129 196 156
29.46628862649778 75.75146271182905 312.85275290794124 127 192 150
29.974811968260617 75.75333690561166 312.97099105195554 125 190 148
30.483736330330974 75.75522183071757 313.0893206819131 126 189 146
30.993062555054077 75.75711747879535 313.2077419958443 125 188 145
39.86713593379104 76.40337266893506 311.1787340977222 139 202 159
132.26435807210143 107.95535280070823 436.247844790308 0 5 17
167.13584812323253 119.39521223832189 486.8757399372932 0 9 15
156.08064942884994 109.50638156691845 446.26027191481575 0 5 8
-167.31406145559188 119.70101575128662 488.5893284956374 15 50 83
-143.11559416280457 121.33998448427992 492.79695999923433 13 52 88
-128.48517353713024 115.17181636127374 470.9091289558188 14 53 89
-123.65583083309662 115.8412939929923 472.9021368198807 24 51 89
-120.96653736441563 117.48335951007489 474.9081132727856 40 41 83
-108.5081636867511 110.20043616933664 445.7319011050535 38 46 88
-112.31397369478516 113.901730986225 464.01864768865283 33 46 86
-102.83476422852593 114.76653265944135 462.44853680238094 24 58 96
-81.79161448825779 114.72985477066906 472.3810471469577 30 66 105
-72.4250543342984 113.07791329757627 465.7834630390666 41 58 99
-40.89430262759689 76.61723371448106 315.1283495035245 80 135 141
-40.19521360005883 76.15705558802627 313.5435012817813 106 161 167
-39.43574546007116 77.04352633035154 312.5809602548559 131 185 154
-38.954863782524875 77.0459752722255 312.7147262445374 135 189 158
-38.47360360747973 77.04843517233168 312.8485957543171 134 198 150
-29.911358894693056 74.83852391162806 306.4948529171157 140 214 174
0.5999844840896768 80.76040417163233 327.44511826267 0 11 7
14.765656839840727 77.67727038561196 320.0821058455245 148 220 192
15.280254557626767 77.68123221973401 320.21532819943894 150 222 194
15.795286799860202 77.68520742795843 320.34866107293857 147 222 207
16.319007801569043 77.89054932626598 319.8856515692652 146 221 206
16.83398214127833 77.89477277445175 320.0181844631969 153 226 219
17.367744457409106 78.34760487918803 319.0620323119206 168 241 234
17.881902557120586 78.35235262102816 319.19292343487024 180 255 252
18.77465529917515 80.15059692909327 325.28200718083343 188 255 255
21.24671757462798 77.69766105654955 315.90405308508457 221 255 255
21.75724121701047 77.70158670782392 316.02887980151047 210 249 240
22.268178175505547 77.7055252056812 316.1538056747406 192 231 222
23.875487321714154 78.24998848181478 316.86584193061054 152 198 189
25.607473722454163 79.21086424996658 318.9683495445449 150 204 199
26.125073586370608 79.216679688096 319.0972733065362 148 213 198
26.643104044208574 79.22250953768219 319.2263023813007 142 207 192
27.16156601540966 79.22835380243157 319.3554369991946 141 207 185
27.80063683834157 77.18194738395827 316.6477510199069 134 200 167
28.315001635145382 77.18536018253575 316.7724749735247 130 196 163
29.386839239734634 79.31888603105793 321.99047710754655 129 196 156
30.45237580663265 75.9911551103821 313.0372266858087 125 190 146
30.961633271305846 75.9931507111895 313.1556129921335 124 189 145
31.471293550443153 75.99515713292992 313.27409118581306 121 184 139
106.10021260490558 95.74070259402606 389.6486036277496 0 6 5
176.52337057716244 120.5183938330434 491.3097288736878 0 6 5
-279.734317182709 68.84637366370086 276.08218884479226 0 2 0
-278.9385747558107 68.81510245453028 276.53570594325686 0 2 0
-278.40651004800645 68.79419749545077 276.8389447364596 0 2 0
-277.3385691272838 68.7522429501241 277.44759388709036 0 2 0
-276.802673550985 68.73119044846429 277.75301558207224 0 2 0
-276.26548179332974 68.71008587720792 278.05917616679994 0 2 0
-171.804351913139 96.6957247986889 387.84570020063245 0 1 2
-218.8609658557515 126.63579739234447 512.5660280059244 4 40 66
-218.86682496508269 128.8318173872715 522.4653462157737 2 37 66
-186.4530188929424 124.54688129324934 497.91565654901007 7 47 78
-185.9227163819742 124.67190691073087 498.6443778860737 5 45 76
-143.71424842163714 121.57994047364603 491.94603629908534 14 50 87
-143.1183388343555 121.68938946892831 492.6100979786359 12 51 87
-134.18921522372156 117.02209616070041 474.95914521059854 15 54 90
-132.27497466999532 117.47044917677745 473.9339238544387 15 54 90
-119.89100172127526 117.07779384764245 467.96288348298464 42 39 78
-119.28479932096477 117.16939074182486 468.52595602802313 53 34 76
-108.52241486573436 110.52176575201113 445.58964293936384 57 42 83
-103.37416885815412 112.33641443111573 454.3497862483772 82 72 111
-79.17910620504664 112.79501450660435 454.29297521772946 15 49 85
-40.9204430597257 76.85591263388203 315.07459637828845 72 132 150
-39.27140833938686 75.69748569840648 310.09123069528334 117 172 150
-38.79426408952888 75.69796567526154 310.2206854854146 132 187 165
-38.49844508820103 77.28453838031743 312.7954955897742 134 194 150
-37.838874625681974 75.69895405953417 310.4798886276657 143 203 159
0.5707026668974904 81.00536158109335 327.3851723559427 0 10 5
8.616180833405382 78.06778338336481 317.8557758049605 133 197 147
9.124683768654096 78.0719125188251 317.9866513763637 136 200 150
9.613276292713774 77.8782868301742 318.7008785301289 140 206 155
10.123504347881108 77.8822241683434 318.8329678387814 140 206 155
14.734802980487313 77.91826461059897 320.02666442969297 146 219 186
15.24932530304578 77.92233644489774 320.15984551118163 148 221 188
15.764282275276274 77.92642178048011 320.29313711984616 146 221 202
16.288227116932298 78.13114340954537 319.83015338944415 147 222 203
16.803125010834123 78.13547624582351 319.9626448763696 151 227 217
17.337401636104154 78.587009213183 319.006519966691 163 239 229
17.85148045618628 78.59186472648199 319.13736927308884 173 248 245
18.365988318461707 78.59673421405837 319.2683258059794 176 251 248
19.26875095126652 80.40116611737322 325.36441319964325 174 249 244
21.216440059451493 77.93475873198716 315.84996445995847 148 206 193
21.7268869542355 77.93878789627696 315.9747519319834 142 194 180
22.23774727199626 77.94283002427159 316.0996385640643 133 185 171
25.05978343081803 79.44337698573563 318.78358050261306 104 162 151
25.576870238671802 79.44928404548281 318.91235674289163 114 172 161
26.094386807464915 79.4552056346539 319.0412380626699 132 196 178
26.612334055085626 79.46114175730045 319.17022469184343 151 215 197
27.1307129003818 79.46709241710698 319.29931686062406 147 212 186
27.64952426313799 79.47305761738991 319.4285147995333 141 206 180
27.131894514045506 76.7599792169511 307.4692758796818 136 199 165
27.630684391023387 76.76250813580046 307.5794543824151 133 196 162
166.9648449008011 120.09001753598857 486.5681260270362 0 8 14
172.624618884672 120.55556735981051 489.3085102017144 0 6 6
-221.49622690620208 126.23404617045965 503.67224675763265 0 2 13
-217.67493098939292 127.68479073184348 508.2666083235441 5 38 65
-216.83979731310185 129.35101866517817 517.8965455311862 2 39 67
-185.90722232559716 125.02301650028993 498.4453688620551 2 44 74
-133.60368969370492 117.45647070041022 475.38624419832047 17 51 87
-109.35312806993231 111.17483215436977 448.56480047064736 78 35 71
-102.77888475184551 112.74088029508175 454.7077293022642 80 73 111
-73.05096671682647 108.09743093563453 431.25427408072915 0 15 47
-71.81457498035532 108.22233347081573 432.09245353757274 0 14 44
-37.10901377185807 75.67352485953424 308.502688870364 135 199 151
-15.339447607146973 85.79761027223549 344.11738206658356 2 14 16
1.0726630109290811 82.48162621828388 332.61788686170433 0 11 6
9.095004027492287 78.31102143949931 317.93173169799564 133 197 149
9.583202245544655 78.11822145882675 318.6458486165992 139 203 153
10.093354943506048 78.12226753510285 318.77789691099554 142 206 156
17.03099452445437 77.44207557883016 314.3643271928274 158 233 216
17.537239081788655 77.4452793763227 314.4876198091936 163 237 225
18.04388841995021 77.44849556849971 314.611009100903 156 230 218
18.548240923403917 77.47073512360527 314.5852196625216 151 222 211
19.055461297660543 77.47399417325163 314.7085568130394 142 213 202
19.56308823175086 77.477265630859 314.83199092379743 141 206 191
20.071122604775752 77.48054949897987 314.95552220916045 132 197 182
22.3352796873924 84.69503846660326 340.3227059210585 132 191 171
25.54632936160968 79.68773436337784 318.8563734868331 97 149 131
26.06376399245309 79.69376208650593 318.9852127089947 109 165 146
26.58162938811763 79.69980446445557 319.1141572375841 144 200 181
27.099926466841573 79.70586150088833 319.24320730266356 155 217 192
27.618656147790837 79.71193319909574 319.372363134605 147 209 184
166.8800637962736 120.43736315964992 486.41470480246187 0 7 14
-278.4281701221667 69.23896463926778 276.7644142019466 0 2 0
-285.9297716111675 71.8879469658975 286.0694064872229 0 2 0
-284.70061203960046 71.85492628980043 287.0106445646975 0 2 0
-284.4430528156858 71.85064730102249 287.190073663101 0 2 0
-171.80802908855972 97.26953933344467 387.63453209708666 0 1 0
-171.34388221406556 97.3141626094261 387.9997360478434 0 2 1
-217.64507564151629 128.04067769226907 508.051851279004 4 37 64
-217.76015360054544 130.00814775897211 517.997285870802 2 39 69
-216.81018653644531 129.71284020054753 517.6716122444794 2 39 69
-210.44703454343178 127.36382182378847 508.403348218306 1 41 70
-131.73783430187672 115.95566070413723 466.0756701548808 22 46 87
-130.5008389976521 118.43499011459441 475.3763573497793 23 52 91
-123.15101970260432 117.72669995315155 470.9674146360921 96 51 88
-108.01645388877274 108.48395092868759 436.99915705933034 124 52 85
-107.43005465226727 108.55074588245043 437.45796897482313 108 38 72
-100.89917546886143 110.12821297275498 442.9809172476963 148 91 128
-98.41668976255131 111.15676882099443 439.3348268653562 57 34 71
-123.52845682948706 156.17843548157546 622.3370970436415 0 4 32
-53.95940225021212 96.10232721499857 379.9033421911004 214 255 255
-52.77561987951734 93.78686922844808 374.959148969757 209 255 255
8.946191152276528 82.11234585805806 330.6026027208893 134 198 150
9.065341842610184 78.55016418359817 317.8768098773182 133 197 149
17.001074554175645 77.6786729822335 314.31113400387756 156 232 208
17.50724781148508 77.68197926940486 314.43438929739494 153 228 209
18.31092534331333 79.47678433221431 317.9675811764188 147 222 203
18.596157827399296 78.0500974603797 315.80375299755457 140 215 198
19.025309205386996 77.71084824084768 314.65524835745805 136 211 194
19.53286513763058 77.71422242774173 314.7786451890686 132 203 181
20.040828629107736 77.71760913923377 314.9021392025595 125 196 174
22.302570445974222 84.94826140228145 340.25635009111943 127 192 164
24.78954692866484 81.3070100849791 321.78649432678975 109 164 140
25.311731907511405 81.31487486341949 321.92039965818935 95 149 131
25.834363080426982 81.32275612152418 322.05441737790744 83 137 119
26.033204713293685 79.93234986467111 318.9291969715993 82 138 119
26.55098961244713 79.9384984810705 319.0580997437199 114 170 151
27.069206281117676 79.94466187659857 319.1871080496213 148 208 182
27.58785563783679 79.95084005452048 319.31622211952094 149 209 183
166.79576082851716 120.78467264749176 486.26153901193265 0 8 14
160.49176663679307 116.23308810073198 463.2134869084833 0 6 11
172.45158289820486 121.25410073633023 488.99867664156915 0 5 6
173.40066112862024 121.3328821828612 489.4579806809395 0 5 6
-247.50987381191948 91.63149712258485 356.8230893446094 0 2 0
-247.17080678558227 91.66953259039906 357.1578510084897 0 2 0
-246.83106341392565 91.7076314508915 357.4932854293613 0 2 0
-246.4906421084163 91.74579388368971 357.8293941750136 0 2 0
-220.91700513687283 127.41421355988443 502.29983170524014 0 3 11
-221.07220040854648 129.3370861501227 511.9731264278328 9 35 62
-220.59922784264452 129.48321706451785 512.7937107713287 3 36 61
-158.0715674295957 125.03940393583323 490.08346523439025 13 47 83
-126.33892258153361 119.01845402119586 466.6042359780573 50 43 88
-125.7426299050196 119.11392209024812 467.1688361242316 45 38 83
-96.68144633489152 100.75744436739552 399.4450162483669 173 86 122
-52.80106703548117 94.06362840842374 374.8706359395996 203 255 255
8.915613974457472 82.35971019005626 330.5412119754061 130 193 148
22.39078334916544 80.1276027383247 317.97409668751743 129 188 151
22.905491726093196 80.1337534055934 318.10222574130955 131 186 152
23.420625561792964 80.1399189388511 318.230458725042 126 181 147
24.23757839714063 81.53899301437822 321.5949595928889 123 174 144
24.75923249933046 81.54695042815628 321.7287078538623 117 168 138
25.281331916754716 81.55492443967213 321.862568250474 103 156 132
25.803877603368626 81.5629150578887 321.9965410284733 89 142 118
26.32687051425031 81.5709222914011 322.13062643397836 74 129 107
26.52041429832006 80.17722462535707 319.002051936477 90 145 123
27.03855191065337 80.1834943633465 319.131018826837 128 185 160
27.55712229791868 80.1897790036661 319.26009147873634 150 207 182
28.076126378882464 80.19607854917787 319.38927012253276 148 209 176
47.45220256478935 78.67096106360849 312.2382656788173 66 143 111
50.24170868636374 77.89825729992005 311.26052278911817 92 170 144
50.7560199750092 77.90187767496874 311.372589240267 81 159 133
161.2959612395929 116.63198557696887 463.4705627749596 0 6 9
-280.30471494595423 69.75253475961816 275.6333031308192 0 2 0
-291.0386018933367 73.21945278411023 287.611945459693 0 2 0
-286.1935907464102 72.34695065283613 285.8017187686954 0 1 0
-272.91812052857006 70.45864848328856 274.8851172262058 0 1 0
-221.04095960487518 129.69477188381902 511.75272505108535 6 32 59
-191.65622875975956 127.09594415580499 502.37522259816086 5 45 74
-192.61372054192296 129.70953777193816 509.51911382193344 6 46 75
-168.15058740795638 125.97005170766727 498.025616808189 10 46 81
-166.69960651420797 128.74949366110224 501.66345169417576 12 46 82
-96.69891934831723 101.0498435214425 399.3373097064127 213 108 145
-83.06799198528705 118.93724848902764 467.7518417270426 0 14 38
-110.60711769917634 162.25716582937923 634.8424301437583 0 4 22
-53.44104138732853 96.69422181094917 379.9958098643166 200 248 255
-52.2664973892764 94.37039305438311 375.04656003543744 156 216 234
-47.04941807602245 93.99809724685106 368.3614361344749 59 122 159
-24.071049144751765 88.32346879746424 344.2366669990537 22 59 34
22.360896955797596 80.36551550689235 317.9183868217137 128 190 152
22.875526900367696 80.37177154605956 318.0464748134291 128 187 152
23.39058239677262 80.37804257062866 318.1746667342852 122 181 146
23.90606435539351 80.3843285864275 318.30296281193193 118 175 141
24.72897825661036 81.78692180119671 321.6709305402241 115 172 138
26.66498957794755 81.60042749576523 319.91805984829944 76 132 105
78.33922484647935 95.9343133012281 379.585809328365 3 47 34
78.99290117232974 95.96354792537336 379.81418017425165 8 52 39
-251.4917414136151 91.70854642171109 352.6819244771024 0 2 0
-251.16091670762 91.74632567037226 353.00828065709055 0 2 0
-250.82943532308988 91.78416708438061 353.3352897847907 0 2 0
-250.49729570816396 91.82207083207689 353.6629533946592 0 2 0
-250.16449630816345 91.86003708290333 353.99127302361927 0 2 0
-249.83103556554744 91.89806600740876 354.3202502111059 0 2 0
-249.4969119198669 91.93615777725263 354.6498864991098 0 2 0
-249.16212380772077 91.97431256521052 354.98018343222355 0 2 0
-248.82666966270884 92.0125305451781 355.3111425576856 0 2 0
-248.49054791538643 92.05081189217576 355.6427654254263 0 2 0
-248.15375699321729 92.0891567823539 355.9750535881142 0 2 0
-247.81629532052744 92.1275653929969 356.3080086012031 0 2 0
-247.47816131845752 92.16603790252837 356.6416320229782 0 2 0
-247.13935340491534 92.20457449051521 356.97592541460415 0 2 0
-246.79986999452714 92.24317533767288 357.31089034017157 0 2 0
-246.45970949859034 92.28184062586944 357.64652836674634 0 2 0
-246.11887032502412 92.3205705381309 357.9828410644179 0 2 0
-245.7773508783196 92.3593652586451 358.319830006347 0 2 0
-192.59416638151276 130.06551622347462 509.30714635115135 7 47 76
-183.95572894812335 131.07835068414957 506.6370126832574 6 46 77
-174.7538312869179 126.04794211532844 489.8285748066002 4 46 76
-173.70487533883517 125.68812720497954 489.0578165935798 2 46 78
-157.79841209337678 127.81996160652325 496.51066048765506 14 50 85
-157.22002186669286 127.94574782074545 497.20564899589084 14 50 85
-116.0679276655113 105.19498338200495 415.2935715530769 97 39 85
-105.49391903578858 106.09875748785822 418.6358425093368 218 110 134
-104.92513531588924 106.15724326032301 419.04088205392884 183 75 99
-97.2709903066982 101.29577391209732 398.882738565967 210 98 130
-96.71659645002183 101.34220038692794 399.2294838089462 243 136 172
-96.16129231123018 101.38871098063093 399.5767957889271 252 145 181
-95.60507550447824 101.4353059799582 399.9246759694977 255 150 194
-99.59437012649616 119.72295588038487 464.53842630832844 0 10 44
-69.42190480870096 109.7262061489534 433.2592011811113 6 20 42
-49.706083123627025 93.37253311519748 369.29355115688867 126 190 213
-47.07395617270105 94.26936153210445 368.2766047410956 42 103 152
-26.148742351774512 77.49329673191593 307.5673064607476 143 201 162
-25.669819723465096 77.49517407459683 307.6892709308857 143 201 162
-25.190540520082173 77.49706245933038 307.81132436684993 139 197 154
-24.2250503315578 85.11385370891385 336.1494997539589 66 104 76
2.5593632625953147 83.06579549341461 329.5036552426332 0 11 2
22.33106342301353 80.60346212241065 317.8626833782555 134 194 154
44.87363068589744 78.90565075138268 312.185440809577 86 156 120
78.94777084887397 96.24228439267655 379.72718461611004 2 46 33
79.60213880523187 96.2717414890614 379.9557484973567 8 45 32
84.20614916797211 96.47922378565129 381.563823384163 0 9 0
90.18660471445173 96.74930070496107 383.65251571995617 25 50 31
90.85538927250144 96.7795404258474 383.88608126186074 57 82 63
91.52503853223179 96.80982650809095 384.11994694844253 64 93 73
132.73409729827097 96.99695881077133 379.5543026472391 0 5 8
-292.2327228730367 74.73848305332923 288.8619001974864 0 2 0
-291.6385018179292 74.7161964378252 289.563589982599 0 2 0
-291.2429697546409 74.7422760596274 289.6207589638685 0 2 0
-272.9354346923626 70.89652426238648 274.8126484578241 0 1 0
-244.18275607187863 69.23854805743711 265.6762210964331 0 2 0
-243.87439793329554 69.22723027332893 265.78674974386445 0 2 0
-196.01308380838213 132.28327106037804 513.9824578503961 6 46 75
-182.9346918907473 127.44897257984742 496.50705899411014 6 46 75
-182.39949862154532 127.57809527782558 497.22780353047557 7 47 76
-185.20102309076262 130.1770796064228 507.1330532454065 5 47 77
-184.6615028413477 130.31574291407645 507.89511629496485 5 47 77
-173.3703330106729 127.89507002926757 492.7652154927049 3 47 79
-161.14549449441432 127.51463051572743 491.99172246116416 15 51 86
-160.57658089277604 127.63898935681205 492.67430528429907 15 51 86
-158.3685154042347 128.042029562189 495.6249962941509 11 47 82
-161.15143610135968 135.7957950017804 523.144054453856 16 52 87
-117.09578730828338 105.1769612214113 411.89264165006097 199 120 157
-96.20040680829989 101.63739884356475 392.5314060909055 132 21 50
-96.73447745292826 101.63451556810182 399.1215384791421 252 135 174
-91.32628323892035 121.27668071988923 471.4455548240076 0 2 7
-68.8222529422273 110.10382939038738 433.5513513833547 25 43 68
-50.83921663181358 93.59009079802429 368.70795044977893 161 217 247
-50.2859628472864 93.61785050420475 368.95796938058544 132 196 215
-49.73199685860156 93.64565645373109 369.2083073451858 120 184 203
-47.09860979534459 94.54062561291573 368.1917203176732 38 106 146
-46.54326303531301 94.5696785427787 368.43899514806867 44 111 144
-24.78919526920151 85.168522441898 330.6622611056646 128 179 140
-24.275043371606714 85.18095046166431 330.82478968698786 109 160 121
-24.252155304046337 85.36485289410106 336.08402559317904 79 119 90
-23.729930274244932 85.3778391346215 336.2566364457468 47 87 58
78.90284896624496 96.52103345994483 379.64026104081887 0 38 26
79.55707868143232 96.55066750088744 379.86873016478893 0 35 23
84.16011650639952 96.75939490188127 381.47613835421157 0 9 0
130.42666233419172 119.13263027651307 468.22729686080083 1 13 5
103.95743358569774 96.05718909304281 370.4833340093365 2 8 6
129.26393361992552 97.1298553991125 378.3991499968888 0 6 16
132.67993267470618 97.27500264058125 379.46757882028857 0 6 6
-255.0514117756228 91.81991299668283 348.96282249898724 0 2 0
-254.72794962421133 91.85750060150923 349.2816554593555 0 2 0
-254.4038485398052 91.89514941018611 349.60112343484224 0 2 0
-254.07910699863524 91.93285958120673 349.92122793485333 0 2 0
-253.75372347457244 91.97063127412596 350.24197047080264 0 2 0
-253.42769643908767 92.00846464956552 350.5633525561549 0 2 0
-253.1010243612121 92.04635986921826 350.8853757064641 0 2 0
-252.77370570749508 92.08431709585327 351.2080414394166 0 2 0
-252.4457389419617 92.12233649331995 351.53135127486854 0 2 0
-252.1171225260725 92.16041822655339 351.85530673489 0 2 0
-251.78785491868032 92.1985624615786 352.17990934380623 0 2 0
-251.45793457598748 92.23676936551549 352.50516062823897 0 2 0
-251.12735995150277 92.27503910658338 352.8310621171501 0 2 0
-250.79612949599866 92.3133718541059 353.1576153418838 0 2 0
-250.4642416574669 92.35176777851552 353.4848218362106 0 2 0
-250.13169488107442 92.39022705135845 353.81268313636974 0 2 0
-249.79848760911895 92.42874984529915 354.1412007811152 0 2 0
-249.46461828098376 92.4673363341252 354.4703763117585 0 2 0
-249.13008533309275 92.50598669275195 354.80021127221437 0 2 0
-248.79488719886453 92.54470109722709 355.13070720904557 0 2 0
-248.4590223086671 92.58347972473587 355.46186567150977 0 2 0
-248.1224890897705 92.62232275360512 355.79368821160335 0 2 0
-247.7852859662997 92.66123036330848 356.12617638410967 0 2 0
-247.44741135918872 92.70020273447088 356.4593317466453 0 2 0
-247.10886368613254 92.73924004887331 356.793155859707 0 2 0
-246.76964136153836 92.7783424894577 357.12765028671964 0 2 0
-246.42974279647905 92.81751024033157 357.4628165940846 0 2 0
-246.0891663986423 92.85674348677227 357.79865635122644 0 2 0
-245.74791057228313 92.89604241523253 358.1351711306432 0 2 0
-245.40597371817407 92.93540721334463 358.4723625079557 0 2 0
-245.06335423355497 92.97483806992531 358.81023206195584 0 2 0
-195.99104684073575 132.64081926968552 513.7650515722463 3 43 72
-185.18477755349602 130.53136228500847 506.9240434804066 7 47 78
-184.6454852380674 130.67050025472503 507.6854312866605 6 46 77
-172.59146344631267 126.62186384889047 490.0480205604255 4 49 78
-149.46457325636777 125.69473256685563 482.52105161573076 16 52 87
-106.22534547363533 108.96626379061553 417.0765234953266 251 137 160
-105.65836172151965 109.02954909538083 417.4781297039553 245 131 154
-105.09034201053933 109.09295752188224 417.8804668914721 200 89 114
-95.66751493884738 101.97009738377999 392.7576295426346 194 78 113
-81.22758537088822 105.16054003091608 403.0356974729164 9 0 4
-49.33716466611659 94.69542300564876 367.1212450386381 156 217 237
-48.78477286764112 94.72446862173676 367.3671642005728 133 197 218
-48.23167911169529 94.75356160025332 367.6133930323558 125 189 210
-47.67788171932266 94.78270208537363 367.8599322662858 104 168 200
-24.30051907871819 85.42736104780118 330.76147279661296 120 168 130
5.880413577229683 85.94547438609133 332.778607365433 56 98 67
6.412439418429971 85.95866749392552 332.93646300678233 85 127 96
36.96022265795612 79.74758673610432 313.1927656380833 106 169 128
78.85813472979527 96.79979611756033 379.55340891048206 0 37 24
79.51222792854495 96.82960702928516 379.78178391802584 0 30 19
127.17153807434813 97.31994357468325 377.67526075295416 0 8 44
164.04456256317476 119.35350592294026 460.51493189243973 0 6 7
-292.9682278647435 75.18972728531487 288.19923504051894 0 2 0
-272.9535366430517 71.33433143223775 274.7397792453544 0 1 0
-207.48653832270045 136.1042287379283 519.8555206827708 6 46 75
-195.27561067234282 130.7985211527949 501.37612478933863 2 42 71
-187.10667656209293 129.86450843166327 497.072768392606 6 46 75
-172.58128192284514 126.96633868231463 489.8571794606886 4 49 78
-169.6876279763061 129.55636111918537 495.74084378500277 4 46 76
-102.20403900918492 101.70484095308626 388.7325675223777 182 72 94
-101.6653258713511 101.7504017333315 389.05653145882025 153 38 64
-106.2371453892557 109.26716716606828 416.9547141561097 247 133 154
-105.67035274522243 109.33072758200241 417.356073716088 247 133 154
-105.10252446545569 109.3944116519789 417.7581638127092 187 83 103
-104.53365760246858 109.45821980126942 418.160986497595 114 10 30
-95.68328207377098 102.25678946051127 392.65377836777503 192 80 112
-94.07952543799242 108.10089296182056 416.2309471825116 137 46 64
-81.13780325551221 103.40867094870976 398.68375840349813 36 6 18
-49.91306184989847 94.93677924784467 366.7912028026379 199 255 255
-49.361506176019326 94.96595933286059 367.0367013447867 196 254 255
-48.809250215202454 94.99518691427005 367.2825087529338 181 245 255
-24.32606037643172 85.67379784396488 330.69812894663835 132 175 139
6.3834675301572865 86.20610214792735 332.87255322289207 90 135 105
6.91590233420809 86.21944339235422 333.0304994461324 99 150 113
33.67600997332446 79.9469844422972 310.1735514585733 116 179 134
34.47517208015927 81.80194844868424 311.64209854207485 120 180 136
163.0896982712952 119.61208130626974 459.99138668793563 0 6 7
164.84675093414904 119.75207890285769 460.7649492872739 0 6 7
-254.6926222281512 92.38049747657757 349.1085553129922 0 2 0
-254.36876391940154 92.41862807909942 349.42757962445154 0 2 0
-254.04426600053878 92.45682086538744 349.7472392573257 0 2 0
-253.71912694530914 92.4950759969715 350.0675357223669 0 2 0
-253.39334522505146 92.53339363645951 350.3884705323804 0 2 0
-253.0669193086565 92.57177394754201 350.71004520226495 0 2 0
-252.73984766252522 92.61021709499694 351.0322612490534 0 2 0
-252.41212875052784 92.64872324469457 351.35512019195403 0 2 0
-252.0837610339612 92.6872925636018 351.6786235523901 0 2 0
-251.7547429715078 92.7259252197877 352.00277285404394 0 2 0
-251.425073019192 92.76462138242746 352.32756962289864 0 2 0
-251.09474963033733 92.8033812218076 352.6530153872779 0 2 0
-250.76377125552324 92.84220490933058 352.97911167789215 0 2 0
-250.43213634254204 92.88109261752001 353.3058600278804 0 2 0
-250.09984333635322 92.92004452002449 353.6332619728532 0 2 0
-249.76689067904076 92.95906079162341 353.9613190509376 0 2 0
-249.43327680976682 92.99814160823081 354.2900328028212 0 2 0
-249.09900016472778 93.03728714690104 354.61940477179735 0 2 0
-248.76405917710716 93.07649758583266 354.9494365038091 0 2 0
-211.83125772152454 134.82242682816755 513.7872529153085 0 40 69
-210.7014040840519 134.3349018643739 514.8617859219328 1 41 70
-195.25425909340143 131.14812672464916 501.17087796455786 5 45 74
-173.92713031590768 128.7974130919647 493.68116431107705 4 49 78
-170.23246912712315 129.7718371677939 494.84339171541853 6 51 80
-148.52982202249234 124.23051020463465 474.1877848222803 16 50 86
-147.95766426508266 124.34038612447482 474.7976001978695 16 50 86
-101.67946051307071 102.03451343766869 388.95455268718075 152 37 63
-105.68255986453661 109.63184316322449 417.23387921594804 235 124 149
-105.11492221572678 109.69580291810408 417.6357228064868 172 72 93
-104.54624630126484 109.75988728629315 418.038298546585 111 11 32
-95.69925175706783 102.54344492085974 392.5498117646339 184 72 104
-49.93738910714198 95.2071354342655 366.70671449856354 207 255 255
-49.38596810561578 95.23649729376545 366.9521018740693 203 255 255
-48.83384681136868 95.26590692729141 367.1977980429454 200 255 255
-48.28102355297571 95.29536448031992 367.44380373367665 202 255 255
-47.727496651587686 95.32487009843581 367.6901196781294 203 255 255
-30.734285561194717 86.74058923080813 331.6127142705987 15 50 23
-29.708154374504407 86.76868751826363 331.94539799264925 24 49 32
-29.194357194619915 86.78277203184982 332.11197354439634 28 47 37
-31.72850831646672 95.00396841019713 366.62576428751305 27 46 36
-23.8373272985698 85.93309135404431 330.7972571411899 93 120 98
6.886849090837344 86.46703281177527 332.9665305682604 94 147 109
34.41750000399006 81.1601452176305 312.2238757305596 118 178 134
34.9276177886277 81.1663424214169 312.3404933795527 118 178 134
89.27558433391341 94.75046434109807 361.9600447503561 66 96 71
89.90249052012207 94.77540117190118 362.15126556971626 66 96 71
143.2468591079955 118.35942785703283 451.1541301072053 0 10 37
-216.31633065393228 134.41112256090486 505.0290629229731 7 37 60
-216.3619991659191 133.5926154750109 506.68248406913585 5 38 65
-215.54738973041148 133.15783355280718 506.5781775438656 5 38 65
-213.79059057920435 136.46537497816712 510.930197495354 2 38 64
-213.3027542252507 136.62614342246832 511.7403781934476 2 39 67
-212.8134054309524 136.78740879295916 512.5530719010856 4 41 69
-207.17922565686513 133.07066076099835 504.4475724416696 0 40 69
-194.8994809616309 131.6718957584656 500.234809406255 6 46 75
-170.22124676758077 130.11772456894087 494.648530199151 13 55 85
-166.30792306894932 128.70556276935582 488.00379918132677 5 47 77
-148.52809666007352 124.56514161216292 474.0147394107967 16 50 86
-107.17227504878058 111.39296155217646 418.13856406950504 188 81 102
-106.60487425480586 111.46031688572371 418.54411067037455 226 121 144
-105.69498281414832 109.93289641036877 417.11154618811645 217 112 135
-105.12753499925951 109.99713189418115 417.51314385399314 166 70 90
-104.8963892826778 111.66317332749234 419.76522376109983 111 15 35
-49.4105505006961 95.50703759877292 366.86744641281615 212 255 255
-48.858562705537494 95.53662937327704 367.11303185471957 208 255 255
-48.30587293571038 95.5662693452192 367.358926747946 206 255 255
-47.7524795124216 95.59595766088464 367.605131824145 198 255 255
-30.758669659055467 86.98727945417266 331.5483912805863 16 53 28
-30.24594775760423 87.00144522320085 331.71459296555355 28 52 38
-29.732738730580653 87.0156346923817 331.8809502190355 32 56 42
-29.219041526116172 87.02984792827226 332.047463373449 36 49 44
-23.851880662072343 86.05883788229114 330.49007549427466 69 91 75
-17.02063876469027 86.13767078968824 331.1593771836673 0 13 12
-1.0622133219856325 89.79419032269399 341.3405096034027 0 7 0
3.213395577772237 85.87749374992974 322.9412883773638 0 6 1
19.92526865050231 81.47010168896419 312.3286435981919 151 220 191
20.41056815765164 81.5161433692239 311.854026506094 156 225 198
34.42771789747998 81.31583640655414 312.73228438687823 118 178 134
34.93872569009681 81.3220633336426 312.84976257496726 117 177 133
78.96529607803019 96.07295697303627 362.39823721911137 0 16 6
99.97947843677977 117.8894338797003 453.0851857191424 0 10 1
85.6661057498381 96.21185068000574 363.75631229345265 0 17 0
90.48686946694933 95.06634637046277 362.2642214530248 69 99 74
91.11506852507321 95.091502458786 362.4557956928166 70 100 75
105.07172803043443 97.19801297367358 370.5596693629968 0 10 6
-253.35992886214913 93.05795427281483 350.2127710860682 0 2 0
-253.03375026735864 93.09681928331234 350.533896235041 0 2 0
-252.7069267868461 93.13574796020181 350.85566155708534 0 2 0
-213.75665213115144 136.81745666707855 510.7137147033316 5 38 65
-213.26900604964987 136.97871027143302 511.523140903905 5 41 67
-207.64633280437053 133.27217203953424 503.4622461872626 2 39 67
-207.1519208710494 133.42093178122346 504.23671678021725 3 40 70
-206.6560235578185 133.57013756102904 505.01351480059844 3 40 70
-195.0660833752831 132.17250680834218 500.5198242486106 5 45 74
-191.0928785821489 132.98436483700172 499.0555051159597 5 45 74
-185.80394088222764 131.19110186775802 497.46003669442706 7 47 78
-166.29843571672586 129.04731276936997 487.8156371934362 6 47 80
-148.52663136884186 124.89962676684976 473.8414671867823 16 50 86
-107.18250041581015 111.69338553644756 418.01532538200894 177 69 93
-106.61529076227474 111.761016151892 418.42062084431876 208 108 131
-106.0470363421497 111.82877874104832 418.8266599918854 206 106 129
-105.47773416861557 111.8966737561169 419.23344492199516 165 74 94
-103.43234847595555 110.49268874447667 418.59887986026826 108 12 34
-30.270511602410842 87.24828970506536 331.650175385427 28 50 34
-29.75740146439556 87.26260780428368 331.81647062163074 35 57 41
-24.8698705767242 89.79826977803492 338.6509188069231 68 88 73
-15.770102399526449 119.43410267792176 450.2083469642438 0 6 3
9.266027589813916 84.91928993585122 324.8809817082426 105 161 120
28.24695516245794 82.76177155654625 308.6793677858048 143 203 163
28.748930097849083 82.7692800880651 308.7915508720703 141 201 161
99.47575831842782 92.16057236940823 344.57692128606834 0 4 1
-211.71277625725236 134.75446073789604 505.3766851180405 3 39 65
-195.59532572228082 133.26633398886244 501.84399991212774 6 46 75
-191.07144901441595 133.3309367699298 498.8532422222964 5 45 74
-136.73939868681225 126.56071779487476 478.12138100830845 246 109 131
-124.83739420379226 118.22841618200896 442.0198442322615 207 63 85
-102.65442302003612 104.3218612758689 392.40890573886617 167 56 74
-106.62592433325173 112.0616511670721 418.2969906569188 191 98 119
-105.72047514498185 110.53481816396823 416.86646449513654 191 98 119
-51.78162038754392 98.877072301776 375.4437296208053 56 60 114
-30.295155140845484 87.49516075665203 331.58572540254 31 53 37
-24.609334425740478 97.51465780350388 366.63597421569426 16 31 28
-23.58165317466914 96.52327086402907 367.071341409723 17 32 29
12.937358722457956 82.33628718961916 313.31297094608436 136 200 152
14.345883092880412 81.86696914286222 310.9112919228428 127 191 143
24.775648127696 86.57682001360195 321.3833344925603 121 178 142
25.29782037680327 86.58918394448304 321.516921205781 119 174 138
28.219600158278283 82.99107544856743 308.62587449731507 143 203 163
28.86958475278649 83.2269874424558 310.5900718831408 143 203 163
82.46614047569466 94.212329444945 355.3372842737548 0 5 0
108.73751159987405 98.75050329605767 372.9604221335399 0 4 1
-211.68281724988998 135.10433104099016 505.1636344318336 8 41 66
-183.9794871201753 134.50811125271093 495.44606582062625 7 44 76
-177.29159227827412 131.6201481815925 491.8818545408377 10 45 76
-124.8429767094001 118.54317916437718 441.87612056264754 203 59 81
-108.94698267911015 105.20069187773049 394.38884104591796 255 115 135
-104.78177771157105 104.70247875473775 393.0501071160664 224 97 116
-102.66834501582602 104.60768861603638 392.30379672536577 165 54 72
-102.12604653956127 104.65758628339036 392.63753254635736 143 32 50
-106.29939294658884 110.77075114296673 416.34358085647784 172 81 99
-78.71160828042446 105.57813084423087 395.91607754851634 146 82 91
-49.6954762600399 100.40891211318704 370.6222023435321 85 90 139
-16.600478528705565 139.7906009545284 521.068097241451 0 5 2
-8.116445551994708 114.72987033782309 426.8290225363961 0 5 2
-7.44378060994848 114.79539952757555 427.2004429341369 0 5 2
3.215356345453715 89.16035228042779 333.0604241917491 65 102 81
10.315927075289048 86.07734685531027 324.43565140219476 106 164 123
24.747513979580614 86.81451491387362 321.3237653255596 119 176 140
25.269597986128325 86.82698575460685 321.45730551424214 120 176 137
25.79212717344781 86.83947716706219 321.5909573890115 113 169 130
28.84187304652162 83.45791077490736 310.53587682934284 142 202 162
-264.94252959666056 73.9562126397114 270.74618868832346 0 2 0
-216.8785725426277 137.27020708872556 509.66796337073697 7 39 61
-123.20347477639466 110.72149123565491 408.2207757436243 115 34 61
-125.01714741014369 116.14702730660323 425.88170920071786 255 123 145
-108.59561051400216 107.06368989553884 397.8873863129619 255 119 140
-49.1588443426442 100.7160257895146 370.78813553445104 49 66 121
-8.820226841829715 114.96932252353 426.3359335776109 0 5 2
-8.148913974669789 115.03498473044507 426.70651760419406 0 5 2
-7.476447466337139 115.10077332596255 427.07773387758334 0 5 2
10.288001064081453 86.31879001742891 324.37539536070483 100 158 119
10.808687612631756 86.33069419493006 324.51756588479145 108 166 125
24.71943943358018 87.05224416233915 321.2642041621641 116 174 135
25.241436554151964 87.06482190675787 321.39769818177626 118 174 135
25.76387890225384 87.07742034493943 321.5313038728656 115 171 132
43.10597809356807 83.31085803278685 305.54864408445235 115 188 155
104.99877447125904 127.78236023564506 475.3336661000176 0 7 0
131.93799665543486 103.67676899341524 386.2521585767187 0 4 25
-192.18601058282314 136.80673549980682 505.7487208586388 5 45 74
-182.3945708397777 134.38745795831136 496.9794821531141 9 46 78
-126.5173866380782 110.77862004568802 409.967216429566 88 55 86
-123.74842228512478 110.95025728881706 407.7141202095685 155 59 79
-122.42273747012706 110.13261206980799 407.40916622782424 179 66 82
-121.78048822150022 112.02017338788849 408.1096628440772 192 79 95
-125.0211944800922 116.45084947781314 425.750300372746 230 93 115
-113.13120084596505 107.66844147656279 400.0024543871248 202 65 80
-81.37041089375201 107.4034872197088 391.21854462119035 145 51 59
-52.11293356495104 99.36370133443901 369.44569299908784 51 38 56
-51.558827480652006 99.39850337663749 369.69857059163394 56 44 68
-48.50799642958921 98.25617224369344 364.7595361235764 43 43 81
-47.957879662540606 98.28862143777025 365.00043278621797 47 47 85
-48.05129138886022 99.19427818571575 369.8841745591893 42 49 94
25.213335682202025 87.30269316257575 321.33809893697895 117 173 132
25.735692545828627 87.31539862046358 321.4716587993433 112 168 127
32.950245704041045 82.35840012115652 302.5895877662669 123 183 139
33.44367628394741 82.36459989350179 302.69168448784006 122 182 138
56.6855866736253 92.10052382906551 340.7423878537034 0 98 80
94.85119751247755 116.36868511269626 429.2724196701924 0 6 0
-275.7132624857581 76.06792337974244 276.82277013049253 0 2 0
-275.4406988802298 76.0677278922407 276.97351203832653 0 2 0
-273.79840741700536 76.06653372711989 277.8817879211121 0 2 0
-228.84416406972545 76.17960624450477 275.0543272718394 0 2 0
-228.51559817515334 76.17832838299283 275.17896853761 0 2 0
-226.86729419400896 76.17176110330256 275.8042780496463 0 2 0
-198.5824919821882 136.05762162885264 499.1364138907335 3 40 68
-185.41107329280817 135.69330105582458 496.59410896610353 3 43 74
-128.15172482348672 113.47247943164722 411.5243571017206 76 56 87
-124.29227574432102 111.17855249908993 407.2084862981172 173 82 102
-122.96914960518063 110.36323013218285 406.9055544949005 186 75 91
-122.43103298890378 110.42689769591246 407.29118860164357 200 76 91
-117.65703781975309 108.54354931623926 400.06110107968067 208 74 93
-52.135569190647715 99.63445831704807 369.35818628332424 39 24 42
32.430440086461324 82.57735569112555 302.4365931345977 123 183 139
32.9234523198927 82.58362701373622 302.5385878163744 122 182 138
50.3160408204229 83.47655469689903 308.62510995962083 0 102 81
50.82643691373763 83.48412192695262 308.733504209022 0 100 79
131.8313873970664 104.23850693386078 386.0687455200406 0 2 23
-208.6252180786402 138.82175019963424 505.7792821219558 4 39 68
-185.39100641758637 136.03682070958664 496.3939621623607 5 45 76
-177.37613938786046 135.06548801743298 490.1080872731575 9 46 78
-158.57244483384537 136.13785322208105 491.2579914450647 7 44 76
-130.9124048027885 114.5456866622321 417.7286692405501 110 64 90
-86.58861084622629 106.37102562786977 390.91155510881964 152 58 66
32.40379356065672 82.80253857004365 302.3856328061414 122 182 138
32.89673820603437 82.80889482036575 302.4875962164822 120 180 136
-227.55391864235472 76.50154202622151 273.4826805060491 0 2 0
-227.22458420741208 76.50024746701854 273.6035107731802 0 2 0
-224.09856438453113 74.6414652056091 270.1706161568418 0 2 0
-219.78276726947252 140.25053037739082 506.8804180200366 0 20 44
-209.12489726739142 138.55312256537792 502.91567523451306 6 41 70
-179.50432421381976 134.84051219448324 487.15908416813994 3 43 74
-158.56056638134623 136.4772629276149 491.06782422698086 13 45 79
-155.44862799641132 135.93855127525927 488.8209134827562 29 36 69
-109.18566500315848 108.10247240712162 392.9435278397962 230 91 100
-82.79425075225838 106.32098361141298 385.40298569609945 152 62 66
-82.24223506840869 106.3701898629793 385.708655743511 152 62 66
-81.6893926887488 106.41947839190452 386.0147807600575 152 62 66
-81.13572157179539 106.46884946138469 386.32136184968624 150 62 65
-77.70833955695436 107.68726219838662 385.47993691383175 153 65 68
-77.15167800647302 107.73844583044863 385.78314767503963 151 66 68
-76.59418939033675 107.78971439101115 386.0868059996609 154 69 71
-46.46269562568342 100.25553897814292 363.03242341329286 28 58 81
32.8701029509188 83.03420425832141 302.436612735853 119 182 137
33.36333095528923 83.0406590623651 302.53861563253355 121 181 137
104.62482211491601 112.16218349068873 408.32949583057996 80 118 88
105.35225379489778 112.21360432769166 408.6125679065478 80 118 88
106.08074739872302 112.26510695992542 408.8960512701356 81 119 89
98.9991752013777 99.72084022996098 358.97507409955955 70 108 78
99.6261023246328 99.74981522625983 359.1588929947661 70 99 77
100.25371698022911 99.77882714312503 359.34291218241697 64 93 71
100.88202034052557 99.80787597108142 359.52713202229387 66 93 71
115.77492901106407 108.26155422073914 392.53334425186694 0 6 0
-197.47533803085415 138.94241492977298 500.44583709184525 4 41 71
-178.00544337728172 134.83723052919356 483.17759564762326 2 42 73
-178.4169902239332 135.46018970158983 488.341743284844 5 45 76
-156.01212546186593 136.13786429083532 487.9671594385938 43 30 61
-122.70596092491347 112.64509059524283 400.33796180134675 219 94 103
-122.17363800433027 112.71135932304567 400.7060888451746 217 92 101
-122.06604676062894 111.57087195894184 401.9630645805537 222 91 102
-121.53180876336184 111.63522487945603 402.3350258340862 222 91 102
-85.58614758954735 106.51489687284142 386.42444468859736 156 66 70
-85.02381669732743 107.28635132737894 387.0065031784771 161 71 75
-84.47167205371038 107.33735219124392 387.3174281807274 159 69 73
-83.47779638977016 106.66490058018744 385.52214944418984 157 67 71
-82.92622438553782 106.71451169426378 385.8285569748128 157 67 71
-82.37382432377649 106.76420584520969 386.135421708311 158 68 72
-81.82059415901209 106.81398329884499 386.44274475423083 159 69 73
-78.27834631730363 107.91399838462736 385.0772122398008 159 71 74
-77.7226693596416 107.965307634613 385.37981527066006 158 70 73
-77.16616752052367 108.01670189680112 385.6828645811842 156 71 73
-76.60883876094753 108.06818143846587 385.9863612556402 155 70 72
-46.48388865491927 100.52057547503078 362.9481613658058 24 72 82
-45.934596794262355 100.55531832473933 363.1845247235045 24 71 84
-45.38462485957268 100.59011476784181 363.4211777366816 19 66 79
-42.934057060706614 101.3286130832687 367.13784187825416 12 77 91
-42.37663146464503 101.36488538451383 367.3819393865665 11 76 90
-38.927271016269366 101.14853759179776 367.8468315390086 0 97 129
9.907118481719456 90.47583230735505 322.7832413121318 92 150 111
11.464087228508733 90.52394966206454 323.2025349727085 99 157 116
53.414719206310544 89.65345763927792 320.5604293492541 74 158 126
100.83906110534332 100.06964922738892 359.4480794052738 68 98 73
132.59751157047285 106.85164581664203 380.56443836050175 0 6 9
-272.32479453238835 76.18779099627467 269.7098241235987 0 1 0
-272.04681475843057 76.18625468471164 269.84260863823215 0 2 0
-269.0543141550572 75.42923930011652 267.6725270713724 0 2 0
-268.7724332991137 75.42600098172406 267.79896435945807 0 2 0
-268.3849736572682 76.14261106060574 270.34707291775817 0 2 0
-245.2325372149579 100.9633942317385 355.16293389728605 0 2 0
-244.8901422668782 101.0162963630263 355.49299371101796 0 2 0
-244.54706915850034 101.0692896269817 355.82371327362074 0 2 0
-244.20331630025672 101.12237426706632 356.15509411833847 0 2 0
-243.85888209927077 101.17555052805406 356.4871377812523 0 2 0
-243.51376495930592 101.22881865603765 356.819845801327 0 2 0
-243.1679632807219 101.28217889843522 357.15321972045894 0 2 0
-242.8214754604226 101.33563150399681 357.48726108352065 0 2 0
-242.47429989181092 101.3891767228105 357.8219714384107 0 2 0
-242.1264349647372 101.44281480630958 358.1573523361001 0 2 0
-241.77787906545072 101.49654600727817 358.49340533067925 0 2 0
-241.42863057655 101.5503705798585 358.8301319794094 0 2 0
-241.07868787693326 101.60428877955717 359.1675338427683 0 2 0
-240.72804934174653 101.65830086325147 359.5056124845013 0 2 0
-240.37671334233488 101.71240708919657 359.84436947167103 0 2 0
-240.02467824618893 101.76660771703138 360.1838063747053 0 2 0
-197.9592452467058 139.12904521440828 499.4885892888455 0 40 67
-181.29542201077828 136.35722894623598 489.5926373151716 5 45 74
-177.98749869327057 135.17180881709456 482.9909570609147 1 43 73
-172.81890527443184 140.12342415898203 499.8844230414169 9 46 78
-163.60226396306524 137.45264634063608 493.7658976113285 12 49 81
-156.00170975677486 136.4752573844128 487.7795686946542 66 30 60
-129.0968336738095 116.7069133298713 416.38604490914236 224 96 104
-123.24085136193942 112.86566473662252 399.85727323065254 221 93 101
-123.13793130373946 111.73145795955688 401.1068082756129 229 95 102
-122.60573566713677 111.79582897979054 401.47724729305787 231 97 104
-122.07260692716088 111.86031761346645 401.8483340011038 229 95 102
-111.9003802722605 110.92990557295394 398.10387772530936 244 100 109
-83.37676220948703 107.1234466270196 382.5217489968471 166 73 78
-82.82855156398821 107.17320289107019 382.82086142792747 165 72 75
-82.94198097984386 106.99426384119832 385.7279037541686 161 68 71
-76.6236590404396 108.3466265271729 385.8858254746368 159 71 72
-47.60148422012891 100.715949747685 362.3921998865886 10 83 92
-47.05367817793919 100.7507575413839 362.6278790571393 6 85 96
-46.50519523030145 100.78561887156549 362.8638464792276 6 85 96
-45.40619230410068 100.8555027676812 363.3366487312078 12 91 102
-43.51308643655467 101.56019776704035 366.80760947915957 7 91 105
-42.399206263838266 101.63304096633391 367.29527626345737 4 94 108
-31.817731435429593 101.04935958567894 361.84737415326566 0 108 116
10.919343881646729 90.74567896450719 323.0009514011271 98 154 115
95.1660478555504 112.08322101060185 404.4780009627023 0 7 0
-180.9609369086137 138.95908018046813 495.27132655446684 3 43 74
-180.92363897977924 139.2764961209861 497.2987635562978 7 47 78
-181.43183612641093 141.15214043821007 501.1886330809066 3 43 74
-180.8896584919467 141.31105437049123 501.92811469993563 7 47 78
-163.66263013138476 135.230095342164 480.1064186210867 9 46 78
-125.5696579853872 113.29911242544671 404.7102221062139 220 90 96
-123.24458056119558 113.15232886949123 399.74392150001063 222 92 98
-122.71352882789068 113.2189729719371 400.1109635852195 227 91 99
-122.61235665413845 112.08496317082262 401.3625898009976 232 96 104
-111.51155394947325 110.21901235884877 394.320393773079 247 103 112
-110.98052204923208 110.31875671439481 394.6982477638488 252 106 113
-83.93821156325049 107.35031175955392 382.1244359309231 163 70 73
-50.158495133415585 101.39357202861244 363.82188695226864 25 94 97
-45.427870966511364 101.12089853302749 363.2520676858003 9 102 111
-35.96732373934358 96.39376566361521 345.38717484604905 81 216 255
-31.953941741620476 101.96085362213502 363.2927007729919 0 111 125
10.375254512738172 90.9672501605371 322.79958496357204 98 151 113
24.629083201861143 89.48077363616108 321.5077502944854 113 171 128
25.151734371192845 89.49504736068398 321.64199691678544 118 171 129
25.674834227355333 89.50934347003387 321.7763565304715 112 165 123
-272.6058515044544 76.61006802941304 269.5059440969699 0 1 0
-272.3283332924055 76.60877895558912 269.63846763961783 0 1 0
-272.05051892234906 76.60748960092116 269.77113242556317 0 1 0
-271.77240717993834 76.60619980558359 269.9039390602097 0 1 0
-271.4939968571264 76.60490941071359 270.03688814579783 0 2 0
-271.215286752124 76.60361825840567 270.1699802814265 0 2 0
-236.15885017026622 77.92008770491881 271.45170431482836 0 2 0
-235.83867879440206 77.9205925013175 271.57157168754134 0 2 0
-235.19728962836578 77.92157589413786 271.8117030047695 0 2 0
-234.8760706482873 77.92205434455113 271.9319674203094 0 2 0
-234.55450128536353 77.9225238682737 272.0523646510849 0 2 0
-234.23258095731066 77.92298439427123 272.17289492752167 0 2 0
-248.5713594435071 100.95554697094043 351.72029718957197 0 2 0
-248.23589227807662 101.00801580389762 352.0433977682605 0 2 0
-247.89976348587484 101.06057418744379 352.3671417289613 0 2 0
-247.56297150767097 101.11322235424605 352.69153057836763 0 2 0
-247.22551478137527 101.16596053823163 353.0165658255693 0 2 0
-246.88739174199355 101.2187889745938 353.342248982094 0 2 0
-246.54860082158413 101.27170789979856 353.66858156195053 0 2 0
-246.20914044921253 101.32471755159104 353.9955650816724 0 2 0
-245.86900905090766 101.37781816900188 354.32320106036116 0 2 0
-245.52820504961556 101.43100999235308 354.6514910197297 0 2 0
-245.18672686515322 101.4842932632656 354.9804364841468 0 2 0
-244.84457291416442 101.5376682246646 355.3100389806826 0 2 0
-244.50174161007166 101.59113512078683 355.6403000391529 0 2 0
-244.15823136303018 101.64469419718634 355.971221192164 0 2 0
-243.814040579881 101.69834570074163 356.30280397515975 0 2 0
-243.46916766410305 101.75208987966161 356.6350499264663 0 2 0
-243.12361101576587 101.8059269834925 356.9679605873397 0 2 0
-242.7773690314807 101.85985726312414 357.30153750201214 0 2 0
-242.43044010435284 101.91388097079644 357.6357822177387 0 2 0
-242.0828226239317 101.96799836010632 357.9706962848462 0 2 0
-241.73451497616267 102.02220968601377 358.30628125678 0 2 0
-241.3855155433373 102.07651520484889 358.64253869015323 0 2 0
-241.03582270404183 102.13091517431803 358.97947014479405 0 2 0
-240.6854348331092 102.18540985351095 359.31707718379636 0 2 0
-240.3343503015668 102.23999950290684 359.6553613735685 0 2 0
-239.98256747658507 102.29468438438137 359.9943242838825 0 2 0
-239.6300847214281 102.34946476121326 360.33396748792563 0 2 0
-239.2769003953992 102.40434089809058 360.6742925623484 0 2 0
-197.3964313311102 144.89101915077762 508.9313457973551 3 43 72
-188.89650608164527 142.24153196015868 499.58815844943325 3 43 72
-181.4102294367889 141.49561743290505 500.98443940536816 5 47 77
-180.86826657709554 141.65497332043162 501.72327815633616 7 49 79
-177.0723187532461 139.6214368785372 495.56419516571134 4 46 76
-125.5751309060051 113.58990106238839 404.59278008507476 226 92 97
-123.24854535470813 113.43893439966972 399.63041813133 225 91 96
-122.71766549000087 113.50582614785803 399.99723756537753 231 89 97
-115.78684558711502 110.07292513763976 391.50460990173696 243 99 108
-110.43192810437584 109.91788343033316 390.5411001367531 248 102 109
-107.04345999130237 108.46717634571023 383.18176075786363 249 102 109
-106.9053651474477 108.10287617269879 384.61208469475105 250 103 110
-106.7288207408819 108.3422265545939 386.1452834093793 253 106 113
-84.498730144427 107.57681946721576 381.7277754114277 162 66 70
-83.95243976623367 107.62683011840424 382.0256997374113 164 68 72
-50.726755585665025 101.62325958155587 363.4971100406646 18 85 89
-50.179459774690315 101.65927364790046 363.73665753432965 29 96 100
-49.63147908071777 101.69534322376606 363.9765018230019 26 106 112
-45.399743825051694 100.04230571351648 354.54095003389614 10 115 122
-42.78793729787558 102.672401233049 365.80039022122486 2 118 130
-42.232111434034415 102.70990499577358 366.04169464803977 6 122 134
-41.551131783916865 102.34777562758175 365.12328998822915 5 124 144
-40.99548237462597 102.38464829833478 365.362595546342 9 128 148
-40.43913677159854 102.42157815871967 365.60219780316896 6 133 162
-31.976618505124065 102.22528808438221 363.20830707062703 0 111 127
24.079613336366887 89.70431461386347 321.31347358260706 121 175 130
24.601736712260102 89.71867297540676 321.44756257106394 119 173 128
25.124307886689316 89.73305382122614 321.5817642951834 111 164 122
25.64732779452316 89.74745716966666 321.71607899669397 97 150 108
26.17079737166418 89.7618830386805 321.8505069176835 79 132 94
146.2893127642737 117.04348126666243 412.34690413869095 0 6 4
-218.8504822527555 145.18840386811314 505.035231155301 0 13 37
-202.53695561686007 142.95661159789347 502.87888564730997 1 41 70
-192.51357161022625 140.72061617882662 495.9507393901641 3 43 72
-188.8703931713605 142.5829102560874 499.38477996923774 3 43 72
-128.7553313826723 116.12940577861686 410.61005233698233 229 95 100
-125.74552085224343 113.84589754268315 403.0419370876289 231 97 102
-107.77224760798221 109.73594418064174 383.73615322762697 249 102 109
-50.975190326937415 105.4957759424114 370.4739117558508 31 95 100
-50.41810240770962 105.53842641438037 370.7292313351651 20 107 111
-42.809564444006675 102.93886577310417 365.71405710860523 1 121 134
-42.127923016278736 102.57695281964959 364.79856423084664 2 122 135
-41.57309763705883 102.61394236269655 365.03746594600847 1 124 145
-41.01757772324232 102.65098919262809 365.2766635861645 3 126 147
-31.999376651611698 102.48973488043714 363.12387473264755 0 111 131
-7.077572519846039 98.9738214409966 345.310913837367 80 119 95
0.9841430337144047 88.89383552917876 314.74146824537365 39 85 48
59.181412284781466 90.76390958957214 321.7174095021168 21 92 72
-272.8870936674341 77.03177946917462 269.3020693669269 0 1 0
-270.19312481431433 76.2780838057823 267.03226890068737 0 1 0
-269.9127362975511 76.27533047292192 267.157964338551 0 2 1
-269.6320608607973 76.27257555022167 267.28378820955885 0 1 0
-271.77708822660264 77.02760917833182 269.83196822018414 0 1 0
-271.49884540893936 77.0265664819066 269.96479645254 0 1 0
-271.22030359228046 77.02552341727497 270.09776729712036 0 2 1
-300.65151114732674 87.34719567422421 305.1519891106814 0 2 0
-239.97300690158076 78.32939326164892 269.95200614341417 0 2 0
-239.6571662384144 78.33021652522196 270.07019597628334 0 2 0
-239.34098512681354 78.33103225840127 270.1885146612193 0 2 0
-239.02446290429387 78.33184037779667 270.30696246082994 0 2 0
-238.7075989136773 78.33264080080205 270.4255396355987 0 2 0
-238.39039250307292 78.33343344559644 270.54424644389337 0 2 0
-238.0728430258577 78.33421823114396 270.6630831419724 0 2 0
-237.75494984065767 78.33499507719473 270.78204998399156 0 2 0
-237.43671231132922 78.3357639042848 270.90114722201173 0 2 0
-237.11812980693838 78.33652463373734 271.0203751060053 0 2 0
-236.79920170174427 78.3372771876627 271.1397338838637 0 2 0
-236.4799273751775 78.33802148895924 271.2592238014045 0 2 0
-236.16030621182279 78.33875746131358 271.37884510237814 0 2 0
-235.84033760139863 78.33948502920137 271.4985980284749 0 2 0
-235.5200209387392 78.34020411788804 271.6184828193331 0 2 0
-235.1993556237736 78.3409146534288 271.73849971254486 0 2 0
-234.8783410615077 78.34161656266991 271.8586489436636 0 2 0
-234.55697666200464 78.34230977324894 271.9789307462118 0 2 0
-233.2680090687826 78.34499420942423 272.46138827045553 0 2 0
-232.94488680966708 78.3456428689943 272.5823363623951 0 2 0
-247.17923757319107 101.68365276220283 352.8359648499935 0 2 0
-246.8413517764346 101.7369489126851 353.1611968211853 0 2 0
-246.50279890447203 101.79033634265302 353.4870770352232 0 2 0
-246.16357738606413 101.84381529187576 353.81360700806295 0 2 0
-245.8236856469287 101.89738600141871 354.14078825822816 0 2 0
-245.48312210969667 101.95104871365102 354.468622306854 0 2 0
-245.1418851938659 102.00480367225141 354.79711067773286 0 2 0
-244.7999733157548 102.05865112221475 355.1262548973561 0 2 0
-244.45738488845672 102.11259130985876 355.45605649496093 0 2 0
-244.11411832179311 102.16662448283037 355.7865170025759 0 2 0
-243.77017202226708 102.2207508901125 356.11763795506533 0 2 0
-243.42554439301517 102.27497078203015 356.449420890175 0 2 0
-243.0802338337596 102.32928441025732 356.7818673485802 0 2 0
-242.73423874076147 102.38369202782373 357.11497887393153 0 2 0
-242.3875575067712 102.4381938891208 357.44875701290107 0 2 0
-242.04018852097963 102.4927902499088 357.7832033152312 0 2 0
-218.80960518373664 145.5310770928031 504.8221620043679 0 12 36
-218.33616059336256 145.7106419305686 505.61795906091066 11 26 50
-202.93503436485307 143.69275326769733 500.02388414466145 1 41 70
-203.2863485083541 146.20126389103183 512.8919525811498 2 42 71
-171.4922855500574 143.18277069651882 502.7436912248811 9 46 78
-131.4234520544848 116.05305669760627 408.4965805941167 165 94 118
-129.52430789044885 116.74577808432646 410.881689180964 226 98 106
-127.50728484576051 115.58069839358969 406.5934524685715 230 96 101
-125.56858423506019 115.3978250437135 402.80797800132893 229 95 100
-80.99978916138824 117.93590285228395 408.1681160026611 164 68 72
-50.994123139326014 105.76404553849096 370.38387264041506 32 98 105
-50.385253791707186 106.32231195043408 370.616970822776 19 110 117
-38.78153277449353 103.64926208022136 366.3742054884846 3 136 179
-32.02221626892582 102.75419469243172 363.0394035286854 0 117 137
-2.1165409468492165 92.43238850916113 325.7575959188334 59 110 73
-0.04461695112792471 92.6074727197346 326.84025260799575 97 145 105
0.5313858467116779 93.19184617839402 326.8298732102406 97 145 105
1.052472736031403 93.21073076025117 326.97920059095645 89 137 97
58.613360502821656 90.98597109009454 321.52938581820973 35 101 81
59.15074201638819 91.0012615666928 321.65690542945083 35 101 81
59.68858160417418 91.01657297727235 321.78453197568075 37 103 83
60.22688007930392 91.03190530771384 321.9122656581765 41 102 81
65.25530427003261 93.8401179332104 331.7054743409427 22 67 46
65.81418144439473 93.85933219288957 331.8485563703659 15 60 39
66.37357581613381 93.878571913364 331.99176902763395 21 61 42
66.93348831195011 93.89783708491123 332.13511255965466 20 60 41
121.74039854982337 105.52479738502979 366.3990310361734 5 35 69
122.39439237024364 105.55992301311564 366.59184441929494 36 66 100
123.04911847260982 105.59509034378833 366.78487307445425 51 76 110
134.4044228024019 108.3437809567236 380.76165592381057 0 7 7
-214.24245859478827 145.255775970386 505.34167838681566 2 37 66
-203.17587183513635 144.78603992203708 500.63303211994617 1 41 70
-185.48321803343907 143.5990314322833 500.85928949292065 2 42 71
-135.95538548515032 120.24470317370721 418.57991038807745 110 67 99
-82.17288993304919 118.08273018905552 407.3266292268585 165 69 70
-81.59256852577336 118.15418469046674 407.68864473941665 169 73 74
-81.01126471795318 118.22576943384406 408.0512695975204 166 70 71
-50.96065251089884 106.54639858399985 370.2716011825634 34 102 108
-50.40372456148732 106.59021867552148 370.5266116648241 18 112 118
-2.1406978441195377 92.67256227487469 325.6942608928297 93 141 103
-1.6226687735875227 92.69055568623001 325.8423222982004 109 157 119
-1.1041753694097771 92.7085760951331 325.9905138729547 108 156 118
-0.5852166273977827 92.72662355204281 326.1388359004592 108 156 118
-0.06919325859883474 92.84845949412527 326.77647890811863 107 155 117
0.5072727168680665 93.4322334315894 326.765785653019 110 158 118
1.0282687565953381 93.45123324000777 326.91505891008364 110 158 118
1.5497355821628358 93.47026107852264 327.0644644802863 114 160 121
2.551157058791136 91.6710762315506 320.47499725399297 61 109 71
132.55470141489778 116.92230874479247 407.05483890678704 0 2 7
121.69346296432597 105.78946938948862 366.3150701892506 0 19 49
122.34730646363838 105.8247388297535 366.50779939199805 27 51 81
133.66377979876935 108.57875587302587 380.45382909015154 0 6 9
-303.4424480546263 87.42423418641381 302.6930659420765 0 1 0
-266.88410183717224 78.17005124823686 270.4386716511016 0 2 0
-238.70837029255267 78.74948512942758 270.35325222400934 0 2 0
-238.39136276317075 78.75049890953736 270.4718463235519 0 2 0
-238.0740127412036 78.75150506709473 270.59057005692864 0 2 0
-237.11990130713784 78.75447700014821 270.9475216015316 0 2 0
-236.80117492817865 78.75545186714258 271.06676640128694 0 2 0
-236.4821028892439 78.75641871536058 271.1861420899975 0 2 0
-236.16268457234972 78.75737746793104 271.3056489124721 0 2 0
-235.84291936463163 78.75832804877527 271.425287111465 0 2 0
-235.52280665832632 78.75927038260757 271.5450569276822 0 2 0
-235.20234585075133 78.760204394936 271.664958599789 0 2 0
-234.88153634428576 78.76113001206265 271.7849923644171 0 2 0
-234.56037754635142 78.76204716108461 271.90515845617233 0 2 0
-234.23886886939266 78.76295576989419 272.0254571076398 0 2 0
-233.91700973085776 78.76385576717998 272.14588854939456 0 2 0
-163.1582304447329 105.02257997470376 357.75188191050523 0 2 0
-162.70750469050148 105.07156082972593 358.0357031849535 0 2 0
-162.25608579837404 105.1206129531412 358.3199623625883 0 2 0
-161.803972544186 105.16973656441539 358.6046601836717 0 2 0
-161.35116369762224 105.21893188396841 358.88979739223686 0 2 0
-160.89765802216928 105.2681991331754 359.1753747361215 0 2 0
-160.4434542750673 105.31753853436751 359.46139296699755 0 2 0
-159.98855120726327 105.36695031083376 359.74785284040325 0 2 0
-159.53294756336302 105.4164346868213 360.0347551157747 0 2 0
-159.0766420815836 105.4659918875369 360.32210055647687 0 2 0
-85.69993230663368 109.49857143437528 378.9370937153618 170 71 73
-85.15773029186938 109.55060094868458 379.22923532090397 170 71 73
-82.18418706012321 118.37207194777758 407.2101000303895 165 68 72
-81.60404315450297 118.44376887236815 407.5719052933828 166 69 73
-81.02291711687788 118.51559648006368 407.93431955582867 166 69 73
-73.55395696861622 115.23329140323268 396.0794380159152 92 33 36
-50.97910504533836 106.81412575132771 370.18130540032394 32 103 110
-50.4223160711201 106.85812688574917 370.436193874144 11 108 116
-3.658343164262959 91.8755022995767 321.2666533806672 38 89 52
-1.6469235652895944 92.93088161269785 325.7789228612044 112 158 121
0.48315534380654795 93.67265720147037 326.7016881816203 107 153 114
1.0040618359202156 93.69177228111045 326.8509076887393 114 160 121
1.5254391700522478 93.71091552874313 327.0002594928967 109 157 117
121.64683286181908 106.05416060522131 366.2311986634075 0 7 39
-171.75854948377997 110.75653556521445 375.25444708896 0 2 0
-171.3029299924706 110.81952079605456 375.5888617882204 0 2 0
-170.84651999331555 110.88261094916155 375.9238584556323 0 2 0
-170.3893178088919 110.94580634466784 376.2594382868971 0 2 0
-169.93132175373987 111.00910730415013 376.59560248347964 0 2 0
-169.47253013430498 111.07251415063385 376.93235225265465 0 2 0
-169.01294124887704 111.13602720859755 377.2696888075513 0 2 0
-168.5525533875305 111.19964680397683 377.60761336719986 0 2 0
-168.09136483206456 111.26337326416902 377.94612715657655 0 2 0
-167.62937385594267 111.32720691803746 378.28523140664896 0 2 0
-167.16657872423306 111.3911480959158 378.62492735442356 0 2 0
-166.70297769354818 111.45519712961233 378.96521624298896 0 1 0
-166.23856901198354 111.51935435241434 379.3060993215635 0 1 0
-204.01622303480394 147.9651843163891 502.90465273948325 0 39 68
-170.74475947932865 144.01086688359558 495.9131185580729 7 47 78
-164.18822915798282 141.5105771565774 488.2880559107857 8 45 77
-88.41072375875055 109.5118991506893 377.385681998169 175 71 73
-87.87258505719954 109.56371605876899 377.67557537783733 169 68 71
-87.33366751265855 109.61561555968207 377.9658857936198 171 70 73
-86.7939693072196 109.66759791293349 378.2566141967661 171 72 74
-86.2534886137932 109.71966337874196 378.5477615435274 170 71 73
-85.17017240854616 109.82404469247997 379.1313169180062 172 73 75
-66.8614025275936 105.66659691266133 365.68613671974293 60 20 23
-50.997679438093094 107.08185491387923 370.0909502913817 30 101 108
-50.44102828516732 107.12603720625576 370.3457172777376 7 104 112
-19.659787074710458 97.80623916719003 333.6852200649897 0 69 72
-19.13714657325799 97.83155148398491 333.8529062905761 0 64 67
-18.61400067331653 97.85689901266154 334.02075192020067 0 55 59
121.6005072674323 106.3188718557695 366.1474159413594 0 2 31
-237.44077013586087 79.17117453795197 270.7553326586445 0 2 0
-237.1225905836059 79.17237965817654 270.8743328145229 0 2 0
-236.80406655893262 79.17357707426301 270.99346336008057 0 2 0
-163.14776097409262 105.54221819872923 357.57495781807273 0 2 0
-162.69732341861203 105.5915935426747 357.8584469036636 0 2 0
-162.2461930659907 105.64104073009695 358.1423734612156 0 2 0
-161.79436869095076 105.69055998223578 358.4267382311064 0 2 0
-161.3418490620733 105.74015152129225 358.7115419574763 0 2 0
-160.88863294175098 105.78981557043046 358.9967853882607 0 2 0
-160.43471908613986 105.839552353778 359.28246927521985 0 2 0
-159.98010624511278 105.88936209642752 359.5685943739719 0 2 0
-159.52479316221087 105.93924502443701 359.85516144402243 0 2 0
-159.06877857459665 105.9892013648322 360.14217124879815 0 2 0
-158.6120612130067 106.03923134560625 360.42962455567516 0 1 0
-158.1546398017042 106.08933519572204 360.71752213601354 0 1 0
-205.25174368113892 147.5870119388305 505.4221903748165 1 41 70
-191.86555691728645 148.09378303707962 507.00855803691036 2 42 71
-174.5777351329043 143.23787288757853 490.80120331924536 7 47 76
-174.03201350771482 143.39533954569143 491.49730235277195 6 46 75
-99.15747286295243 116.84431392844922 396.41015254737107 255 128 139
-98.60593878239602 116.91273870408406 396.7540161065373 255 126 133
-62.07852740349229 98.21176650998447 336.7464464565988 75 30 33
-65.79793947647799 106.0170876682193 366.1015776081249 41 15 15
-51.016375650241336 107.3495866903194 370.0005356863855 24 99 107
-50.45986116835127 107.39395025757487 370.2551817039304 5 107 115
44.67087641738996 89.02255822232098 307.01151059872393 107 180 155
45.17695240084781 89.03422254190761 307.11878585589926 85 158 133
46.83492450306823 88.56188159603035 305.02559013488974 62 136 105
47.33830225664411 88.57292912487851 305.129472366744 55 134 104
47.84204795036261 88.58399301205962 305.23342875846606 50 129 99
82.71946767237033 103.7550566228125 350.8343587932579 0 9 0
-297.706327423575 87.62137903137793 295.7531279609457 0 1 0
-297.46620202832827 87.64488435905788 295.9649659857027 0 1 0
-297.2257106019455 87.66842620881695 296.17712669040077 0 1 0
-175.80182110836876 110.7300944914796 372.0726079030371 0 2 0
-175.35353938391071 110.79259505873016 372.4014237968547 0 2 0
-174.90448241895396 110.85519845067272 372.730810447699 0 2 0
-174.4546486052378 110.917904976894 373.06076900090255 0 2 0
-174.00403632701196 110.98071494839762 373.3913006071435 0 2 0
-173.55264396097658 111.04362867760743 373.72240642248704 0 2 0
-173.10046987622437 111.10664647837245 374.0540876084346 0 2 0
-172.64751243417996 111.16976866597079 374.3863453319655 0 2 0
-172.19376998854182 111.23299555711361 374.7191807655837 0 2 0
-171.73924088522267 111.29632746994974 375.0525950873624 0 2 0
-171.28392346228947 111.3597647240697 375.3865894809904 0 2 0
-170.82781604990484 111.4233076405097 375.7211651358147 0 2 0
-170.37091697026693 111.48695654175623 376.05632324688895 0 2 0
-169.91322453754995 111.55071175175021 376.39206501501707 0 2 0
-169.45473705784454 111.61457359589127 376.728391646798 0 2 0
-168.9954528290979 111.67854240104201 377.0653043546735 0 2 0
-168.53537014105362 111.74261849553217 377.40280435697133 0 2 0
-168.07448727519258 111.80680220916368 377.7408928779527 0 2 0
-167.6128025046721 111.87109387321388 378.07957114785603 0 2 0
-167.15031409426635 111.93549382044087 378.4188404029441 0 2 0
-166.68702030030582 112.00000238508734 378.7587018855493 0 1 0
-166.22291937061757 112.06461990288541 379.0991568441201 0 1 0
-192.8864787906421 148.08136314446523 505.2563614129717 2 42 71
-192.3622836561731 148.25897090514363 506.0250056684689 1 41 70
-164.87742549264323 142.79995981657467 485.7657964739293 7 47 78
-107.19533057589767 114.73537514235498 390.34246713662856 255 109 116
-106.6584244972247 114.79959034426466 390.67547309588736 254 108 115
-99.03263133507087 113.24716072508173 381.2192627865914 253 109 120
-91.80645657602095 110.42918622828745 378.5358694180915 235 103 110
-36.8629702764523 106.23960063703029 360.3162021789662 5 149 197
38.95782587205068 90.86782361630009 312.63920361085957 130 200 155
45.45966328953943 90.04228574291808 309.05529908889235 91 164 139
45.300768339447174 88.75407619313535 304.6606671750112 86 158 128
132.88858838774544 110.06122943914185 371.02626845074934 0 4 3
-288.7112508843498 91.22186655162702 305.79783389585293 0 2 0
-232.73063162701297 108.95455029348535 362.5900319509124 0 2 0
-232.36502353566763 109.02070874043822 362.93262362845445 0 2 0
-161.33357528676066 106.26117162029563 358.5326616595518 0 2 0
-160.8806479717607 106.31123284474442 358.81757154534114 0 2 0
-160.42702324284897 106.36136738679684 359.10292146608606 0 2 0
-159.9726998487552 106.41157547334107 359.3887121775326 0 2 0
-159.51767653188807 106.4618573322382 359.6749444393054 0 2 0
-159.06195202828684 106.51221319232408 359.96161901494025 0 2 0
-207.51721264561112 149.88870819431818 501.4079829789688 0 35 63
-107.20184740418618 115.01467777139855 390.23511395873965 255 109 116
-106.66510276103672 115.07911851038129 390.56792947626957 254 108 115
-96.05057883550566 113.23171742862542 381.3447824079488 255 109 124
-94.03405827883411 111.11516274923048 377.77544064327753 255 125 134
-67.1959811822836 111.50496536747922 377.7237613445544 23 7 4
-36.881950871186845 106.49985429044804 360.231575683179 5 144 192
44.9234727129942 90.25764658042144 308.88940085801596 112 185 160
45.433046463225665 90.27046107035844 308.99960627896473 101 174 149
45.27465316331906 88.97935949075838 304.6069608248091 100 172 142
45.77679397705606 88.99052728767451 304.71055625179076 100 172 142
98.83636996126509 105.1874970366855 351.9605308645602 85 128 94
-298.862098084064 87.94899210667771 294.5859693944965 0 2 1
-298.62391000814205 87.97265534877884 294.7959819765625 0 2 1
-297.66756372652145 88.0676805819064 295.63919605346996 0 1 0
-297.1872138552936 88.11541617950944 296.06272008131003 0 2 1
-296.7644739999213 88.33421668889868 296.1363496295382 0 2 1
-173.9842866038965 111.5179736687562 373.19081570420826 0 2 0
-173.53319327485232 111.58133596641972 373.5215049969057 0 2 0
-173.08131873311277 111.64480306536562 373.8527689671737 0 2 0
-172.62866133958772 111.70837528317028 374.1846087814748 0 2 0
-172.17521944747156 111.77205293885287 374.5170256117825 0 2 0
-171.72099140218467 111.83583635287978 374.85002063562587 0 2 0
-171.26597554131357 111.89972584716948 375.1835950361375 0 2 0
-170.81017019455226 111.96372174509588 375.51775000209454 0 2 0
-170.35357368364117 112.02782437149322 375.8524867279671 0 2 0
-169.89618432230947 112.09203405266 376.18780641396233 0 2 0
-169.4380004162141 112.15635111636345 376.52371026606994 0 2 0
-168.97902026288085 112.22077589184383 376.86019949610755 0 2 0
-168.51924215164425 112.28530870981858 377.1972753217664 0 2 0
-168.05866436358738 112.34994990248698 377.53493896665657 0 2 0
-167.5972851714828 112.41469980353426 377.87319166035275 0 2 0
-167.1351028397315 112.47955874813617 378.2120346384398 0 2 0
-213.76151738095658 151.9524208541224 511.96298759588234 0 37 65
-207.478310873692 150.22631419515946 501.19982310111016 1 38 68
-196.65587586614458 148.84467774252408 502.26815260370455 8 43 74
-117.77732889230877 118.59083812953097 394.4502634387315 250 107 113
-116.08493564355496 116.67015513450464 394.5702192420634 248 107 112
-107.20857894310534 115.29394045193196 390.1276328668128 255 109 119
-106.67199503046498 115.35860684325615 390.4602583684662 255 110 120
-94.57739639330639 111.33269313322496 377.3836810713445 255 121 136
-94.04428189947573 111.38717643251022 377.67718232465944 255 125 136
-93.05963628381049 112.87002528438319 381.308921367493 251 118 130
-37.01608606600287 108.26392430908804 362.04529028498973 3 141 184
45.68050954907382 91.16740827590806 306.76570553902474 110 180 148
80.86274167372343 107.11069162694227 363.3936485137649 0 8 0
99.41055491827642 105.47419155694422 352.0541685145221 86 128 97
100.02490229681501 105.50714378383724 352.2258924210666 86 128 97
100.63989087207882 105.54013499686573 352.39779435622427 83 125 94
155.83911202274192 131.4226530292351 436.9849428630896 0 4 5
-262.46715247148586 81.11915186984729 269.5077835465683 0 2 0
-233.4077381608412 109.3446718775912 361.71450610731307 0 2 0
-233.0438153894277 109.41106439791162 362.055265105569 0 2 0
-232.6791742013073 109.47757451933307 362.3967031237006 0 2 0
-232.31381293345058 109.54420256339225 362.7388217103558 0 2 0
-231.94772991837553 109.61094885322011 363.08162241798317 0 2 0
-231.58092348409306 109.67781371354972 363.42510680288524 0 2 0
-217.0936869995885 150.94738938433665 506.08804897041443 12 37 62
-209.19820388856937 152.99001140682773 505.4932197106613 0 37 67
-204.83456589015978 149.29824120038168 500.32699894611886 1 38 68
-121.11007916665646 118.04542224952894 396.4277533806735 255 152 151
-120.58016099860129 118.11756834544359 396.78562315690954 255 137 138
-93.60758383281899 113.08605656081713 380.90648732002415 252 119 131
-93.0694308921941 113.14375388786726 381.20819779334414 253 120 132
-78.5180715734615 113.44137396661424 382.2054219143788 164 67 73
-77.96584339387144 113.49849926168707 382.50226343333844 166 69 73
-77.41280279516785 113.5557173943719 382.799538662638 166 69 73
-76.85894779958548 113.61302865069656 383.0972486376897 167 67 72
-37.063882818938644 108.83906039730526 362.39650737474693 1 137 179
-1.5742722410537644 95.95906188292952 323.16367707659145 0 19 0
17.685451723750198 96.89090562408906 324.9929549089195 2 39 16
18.21169211737566 96.91255034638631 325.13519417055454 0 28 4
99.37114875855224 105.72812894862152 351.9762532661838 86 131 99
99.98536473892861 105.76120957338254 352.1479050545349 86 129 95
100.60022167158579 105.7943292963932 352.3197347704535 86 129 95
-297.46994450471726 89.41135680444822 295.09238619964805 0 1 0
-297.22904211991346 89.43771935767725 295.30276121319554 0 1 0
-296.26177059012997 89.54357781631366 296.14745660791334 0 1 0
-296.14513181637517 89.76748377477017 296.5112147994437 0 2 1
-172.15772412434652 112.31082894871997 374.3141504217783 0 2 0
-171.70379665217123 112.3750640911662 374.64672643915407 0 2 0
-171.24908185381875 112.43940605417356 374.979881149031 0 2 0
-170.7935780584357 112.50385516344761 375.31361573968206 0 2 0
-170.3372835872274 112.56841174616368 375.64793140505816 0 2 0
-209.15661211549593 153.32847616943363 505.28109032194936 0 35 65
-166.44442400643786 149.13556204241675 492.9745784515269 16 46 78
-128.98989120465055 122.02681573407374 401.47795465833474 241 149 145
-121.38213344779511 117.8650996243948 393.1857182700253 255 158 158
-122.0479828302728 119.4035808678007 397.5074689767626 255 161 157
-121.11281665476966 118.32783894367594 396.31454374154055 255 161 157
-120.58306368369298 118.40022421655468 396.67219891125336 255 150 148
-113.1241019906038 117.37637575995865 387.14717018645706 255 160 159
-55.69197168845951 114.27928125323685 381.8706926211711 0 9 19
0.44448221799198206 91.4317153604474 307.256629960445 113 163 142
99.94607648738695 106.01530371855266 352.06998345283955 86 131 99
100.56080322383187 106.04855184384071 352.2417414022354 87 132 100
137.68965761102547 121.7102624970897 408.75806281415373 0 2 18
138.4410490875701 121.77039849027041 409.0333775719719 1 12 35
-259.013624742677 81.90881303673908 270.66981919270665 0 2 0
-232.6287229231795 110.00019645473681 362.2025350164764 0 2 0
-232.26360938891546 110.06729383523908 362.5441797045336 0 2 0
-231.89777486761156 110.13451025914694 362.8865053615106 0 2 0
-231.5312176868876 110.20184605343341 363.2295135430552 0 2 0
-231.16393616980338 110.26930154669435 363.5732058087163 0 2 0
-230.79592863479934 110.33687706915536 363.9175837219937 0 2 0
-166.98271436527 149.29989318481 492.0850474515281 16 41 75
-166.42267029635084 149.46876843037964 492.7793704257177 13 38 72
-132.4739572686052 121.8340766205354 405.5447681365502 239 156 149
-132.1167191184255 123.18815339014365 408.64287174334277 246 155 148
-128.98661938241906 122.31006338393419 401.36067137432144 247 156 149
-113.12603127579405 117.65158580238686 387.04086542520594 255 164 162
-94.10276047233812 113.40173532656428 377.9228409589005 255 124 147
-55.13847849889376 114.60906567675528 382.0559764173805 20 66 72
-36.619903706260885 108.47669975610391 362.4144859067802 0 139 190
0.42318563561264033 91.65842868663314 307.20078680580986 120 173 151
11.249640885087025 91.78877145394985 307.32026501741024 116 171 137
11.744035581675826 91.80272728715994 307.434517143239 127 182 148
12.23880074620839 91.81670382287194 307.5488525954318 130 185 149
-296.46149458233225 89.96099020426762 295.8209736633622 0 1 0
-296.2192545844297 89.98785544767755 296.03239343491884 0 1 0
-295.97664487148455 90.01476206781473 296.2441357530114 0 1 0
-295.73366400236455 90.04171005570443 296.456201933851 0 1 0
-166.40118690945056 149.80179128263586 492.58389664876984 18 38 72
-131.8952353165496 123.2179247943058 407.8248254469899 252 161 152
-129.27852698985294 122.61852057141856 402.0937749840053 246 155 146
-113.12818232256149 117.92675317003503 386.93442798504975 255 164 160
-54.928754079016485 113.71074497466803 373.00789317025885 12 25 34
-55.1548678653555 114.8825042206098 381.95647393845354 27 87 91
153.1158692525337 132.40638923529127 435.477148383331 0 4 8
153.9347791290444 132.48559654780985 435.8088335474284 0 4 8
154.75498642353446 132.56493053188242 436.1410438245088 0 4 3
-265.6285448832664 81.88786170586097 267.96750641044565 0 1 0
-185.42087414337794 153.0737266125534 502.7565533071576 6 46 75
-115.87598695364233 118.9982368734308 385.8642182212521 255 132 131
-113.39323108985616 118.09772061195478 387.61446492807426 255 168 163
-89.1034203360364 115.61786538616089 377.7998021039015 206 83 101
-62.38231784293709 105.1327886155158 347.08557260455547 55 10 15
-0.03285966201104515 104.6807617459631 345.37755345107394 113 165 149
3.440885865848949 93.35663847655094 306.45880828655834 150 211 182
3.9311927226947905 93.37209521224162 306.57334525837075 155 216 187
-184.90850889020888 118.58607953861357 380.81728552617466 0 2 0
-184.46455347593263 118.66488299699965 381.1767771786067 0 2 0
-184.0197716740781 118.74382651929585 381.53694102350266 0 2 0
-183.57416159870004 118.82291052263363 381.8977785503446 0 2 0
-183.1277213553801 118.90213542609392 382.2592912552738 0 2 0
-182.68044904115612 118.98150165071495 382.6214806411458 0 2 0
-182.2323427444584 119.06100961950038 382.984348217588 0 2 0
-181.7834005450393 119.14065975742712 383.34789550105575 0 2 0
-181.33362051390708 119.22045249145339 383.7121240148898 0 2 0
-180.88300071325702 119.30038825052651 384.0770352893709 0 2 0
-180.43153919640457 119.38046746559158 384.44263086178074 0 2 0
-179.97923400771504 119.46069056959857 384.8089122764551 0 2 0
-179.52608318253738 119.54105799751153 385.17588108484296 0 2 0
-179.07208474713377 119.62157018631608 385.54353884556406 0 2 0
-178.6172367186121 119.7022275750277 385.91188712446666 0 2 0
-178.16153710485614 119.78303060470017 386.2809274946838 0 2 0
-177.7049839044567 119.86397971843347 386.65066153669187 0 2 0
-177.24757510664276 119.9450753613824 387.0210908383697 0 2 0
-176.78930869121092 120.02631798076492 387.3922169950552 0 2 0
-176.33018262845673 120.10770802587027 387.76404160960413 0 2 0
-175.87019487910433 120.18924594806718 388.1365662924475 0 2 0
-175.40934339423674 120.2709322008134 388.50979266165325 0 2 0
-174.94762611522515 120.35276723966257 388.883722342981 0 2 0
-174.485040973659 120.43475152227393 389.2583569699422 0 2 0
-189.44879445792097 154.6520846289518 502.7899986004252 4 41 71
-168.57798616768486 152.32700359494322 492.18767680030743 13 45 77
-168.0203672631783 152.50274932191053 492.88470725792905 11 43 75
-139.72403927261408 127.5459890417866 415.5351779274279 117 83 101
-115.8759912962946 119.27169639728854 385.75805021207947 255 137 135
-32.135184936990555 110.54754008199929 364.05929773246515 86 212 255
-29.49614474875914 112.26240248992733 362.478242832021 20 150 196
-29.20330215680841 111.56532855371977 364.7432058245932 0 124 170
-28.639185518373274 111.61217465036646 364.97785075011797 0 119 154
-23.014330751964206 106.15737139882445 343.4917981612111 0 96 104
-18.697222041146034 110.80566474913297 364.0863596525464 0 49 65
-0.05580842944926435 104.93102547517282 345.30162115988236 113 162 147
2.930715909098355 93.56608043313487 306.2879960955292 139 201 174
3.4205844370368905 93.58160456994486 306.4024120764295 154 215 184
3.9108156393974953 93.59715051568917 306.5169104033979 150 211 180
15.543238907243783 92.74687127439236 303.8764050740028 8 47 21
-291.3146509616276 92.74012140296428 297.76190159118994 0 2 0
-289.03765123767033 93.02919143338367 299.68756338418524 0 2 0
-287.7585997736907 93.19145492336585 300.7693008370476 0 2 0
-272.55938391741523 95.36588940363323 305.5374178347096 1 2 0
-189.41622519821 154.98860577119314 502.581342643125 0 40 69
-168.5532522394034 152.65776297680912 491.99257648381484 18 46 77
-167.9958395430878 152.83390785658898 492.68902435890976 15 43 74
-139.71798623201025 127.83722694290311 415.40572069422876 144 102 116
-130.82627981256542 124.61808567684623 404.61097278693376 252 129 128
-117.34967512229892 120.03878084363878 390.2693764009167 250 131 129
-33.78762771936107 110.85120497208753 363.019714332963 57 204 255
-33.22901550790699 110.89678851669372 363.2525010993253 79 218 255
-29.513286897923802 112.5212951556059 362.39072619360195 32 162 208
-28.952590921882784 112.5690531158337 362.6204884086214 0 128 174
-28.491860081429905 111.98029357254548 363.363051590852 0 118 158
-23.261702151102646 110.55915947404453 362.1689124572958 0 94 99
-22.697754098793713 110.6035970955808 362.39581502722916 0 86 93
-1.178871820054148 105.11409395967752 344.85718213610545 65 111 104
-0.6291077305443888 105.14768451817187 345.041334336536 104 153 138
15.336412830010724 91.92143098211429 300.01750885507806 1 40 14
39.437269341034074 95.45221815858402 312.2227289187812 132 200 155
-190.9978621815777 118.03074913661959 375.6461907442989 0 2 0
-190.5655651571446 118.10809290415284 375.99596331516955 0 2 0
-190.13246792515406 118.18557186155998 376.346386983081 0 2 0
-189.6985687112396 118.26318640187702 376.69746314912504 0 2 0
-189.26386573349865 118.34093691999253 377.04919322026336 0 2 0
-188.82835720242372 118.41882381265512 377.40157860938 0 2 0
-188.39204132084015 118.49684747848123 377.7546207353369 0 2 0
-187.95491628383962 118.57500831796253 378.1083210230283 0 2 0
-187.51698027871603 118.65330673347349 378.46268090343455 0 2 0
-187.07823148489908 118.73174312927935 378.8177018136779 0 2 0
-186.63866807388914 118.81031791154349 379.17338519707704 0 2 0
-186.1982882091916 118.88903148833562 379.52973250320287 0 2 0
-185.75709004625023 118.96788426963852 379.8867451879315 0 2 0
-185.3150717323824 119.04687666735666 380.2444247135022 0 2 0
-184.87223140671125 119.12600909532391 380.60277254857186 0 2 0
-184.42856720010002 119.20528196931107 380.96179016827034 0 2 0
-183.98407723508586 119.28469570703382 381.3214790542562 0 2 0
-183.5387596258119 119.36425072816031 381.68184069477354 0 2 0
-183.0926124779615 119.4439474543201 382.04287658470713 0 2 0
-182.64563388868976 119.52378630911045 382.4045882256388 0 2 0
-182.19782194655767 119.60376771810577 382.76697712590385 0 2 0
-181.74917473146317 119.6838921088647 383.13004480064825 0 2 0
-181.29969031457503 119.7641599109386 383.49379277188336 0 2 0
-180.84936675826378 119.84457155587938 383.85822256854493 0 2 0
-180.39820211603393 119.9251274772475 384.2233357265483 0 2 0
-179.94619443245602 120.0058281106204 384.5891337888461 0 2 0
-179.4933417430987 120.0866738936005 384.955618305486 0 2 0
-179.03964207445958 120.16766526582323 385.3227908336666 0 2 0
-178.58509344389628 120.24880266896541 385.690652937796 0 2 0
-178.1296938595586 120.33008654675344 386.05920618954923 0 2 0
-177.67344132031837 120.4115173449716 386.42845216792534 0 2 0
-177.21633381570095 120.49309551147047 386.7983924593063 0 2 0
-176.75836932581566 120.57482149617505 387.16902865751416 0 2 0
-176.29954582128602 120.65669575109334 387.5403623638691 0 2 0
-175.83986126318004 120.73871873032468 387.9123951872486 0 2 0
-175.3793136029409 120.82089089006818 388.2851287441452 0 2 0
-174.91790078231546 120.90321268863137 388.6585646587245 0 2 0
-174.45562073328597 120.98568458643872 389.0327045628865 0 2 0
-173.9924713779977 121.06830704603983 389.40755009632005 0 2 0
-173.5284506286893 121.15108053211848 389.78310290656606 0 2 0
-173.06355638762193 121.23400551150141 390.1593646490745 0 2 0
-172.597786547008 121.31708245316639 390.5363369872639 0 2 0
-209.4892335671005 155.76082798883724 498.10480290142783 0 37 67
-211.58292801298157 156.37481100154844 504.700607049816 2 39 69
-211.09544267239121 156.57571480329133 505.49069311614943 4 41 71
-190.98595187741415 153.8323491385434 496.046331262563 5 42 72
-140.23971694666014 128.0324639187891 414.8531822280363 88 79 104
-104.25885016096419 118.3883777349666 383.8169447841866 254 111 124
-103.72629210977479 118.455248088957 384.1325628136356 253 110 123
-98.08204565931044 116.15275632385446 376.7541577691333 249 111 129
34.545914127124405 98.91000948920384 322.76932588711315 113 173 129
34.29781340856522 95.505218063238 311.00201622729594 120 183 138
39.412599684003936 95.68102176368363 312.1639460934489 132 200 155
39.92628642142351 95.69872898743874 312.2806288980557 132 200 155
40.312950747986065 95.76139492551458 311.17231768346795 129 198 160
40.82528121688381 95.77910995369238 311.28724849272606 132 201 163
139.15406283212315 132.28328077187703 429.42380227654894 0 3 0
139.95037609345187 132.3612323033342 429.74603327287036 0 3 0
-292.01662366389746 93.08571612784071 297.0097420402844 0 1 0
-290.00473418972734 93.34400779555509 298.7101503921247 0 2 0
-289.7514764803206 93.37651080576566 298.92420266035253 0 2 0
-289.4978204260702 93.40906201506053 299.13859267398556 0 2 0
-289.2437646309291 93.44166144787687 299.35332166937275 0 2 0
-288.9893077008738 93.47430912919644 299.56839088085945 0 2 0
-288.73444824388184 93.50700508454608 299.7838015408072 0 2 0
-288.47918486990716 93.53974933999827 299.9995548796153 0 2 0
-288.2235161908575 93.57254192217201 300.21565212574086 0 2 0
-287.967440820572 93.6053828582338 300.4320945057204 0 2 0
-211.8720107096844 151.87125256890684 486.5536214916419 0 3 8
-214.05260096881565 159.97069527916392 507.09816452257064 0 37 67
-107.74089641409681 119.32418279459726 383.11597519700246 240 110 116
-54.08108774528503 116.20069712565294 374.7396096093231 15 120 127
-44.051607366791146 109.42850907108871 352.3935212735214 0 119 127
-16.363053580864932 112.69466184530624 364.1878421082515 18 97 124
-15.791595317428001 112.74172901614989 364.41662950680205 1 102 133
15.910313815728733 100.25279225291402 319.2634181839421 20 59 35
20.973958466581806 112.70674712033166 365.00733017127 0 23 4
23.9580483867651 112.93391662218944 366.09835395791214 0 19 4
25.598871266652893 105.96685353046718 340.07498484328636 114 162 126
24.99570588059031 101.97651619058874 324.3466060513661 109 157 121
25.52465816034039 102.00277196519264 324.48639364564286 105 158 118
24.6512308480859 96.57178422225017 307.1077093779018 103 156 116
25.15080688331743 96.59013686948911 307.21915952525535 102 160 119
40.80077880295616 96.00702359717107 311.2286582575992 134 203 165
39.90490112950709 92.69691641632247 300.76505052877127 132 197 171
113.71206995379262 110.10542185774571 356.2622310582894 0 4 0
-224.44970241904306 106.75831993707763 335.25876812843916 0 2 0
-224.08647351949722 106.81250609007066 335.52377223999576 0 2 0
-223.72262934231165 106.86677000255803 335.7892308865358 0 2 0
-223.35816877375132 106.92111184852747 336.0551448774621 0 2 0
-222.99309069883768 106.97553180295628 336.32151502276224 0 2 0
-222.62739400130786 107.03003004181653 336.5883421330377 0 2 0
-222.26107756357476 107.08460674207825 336.85562701953376 0 2 0
-194.20641226218623 116.65259224611285 366.69597500169647 0 2 0
-193.7844697459282 116.7258137905483 367.02392788528033 0 2 0
-193.36177079020257 116.79915745485849 367.35247278693623 0 2 0
-192.9383138283453 116.872623579155 367.681610893919 0 2 0
-192.51409728753526 116.94621250516686 368.0113433980255 0 2 0
-192.08911958873477 117.01992457624594 368.3416714956397 0 2 0
-191.6633791466315 117.0937601373742 368.6725963877837 0 2 0
-191.23687436957704 117.16771953516948 369.00411928016337 0 2 0
-190.8096036595292 117.24180311789212 369.33624138321784 0 2 0
-190.38156541199072 117.31601123545022 369.6689639121662 0 2 0
-189.9527580159504 117.390344239408 370.00228808705833 0 2 0
-189.5231798538225 117.46480248299011 370.33621513282117 0 2 0
-189.09282930138633 117.53938632108947 370.6707462793082 0 2 0
-188.66170472772635 117.6140961102725 371.00588276134874 0 2 0
-188.22980449517158 117.68893220878674 371.34162581879593 0 2 0
-190.09380767164512 118.71957932233563 376.1367041153438 0 2 0
-189.66019212469226 118.7976539609285 376.4873172260998 0 2 0
-189.22577343089753 118.87586534916167 376.8385833394263 0 2 0
-188.79054980059797 118.95421388618452 377.19050386724916 0 2 0
-188.35451943647587 119.0326999730253 377.5430802274558 0 2 0
-187.91768053349236 119.1113240125982 377.8963138439483 0 2 0
-187.48003127882427 119.1900864097113 378.2502061466994 0 2 0
-187.04156985179662 119.26898757107413 378.6047585718068 0 2 0
-186.60229442381927 119.34802790530557 378.95997256154806 0 2 0
-186.1622031583196 119.42720782294123 379.3158495644347 0 2 0
-185.72129421067754 119.50652773644164 379.6723910352687 0 2 0
-185.27956572815924 119.58598806019967 380.0295984351967 0 2 0
-184.83701584985104 119.66558921054842 380.38747323176545 0 2 0
-184.39364270659303 119.74533160576917 380.74601689897827 0 2 0
-183.9494444209125 119.82521566609928 381.10523091734933 0 2 0
-183.5044191069579 119.90524181373975 381.46511677396074 0 2 0
-183.05856487043042 119.98541047286352 381.8256759625178 0 2 0
-182.61187980851858 120.06572206962318 382.1869099834047 0 2 0
-182.1643620098301 120.14617703215944 382.5488203437424 0 2 0
-181.71600955432504 120.2267757906081 382.9114085574427 0 2 0
-181.26682051324758 120.30751877710922 383.27467614526654 0 2 0
-180.81679294905933 120.38840642581472 383.63862463488 0 2 0
-180.36592491537021 120.46943917289623 384.0032555609107 0 2 0
-179.9142144568713 120.55061745655374 384.3685704650058 0 2 0
-179.46165960926575 120.63194171702331 384.7345708958875 0 2 0
-179.00825839920162 120.71341239658575 385.10125840941197 0 2 0
-178.55400884420223 120.79502993957435 385.46863456862593 0 2 0
-178.0989089525976 120.87679479238362 385.8367009438228 0 2 0
-177.6429567234558 120.95870740347723 386.2054591126027 0 2 0
-177.18615014651346 121.04076822339651 386.5749106599293 0 2 0
-176.72848720210675 121.12297770476889 386.9450571781864 0 2 0
-176.26996586110212 121.20533630231618 387.31590026723796 0 2 0
-175.81058408482596 121.287844472863 387.687441534485 0 2 0
-175.35033982499513 121.37050267534558 388.05968259492465 0 2 0
-174.8892310236475 121.45331137081989 388.43262507120807 0 2 0
-204.5236948561241 149.04856336506288 473.3306058216254 0 6 23
-214.00492872316698 160.3060735904339 506.8832080971126 1 38 66
-210.29080206753852 157.70531315385287 503.56530130006337 4 41 71
-209.80151947927754 157.90832471190143 504.35006580536276 3 40 70
-117.45320446238107 122.241863546557 390.63661010444946 244 113 115
-116.92536978453828 122.3180618242828 390.97786403533746 238 107 109
-115.87646222963951 121.73883939406677 389.5402321324828 235 106 107
-107.21515386734458 119.66495256700657 383.32716111903846 248 124 126
-102.56139590954355 141.13623195969092 452.9402034506601 183 71 80
-54.579788124495515 114.84712169942397 366.3189060185537 15 109 115
-44.06711307210419 109.6821419844333 352.31130923019094 0 119 127
-43.97472873419114 114.94612272321201 366.2615294269202 0 120 130
-43.41768726901876 114.99845449236575 366.5058241122733 0 120 130
-42.859935070098956 115.05086380668612 366.75042703122836 0 120 130
-17.52428479835016 112.86149080598867 363.6433912760153 0 56 70
-16.383717871326102 112.9557404856336 364.09993179160807 23 103 123
-15.812385465633282 113.00296992007094 364.32861648512835 3 105 131
-15.240351545169611 113.05026931571521 364.55757834318376 0 95 121
25.019045228395143 106.17919302419455 339.83383556426486 82 120 90
25.574224236583124 106.21217793792118 340.0012831253291 110 153 119
26.129961118653878 106.24520680215667 340.1688960452203 112 155 121
25.50186666113155 102.23737553758923 324.4201271537486 104 157 117
26.031188619827258 102.26376953939915 324.5599818081728 100 153 113
25.12948911609171 96.8137443217029 307.16119832850296 103 159 118
25.629356189924817 96.83220647557859 307.272689972849 104 160 119
35.10188824149916 102.71762763459192 326.9561958807357 113 176 131
35.63976181555953 102.74463073698178 327.0982633111301 114 177 132
-198.7760612203181 116.11340495143682 363.0310721329432 0 2 0
-198.36247057627781 116.18551780321118 363.3523816782192 0 2 0
-197.9481406295133 116.25774947283257 363.674270068454 0 2 0
-197.53306987689993 116.3301002840143 363.99673844391157 0 2 0
-197.11725680980226 116.40257056202356 364.3197879488737 0 2 0
-196.70069991401604 116.47516063368737 364.64341973168587 0 2 0
-196.28339766971007 116.5478708273987 364.9676349448038 0 2 0
-195.86534855136918 116.62070147312276 365.29243474484076 0 2 0
-195.44655102773606 116.6936529024031 365.6178202926126 0 2 0
-195.0270035617533 116.7667254483678 365.943792753186 0 2 0
-194.60670461050464 116.83991944573567 366.27035329592525 0 2 0
-194.18565262515799 116.91323523082261 366.59750309453904 0 2 0
-193.76384605090507 116.98667314154764 366.9252433271277 0 2 0
-193.34128332690432 117.06023351743924 367.2535751762308 0 2 0
-192.91796288622098 117.13391669964156 367.5824998288745 0 2 0
-192.4938831557689 117.20772303092065 367.91201847661875 0 2 0
-192.0690425562508 117.28165285567094 368.2421323156062 0 2 0
-191.64343950209943 117.35570651992148 368.5728425466088 0 2 0
-197.94394959508534 144.83517634324394 454.8435458835827 0 2 5
-178.65149146679582 157.67778597421417 499.90132843962164 10 47 77
-132.25575562545916 126.9002253698519 402.96981182099336 227 118 120
-132.06883472097456 126.99607909697406 404.3067771918569 236 121 120
-115.87723394457586 122.01444345879271 389.43051934455104 237 106 108
-107.21840898634615 119.93708534550353 383.22224052455243 255 148 148
-106.68910352630758 120.00622172328258 383.5383573714242 255 140 141
-105.00258526882604 140.95155794009756 450.7637112009532 196 74 89
-104.39470095577775 141.07515131717855 451.2672951186685 186 64 79
-103.78550817635448 141.199019316483 451.7719587487274 186 66 80
-54.83320837765531 115.3411596178609 367.71346031650904 10 110 117
-45.77180692883202 115.02184573595017 362.2807019110393 0 119 127
-43.98938455160936 115.20726720962247 366.1707039650843 0 120 130
-43.432477251050585 115.25976759526012 366.4148815503294 0 120 130
-42.874859301314224 115.3123457740646 366.6593672498033 0 120 130
-23.767047088371623 112.60705563561714 361.0653413113873 0 99 102
-23.20480856899105 112.653550745851 361.2903807542785 0 96 99
-22.641889799809416 112.70011379234737 361.5156889310062 0 91 96
-22.078289185222072 112.74674494809376 361.7412664677839 0 86 91
14.321665769462154 100.64368495621252 318.7374160705993 91 142 112
14.83670317846397 100.66766721020419 318.87016192924574 75 119 92
15.35217320000927 100.69168008100074 319.003016663997 46 90 63
24.440043683781706 106.39136733369807 339.5929924634638 5 38 21
25.18155848466021 100.38913595380409 321.6661759640101 106 154 118
35.077438316093215 102.95417769862885 326.888972621435 108 171 128
35.61521596002718 102.98128769875187 327.03098616441883 113 176 133
-225.48821193166472 107.0796059777451 334.30956784175584 0 2 0
-225.12705377139994 107.13393079959256 334.5728811737843 0 2 0
-224.76528427149344 107.18833338839555 334.83664592844065 0 2 0
-224.40290232017418 107.24281391635284 335.10086291429815 0 2 0
-224.03990680454098 107.2973725566475 335.36553294042426 0 2 0
-223.67629661052604 107.35200948345164 335.63065681641217 0 2 0
-223.3120706228531 107.40672487193068 335.89623535240776 0 2 0
-222.947227724999 107.46151889824702 336.1622693591414 0 2 0
-222.58176679915363 107.51639173956518 336.42875964795667 0 2 0
-222.21568672617911 107.57134357405539 336.6957070308409 0 2 0
-221.8489863855696 107.62637458089793 336.96311232045474 0 2 0
-221.48166465541095 107.68148494028785 337.2309763301638 0 2 0
-221.1137204123391 107.73667483343853 337.4992998740684 0 2 0
-220.7451525314988 107.79194444258624 337.7680837670343 0 2 0
-202.84834824965958 115.65483545905933 359.75527926923826 0 2 0
-202.44219900533068 115.72598696645963 360.0706578852845 0 2 0
-202.03532549306945 115.79725446385302 360.38660375812276 0 2 0
-201.62772626136032 115.86863826068374 360.70311799027456 0 2 0
-201.2193998537446 115.94013866789345 361.02020168781746 0 2 0
-200.81034480876593 116.01175599792731 361.3378559604296 0 2 0
-200.4005596599131 116.08349056474005 361.6560819214361 0 2 0
-199.9900429355656 116.15534268380242 361.9748806878541 0 2 0
-199.57879315893575 116.22731267210621 362.29425338043626 0 2 0
-199.16680884801343 116.29940084817137 362.61420112371803 0 2 0
-198.75408851550964 116.37160753205198 362.9347250460628 0 2 0
-198.3406306687991 116.44393304534204 363.2558262797075 0 2 0
-197.92643380986377 116.51637771118126 363.5775059608075 0 2 0
-197.51149643523644 116.58894185426233 363.8997652294851 0 2 0
-197.09581703594225 116.66162580083606 364.2226052298726 0 2 0
-196.67939409744224 116.73442987871792 364.5460271101609 0 2 0
-196.26222609957605 116.80735441729398 364.8700320226444 0 2 0
-195.84431151650324 116.88039974752743 365.1946211237687 0 2 0
-195.42564881664674 116.95356620196493 365.51979557417707 0 2 0
-195.00623646263355 117.02685411474152 365.8455565387554 0 2 0
-194.58607291123755 117.10026382158881 366.17190518668207 0 2 0
-194.16515661332105 117.1737956598397 366.49884269147327 0 2 0
-193.74348601377585 117.24744996843508 366.82637023103007 0 2 0
-193.3210595514653 117.3212270879303 367.1544889876866 0 2 0
-192.89787565916467 117.3951273605011 367.48320014825606 0 2 0
-192.4739327635031 117.4691511299501 367.8125049040805 0 2 0
-192.04922928490427 117.54329874171299 368.1424044510764 0 2 0
-191.62376363752662 117.61757054286495 368.4728999897834 0 2 0
-191.1975342292049 117.6919668821268 368.80399272541223 0 2 0
-190.77053946138986 117.76648810987147 369.1356838678927 0 2 0
-190.34277772908877 117.84113457813007 369.4679746319215 0 2 0
-189.91424742080636 117.91590664059913 369.80086623701123 0 2 0
-189.48494691848367 117.99080465264545 370.1343599075376 0 2 0
-189.0548745974385 118.06582897131422 370.46845687278994 0 2 0
-188.62402882630528 118.14097995533386 370.8031583670173 0 2 0
-188.19240796697483 118.2162579651238 371.1384656294793 0 2 0
-187.76001037453267 118.29166336279981 371.47437990449407 0 2 0
-187.32683439720017 118.36719651218134 371.81090244148686 0 2 0
-189.18873900364386 119.41044470217037 376.6271905619867 0 2 0
-188.75380025861793 119.48925498299684 376.97864619683696 0 2 0
-188.31805538421014 119.56820359193098 377.33075676977535 0 2 0
-187.88150257517015 119.64729093430591 377.68352370378744 0 2 0
-187.44414001847494 119.72651741735926 378.0369484279122 0 2 0
-187.0059658932641 119.80588345024152 378.3910323772981 0 2 0
-186.56697837077365 119.88538944402283 378.7457769932559 0 2 0
-186.1271756142712 119.96503581170123 379.10118372331397 0 2 0
-185.68655577898994 120.04482296821067 379.45725402127414 0 2 0
-185.24511701206282 120.1247513304283 379.8139893472658 0 2 0
-184.80285745245624 120.20482131718285 380.1713911678025 0 2 0
-178.6214971130807 158.0109010646386 499.6963282732409 10 45 76
-173.55076333566132 154.59645046160344 489.8806274831664 11 46 77
-173.00391129721365 154.77634009167966 490.5754512344332 12 47 78
-132.06435945245755 127.27975906892948 404.1852541983745 242 134 133
-47.51740505279204 114.98268967448455 365.7412845421503 0 119 128
-45.78477883096215 115.27960838701495 362.1917603391075 0 119 129
-43.44737152758354 115.52108991533046 366.3238871287493 0 120 128
-42.88988664577447 115.57383709162721 366.56825611970476 1 122 130
-42.33168953116635 115.62666252396302 366.81293381841806 0 120 128
-40.69125794064323 114.1507042486668 362.58450441022933 0 122 130
8.574512653959614 105.6929671599726 334.742210790699 89 129 112
8.664729110925512 100.61202535071111 317.22129529652244 123 172 147
9.174977124215241 100.6357725089116 317.3528097640765 130 179 154
9.685648128287363 100.65954990695114 317.48443061000563 122 178 151
10.21804061885532 100.80906375331102 318.8499699831862 115 171 144
12.274724430739743 100.90566840920964 319.38636952708123 134 197 167
12.75860559603386 100.80285187428645 318.2764020975022 122 183 152
13.272261887037162 100.8268422150045 318.4087738358371 114 175 144
13.786348145003195 100.85086315237938 318.541253742572 105 159 128
14.300865248785534 100.87491472939868 318.673842043705 82 136 105
14.815814078687431 100.89899698868513 318.8065389657158 70 114 87
15.331195516441273 100.92310997249503 318.9393447355625 37 81 54
16.86976335609744 95.23456177949568 300.79716797221533 0 11 0
17.35600320029793 95.25050650444012 300.9003761390592 0 11 0
33.633339876186476 97.58110977335608 308.95044081910936 114 177 134
42.09150025975405 97.54267414555807 305.1343065119516 184 250 230
42.59425016319917 97.56125839813467 305.23964391941644 219 255 255
88.2810408861683 109.19035738594918 346.38907696101 0 8 0
-292.1301778703739 94.63875975972928 295.29965015267214 0 1 0
-206.8460155542275 115.20356779307055 356.5400022025029 0 2 0
-206.44715722016005 115.27378227912733 356.8495676555885 0 2 0
-206.0475891696821 115.34411005833665 357.15968913189744 0 2 0
-207.93029965372517 116.25808848184133 361.3715688933223 0 2 0
-205.24631829289902 115.4851066804028 357.7816044347865 0 2 0
-204.84461264226056 115.55577611896544 358.0934004094879 0 2 0
-204.44219162643742 115.62656004210396 358.40575670374307 0 2 0
-204.03905382198445 115.6974587513087 358.7186743996292 0 2 0
-203.63519780084755 115.76847254953583 359.0321545825096 0 2 0
-203.23062213030897 115.83960174121334 359.3461983410764 0 2 0
-202.82532537293335 115.91084663224736 359.660806767395 0 2 0
-202.41930608651163 115.98220753002738 359.9759809569488 0 2 0
-202.0125628240075 116.05368474343355 360.2917220086831 0 2 0
-201.60509413349996 116.12527858284142 360.6080310250485 0 2 0
-201.19689855813067 116.19698936012895 360.9249091120479 0 2 0
-200.78797463604593 116.26881738868215 361.24235737927967 0 2 0
-200.37832090034232 116.340762983401 361.56037693998223 0 2 0
-199.96793587901035 116.41282646070636 361.8789689110811 0 2 0
-199.55681809487834 116.48500813854486 362.198134413232 0 2 0
-199.1449660655564 116.55730833639613 362.5178745708679 0 2 0
-198.73237830337874 116.62972737527792 362.8381905122426 0 2 0
-198.3190533153493 116.70226557775307 363.1590833694787 0 2 0
-197.90498960308292 116.77492326793539 363.4805542786119 0 2 0
-197.49018566274972 116.84770077149527 363.8026043796374 0 2 0
-197.0746399850165 116.9205984156667 364.1252348165552 0 2 0
-196.65835105499144 116.99361652925279 364.44844673741807 0 2 0
-196.24131735216523 117.06675544263227 364.7722412943766 0 2 0
-195.8235373503535 117.14001548776542 365.09661964372526 0 2 0
-195.40500951763923 117.21339699820061 365.4215829459496 0 2 0
-194.98573231631616 117.28690030908021 365.74713236577395 0 2 0
-194.56570420282785 117.36052575714697 366.0732690722061 0 2 0
-194.14492362771256 117.43427368075021 366.39999423858694 0 2 0
-193.7233890355423 117.50814441985219 366.72730904263517 0 2 0
-193.30109886486596 117.58213831603389 367.05521466649583 0 2 0
-192.87805154814998 117.65625571250216 367.3837122967874 0 2 0
-192.4542455117191 117.73049695409513 367.7128031246496 0 2 0
-192.0296791756983 117.80486238728903 368.0424883457905 0 2 0
-191.60435095395275 117.87935236020422 368.3727691605344 0 2 0
-191.17825925402863 117.9539672226118 368.70364677387 0 2 0
-190.75140247709436 118.0287073259398 369.03512239549826 0 2 0
-203.36545375524747 150.85863126184395 470.68843636660995 0 5 21
-116.90033537355792 123.54416710328756 390.6802200407151 253 124 125
-47.53219177986962 115.24405710698657 365.6505229704912 0 118 127
-45.130172668141306 115.62414194632771 365.50192679316535 0 120 128
-8.580414987803353 113.90405888720927 358.1336428107358 0 99 137
8.553161660892506 105.93463539918893 334.6705375257515 99 139 122
8.644919469741435 100.84220544478254 317.1582513826992 126 172 146
9.15508016806919 100.86605146398448 317.2897175410768 138 184 158
9.66566386326992 100.88992782983796 317.42129005269175 124 180 151
14.280095342546927 101.10618817173247 318.61026530923453 76 128 95
15.310251020069698 101.15458359505921 318.8756707771677 31 73 44
33.61086964707901 97.80633153877778 308.8918296788688 115 178 135
42.57146100881384 97.78292490691717 305.1820488627443 204 255 254
43.07449585363666 97.8016130125261 305.2874238185201 212 255 255
58.103353973035496 108.31941198419548 342.38980391928544 92 144 109
58.679558193308054 108.35379989117064 342.5540003211888 87 139 106
59.256344439481026 108.38823125806235 342.7183602413756 83 135 102
-223.99433816302613 107.78194529430287 335.2066236984589 0 2 0
-223.63096267953168 107.83695528812564 335.4714122083709 0 2 0
-223.26697199517048 107.89204427382154 335.73665469699455 0 2 0
-222.9023649918159 107.94721242873845 336.0023519758499 0 2 0
-222.53714055005034 108.00245993123328 336.26850485706916 0 2 0
-222.1712975491255 108.05778696067615 336.53511415342894 0 2 0
-221.80483486692268 108.11319369745515 336.8021806783789 0 2 0
-221.43775137991057 108.16868032297987 337.0697052460717 0 2 0
-221.07004596310563 108.22424701968627 337.3376886713941 0 2 0
-220.70171749003092 108.27989397104066 337.60613176999834 0 2 0
-220.33276483267443 108.33562136154406 337.875035358333 0 2 0
-219.96318686144784 108.39142937673635 338.14440025367276 0 2 0
-219.59298244514432 108.44731820320034 338.41422727415005 0 2 0
-219.22215045089683 108.5032880285664 338.68451723878786 0 2 0
-207.61730917393618 115.31691796395434 355.83029984891874 0 2 0
-207.2199926076002 115.38711231717913 356.1385566533203 0 2 0
-206.82196941788234 115.45741969176801 356.4473669587639 0 2 0
-206.4232382073929 115.52784038141883 356.75673182853484 0 2 0
-206.02379757445962 115.59837468126389 357.06665232893863 0 2 0
-207.90633942330632 116.51515386351086 361.2753957701121 0 2 0
-205.2227824128362 115.73978529927244 357.6881645022265 0 2 0
-204.82120505890654 115.81066221492604 357.99975832321155 0 2 0
-204.4189126319455 115.88165393576554 358.3119120711171 0 2 0
-204.01590370806318 115.95276076418507 358.6246268279988 0 2 0
-203.61217685876443 116.02398300404865 358.93790367919155 0 2 0
-203.2077306508937 116.09532096069708 359.25174371335515 0 2 0
-202.80256364658123 116.16677494095336 359.56614802251784 0 2 0
-202.3966744031871 116.23834525312888 359.88111770211896 0 2 0
-201.990061473248 116.31003220703018 360.1966538510553 0 2 0
-201.58272340442085 116.38183611396367 360.51275757172544 0 2 0
-201.17465873942692 116.45375728674288 360.8294299700721 0 2 0
-200.7658660159982 116.52579603969414 361.1466721556298 0 2 0
-200.35634376681946 116.59795268866212 361.4644852415673 0 2 0
-199.94609051947464 116.67022755101709 361.7828703447343 0 2 0
-199.53510479638817 116.74262094566005 362.1018285857057 0 2 0
-199.1233851147716 116.81513319302927 362.421361088828 0 2 0
-198.71092998656476 116.88776461510591 362.74146898226246 0 2 0
-198.29773791838116 116.96051553542122 363.0621533980339 0 2 0
-197.88380741145002 117.03338627906152 363.38341547207386 0 2 0
-197.46913696155934 117.10637717267508 363.705256344268 0 2 0
-197.05372505899948 117.179488544478 364.02767715850007 0 2 0
-196.637570188506 117.25272072426033 364.3506790627011 0 2 0
-196.22067082920182 117.32607404339268 364.6742632088938 0 2 0
-195.80302545453932 117.39954883483183 364.9984307532387 0 2 0
-195.38463253224367 117.47314543312721 365.3231828560813 0 2 0
-194.96549052425434 117.54686417442744 365.64852068199923 0 2 0
-194.54559788666703 117.62070539648593 365.9744453998483 0 2 0
-194.12495306967548 117.69466943866759 366.3009581828094 0 2 0
-193.70355451751348 117.76875664195488 366.62806020843607 0 2 0
-193.2814006683963 117.84296734895429 366.95575265870156 0 2 0
-192.85848995446136 117.91730190390231 367.284036720046 0 2 0
-192.4348208017104 117.99176065267211 367.61291358342396 0 2 0
-192.01039162995002 118.0663439427794 367.9423844443519 0 2 0
-191.58520085273258 118.14105212338924 368.2724505029556 0 2 0
-191.15924687729694 118.21588554532192 368.6031129640195 0 2 0
-190.73252810450867 118.29084456105963 368.93437303703143 0 2 0
-190.3050429288023 118.36592952475277 369.2662319362347 0 2 0
-189.87678973811887 118.44114079222621 369.5986908806733 0 2 0
-189.44776691384797 118.5164787209859 369.93175109424124 0 2 0
-189.01797283076723 118.59194367022482 370.26541380573065 0 2 0
-188.58740585698226 118.66753600083045 370.59968024888155 0 2 0
-188.1560643538661 118.74325607538958 370.9345516624285 0 2 0
-187.72394667599903 118.81910425819642 371.2700292901504 0 2 0
-187.29105117110802 118.89508091525798 371.6061143809196 0 2 0
-186.85737618000593 118.97118641430136 371.94280818875154 0 2 0
-186.4229200365303 119.04742112477945 372.280111972851 0 2 0
-194.91964615276456 158.43692323658087 495.69056844871943 2 39 69
-194.60486420675332 159.3070718268506 498.97543151625524 3 40 70
-45.24829645970143 116.9010742034358 362.66639605329823 0 119 129
8.625126172722755 101.07242939741565 317.09520086919986 127 171 148
9.135200820541952 101.09637431862497 317.2266190487827 138 182 159
9.645698473027247 101.12034969250344 317.3581435571234 130 184 157
10.177332394682587 101.27216382961049 318.72267755039815 125 179 152
27.14542794050233 106.13147364699338 332.41759827322454 82 127 97
29.05171637797192 97.85975897156962 307.82234942026514 98 151 109
29.554277146131973 97.8787566362662 307.9343384853268 99 152 110
42.548773559028156 98.00463758718055 305.12446504000286 188 253 242
43.051727342770654 98.02340733693057 305.22980291877275 208 255 255
58.074319319325284 108.56598394233059 342.31501693162807 92 145 107
58.65041511623732 108.60049342252708 342.4791481374532 86 136 102
59.22709279441662 108.63504648535414 342.64344278516336 85 135 101
59.80435347100304 108.66964316069676 342.8079012029549 79 126 95
-292.3264169758733 95.03988502502241 294.97702328514714 0 1 0
-216.58169908931706 103.81851215341422 322.4825613209819 0 2 0
-216.2158331690144 103.86297248199527 322.7112825326332 0 2 0
-218.71830384464675 110.12656450243496 337.303588405691 0 2 0
-218.34641329941758 110.18555445947798 337.5707175395831 0 2 0
-217.97389728173388 110.24462980470841 337.8383016700241 0 2 0
-217.6007546792645 110.30379073186828 338.10634158884415 0 2 0
-217.22698437802413 110.36303743574628 338.3748380887375 0 2 0
-216.85258526233022 110.42237011218238 338.6437919632932 0 2 0
-216.47755621476188 110.48178895807159 338.9132040070273 0 2 0
-216.10189611611557 110.54129417136889 339.1830750154137 0 2 0
-215.72560384536365 110.60088595109396 339.4534057849168 0 2 0
-215.34867827961048 110.66056449733462 339.7241971130235 0 2 0
-214.97111829404932 110.72033001125253 339.99544979827397 0 2 0
-214.59292276191883 110.78018269508635 340.2671646402957 0 2 0
-214.62347443447024 114.32212968387643 350.28624226938393 0 2 0
-214.23876399293175 114.39053832783308 350.5845218311706 0 2 0
-213.85337171019805 114.45905524582167 350.8833358313629 0 2 0
-213.46729625655433 114.52768070753667 351.18268528611156 0 2 0
-213.080536298931 114.5964149840043 351.4825712138412 0 2 0
-212.69309050085224 114.66525834758797 351.78299463528947 0 2 0
-212.30495752238775 114.7342110719955 352.08395657354953 0 2 0
-211.91613602010173 114.80327343228363 352.3854580541068 0 2 0
-211.5266246470035 114.87244570486482 352.6875001048818 0 2 0
-211.1364220524965 114.94172816751285 352.9900837562686 0 2 0
-210.74552688232782 115.01112109936855 353.2932100411768 0 2 0
-210.35393777853747 115.08062478094621 353.5968799950723 0 2 0
-209.96165337940778 115.15023949413933 353.90109465601745 0 2 0
-209.5686723194105 115.21996552222612 354.20585506471195 0 2 0
-209.17499322915776 115.28980314987622 354.5111622645362 0 2 0
-208.7806147353488 115.35975266315623 354.81701730159074 0 2 0
-208.38553546071836 115.42981434953558 355.12342122473893 0 2 0
-207.98975402398432 115.49998849789229 355.43037508564714 0 2 0
-207.59326903979672 115.57027539852001 355.7378799388296 0 2 0
-207.1960791186841 115.64067534313263 356.04593684168896 0 2 0
-206.79818286700072 115.7111886248712 356.3545468545577 0 2 0
-206.3995788868751 115.78181553830943 356.6637110407423 0 2 0
-206.00026577615463 115.85255637945993 356.9734304665652 0 2 0
-207.88263862793485 116.77213174557643 361.17903151308116 0 2 0
-205.19950653260582 115.99438103617835 357.59453931775397 0 2 0
-204.7980575735945 116.0654654510195 357.90593089123035 0 2 0
-204.39589383151656 116.13666499213171 358.2178820006542 0 2 0
-203.99301388201894 116.2079799628116 358.53039372807336 0 2 0
-203.5894162961468 116.27941066783129 358.8434671588119 0 2 0
-203.18509964028812 116.35095741344307 359.15710338151183 0 2 0
-202.780062476121 116.42262050738711 359.47130348818007 0 2 0
-202.3743033605567 116.49440025889581 359.78606857422864 0 2 0
-201.96782084568605 116.56629697870127 360.10139973852216 0 2 0
-201.5606134787249 116.63831097904064 360.41729808342154 0 2 0
-201.15267980195705 116.71044257366223 360.7337647148267 0 2 0
-200.74401835268037 116.78269207783211 361.0508007422238 0 2 0
-200.33462766314994 116.85505980833933 361.36840727872845 0 2 0
-199.92450626052374 116.9275460835028 361.68658544113055 0 2 0
-199.51365266680483 117.00015122317693 362.0053363499404 0 2 0
-199.10206539878695 117.07287554875826 362.32466112943405 0 2 0
-198.68974296799678 117.14571938319102 362.64456090769767 0 2 0
-198.27668388063853 117.21868305097368 362.965036816673 0 2 0
-197.86288663753683 117.29176687816495 363.2860899922047 0 2 0
-197.44834973407922 117.36497119238986 363.60772157408405 0 2 0
-197.03307166016057 117.43829632284599 363.9299327060968 0 2 0
-196.61705090012475 117.51174260031007 364.25272453606823 0 2 0
-196.2002859327078 117.58531035714326 364.5760982159089 0 2 0
-195.78277523098043 117.65899992729845 364.90005490166277 0 2 0
-195.36451726229024 117.73281164632554 365.22459575355157 0 2 0
-194.94551048820418 117.80674585137834 365.5497219360232 0 2 0
-194.52575336444977 117.88080288122012 365.87543461779705 0 2 0
-194.1052443408585 117.95498307623092 366.20173497191195 0 2 0
-193.68398186130588 118.02928677841261 366.52862417577273 0 2 0
-193.26196436365413 118.10371433139608 366.85610341119764 0 2 0
-192.83919027969324 118.17826608044709 367.184173864465 0 2 0
-192.415658035082 118.25294237247259 367.512836726361 0 2 0
-191.99136604928947 118.32774355602727 367.8420931922276 0 2 0
-191.56631273553555 118.40266998131989 368.17194446200944 0 2 0
-191.14049650073252 118.47772200021902 368.5023917403022 0 2 0
-190.7139157454247 118.55289996626047 368.8334362363998 0 2 0
-190.28656886372983 118.6282042346527 369.16507916434335 0 2 0
-189.85845424327823 118.70363516228363 369.4973217429685 0 2 0
-204.97216752004016 161.23562841226186 502.48212020598135 3 40 70
-103.55848151069331 136.58780800230193 421.79782523600255 255 117 145
-102.98144228284524 136.6943643578954 422.21563381258784 255 128 156
-85.06656598390245 120.03267601923979 375.59868140676554 225 91 98
-84.25375745521654 119.57391221521472 374.62295141378826 223 89 96
-83.71484111392641 119.63743517101807 374.9057464961843 212 85 90
-82.13650887242926 121.81118646415865 376.57739023554046 202 81 89
-81.59319021868443 121.87865488743131 376.86384532103375 198 82 90
-58.44580949225006 121.80616586945747 376.30609209634156 16 85 86
-45.2604800630177 117.15833101995948 362.57664196033267 0 117 126
7.278555246925081 112.12449375229828 350.49720290175105 0 7 0
6.9263282030648465 99.07511903621204 311.2755885836208 0 9 0
9.034141447717271 106.61405116665543 329.82708169991105 108 151 131
9.11533884492096 101.32674165717668 317.16351407693213 130 173 153
9.62575171757269 101.35081608010347 317.29499091195237 129 178 151
10.157008086790036 101.50378048372274 318.659022732663 131 180 153
10.670272397549116 101.5281879737489 318.7928111581151 144 198 167
27.12220493085916 106.37115107411589 332.3470161815873 75 118 100
27.66593616464551 106.40255936914987 332.5006421043798 77 120 102
29.030082541151476 98.08429255575851 307.7640953206804 90 143 103
29.532567811436884 98.1033769917866 307.8760463103879 96 149 109
30.035432342139497 98.12248544898988 307.98807951696716 92 148 107
59.775138539450616 108.91662072149933 342.73295130367137 82 129 98
60.35287590244125 108.95138294571379 342.89750883360813 79 126 95
99.96894346351013 108.94442096159312 334.7017603344845 94 142 106
100.55029582281861 108.97685724293306 334.84403401685904 95 143 107
101.13217846980162 109.00932646523322 334.986436589933 96 144 108
101.71459207675052 109.04182859236944 335.1289682376875 88 136 100
-206.77465531124827 115.96487470354852 356.2615423448362 0 2 0
-206.37617866782745 116.03570786182793 356.57050574715777 0 2 0
-205.97699318355794 116.10665526581934 356.88002399970765 0 2 0
-205.57709745146056 116.17771721386448 357.19009817189476 0 2 0
-205.176490060173 116.24889400576065 357.5007293362251 0 2 0
-204.7751695938967 116.32018594276644 357.8119185683453 0 2 0
-204.37313463234176 116.39159332760767 358.1236669470854 0 2 0
-203.97038375067427 116.46311646448385 358.43597555450276 0 2 0
-203.56691551946108 116.53475565907367 358.7488454759244 0 2 0
-203.1627285046168 116.60651121854153 359.0622777999924 0 2 0
-202.75782126734734 116.67838345154317 359.3762736187059 0 2 0
-202.35219236409773 116.75037266823225 359.6908340274674 0 2 0
-201.94584034649523 116.82247918026597 360.00596012512483 0 2 0
-201.53876376129554 116.89470330081119 360.32165301401665 0 2 0
-201.13096115032633 116.96704534455087 360.63791380001675 0 2 0
-200.7224310504332 117.03950562768969 360.9547435925786 0 2 0
-200.3131719934231 117.11208446796078 361.2721435047802 0 2 0
-199.9031825060096 117.18478218463122 361.59011465336863 0 2 0
-199.4924611097558 117.25759909850846 361.90865815880596 0 2 0
-199.0810063210186 117.33053553194631 362.2277751453133 0 2 0
-198.6688166508931 117.40359180885132 362.54746674091695 0 2 0
-198.25589060515583 117.47676825468893 362.8677340774939 0 2 0
-197.84222668420733 117.55006519648929 363.18857829081674 0 2 0
-197.42782338301683 117.62348296285364 363.51000052060067 0 2 0
-197.01267919106402 117.69702188396063 363.8320019105476 0 2 0
-196.59679259228253 117.77068229157236 364.1545836083939 0 2 0
-196.18016206500323 117.84446451904066 364.47774676595634 0 2 0
-195.76278608189526 117.91836890131317 364.8014925391763 0 2 0
-195.34466310991007 117.99239577493967 365.1258220881695 0 2 0
-194.925791610223 118.06654547807845 365.4507365772706 0 2 0
-194.50617003817482 118.14081835050246 365.7762371750795 0 2 0
-91.1195407759422 120.94045757449581 373.39693641097386 255 121 146
-86.14970284193411 120.16991272203673 374.9296148798387 235 93 103
-85.61190409304739 120.23445779804551 375.21421402574924 235 93 103
-82.14801289214667 121.30668266121204 376.26219710989324 206 81 88
-58.45538242272447 122.07134843825045 376.2072606420234 14 77 78
-20.767409588573152 115.58367674640087 359.78831446311403 0 81 83
-10.336037847777725 114.53002970692103 357.2394084852451 8 130 172
9.014436901857843 106.85115487349962 329.75690710804355 78 116 97
9.095494005107414 101.55715405991427 317.10040241644697 98 136 117
9.605823357543045 101.58132757372233 317.23183190701906 107 148 126
10.136703320772032 101.73544232937195 318.595361895479 121 162 140
10.649884523925998 101.75995080972945 318.7291023265187 137 186 161
27.09904478353296 106.61087060923188 332.2764416232209 62 103 98
31.74263148244416 103.97243821379506 325.70515008732156 90 146 107
32.277066644615786 103.9998744333243 325.84615453476977 90 146 107
50.66557015165868 101.28876822884143 313.0453413666283 110 166 127
51.18573955995519 101.31143188465137 313.16163494597976 108 164 125
100.51540059886102 109.2164318503173 334.7716930967355 96 144 108
101.09715903736145 109.24900487800339 334.9140360197264 95 143 107
101.67944818417996 109.28161087595868 335.0565079348184 90 138 102
-221.6197943045086 110.1388358286272 335.02397189741595 0 2 0
-221.2530972069061 110.19751373259281 335.2871588711763 0 2 0
-220.8857840624562 110.25627602020036 335.5507938681249 0 2 0
-220.51785376903393 110.31512287812879 335.81487767501267 0 2 0
-220.149305223188 110.3740544940755 336.0794110792098 0 2 0
-219.78013732010047 110.43307105675989 336.3443948687343 0 2 0
-219.41034895354557 110.49217275592885 336.60982983228246 0 2 0
-219.03993901584994 110.55135978236036 336.87571675925943 0 2 0
-218.66890639785117 110.61063232786859 337.14205643980847 0 2 0
-218.2972499888567 110.66999058530818 337.4088496648426 0 2 0
-217.9249686766019 110.7294347485789 337.676097226074 0 2 0
-217.55206134720947 110.78896501262972 337.9437999160461 0 2 0
-217.17852688514634 110.84858157346342 338.21195852816317 0 2 0
-216.80436417318273 110.90828462814162 338.4805738567231 0 2 0
-216.42957209234862 110.96807437478834 338.74964669694646 0 2 0
-216.05414952189219 111.02795101259484 339.0191778450101 0 2 0
-215.6780953392368 111.08791474182455 339.2891680980785 0 2 0
-215.30140841993784 111.14796576381659 339.5596182543343 0 2 0
-214.9240876376394 111.2081042809908 339.83052911301195 0 2 0
-214.54613186403196 111.26833049685237 340.1019014744291 0 2 0
-214.16753996880664 111.3286446159954 340.37373614001854 0 2 0
-213.78831081961377 111.38904684410839 340.6460339123615 0 2 0
-213.4084432820176 111.44953738797777 340.9187955952201 0 2 0
-213.02793621945142 111.51011645549268 341.1920219935698 0 2 0
-213.80208889150447 114.95902632513496 350.7042398431157 0 2 0
-213.41625764575423 115.0280531340424 351.0032016423389 0 2 0
-213.02974249242962 115.0971893638608 351.3026991345708 0 2 0
-212.6425420939617 115.16643528856511 351.60273334076675 0 2 0
-212.25465510933026 115.23579118348238 351.9033052842282 0 2 0
-211.86608019401348 115.3052573252974 352.20441599064316 0 2 0
-211.4768159999383 115.37483399205945 352.50606648812663 0 2 0
-211.08686117543058 115.44452146318761 352.80825780726127 0 2 0
-210.6962143651631 115.51432001947663 353.11099098113596 0 2 0
-210.30487421010704 115.58422994310394 353.41426704538964 0 2 0
-209.9128393474795 115.65425151763402 353.71808703824934 0 2 0
-209.52010841069236 115.72438502802552 354.02245200057234 0 2 0
-209.12668002930198 115.79463076063688 354.3273629758869 0 2 0
-208.73255282895713 115.8649890032322 354.6328210104348 0 2 0
-208.33772543134728 115.93546004498745 354.93882715321155 0 2 0
-207.94219645415058 116.00604417649633 355.2453824560092 0 2 0
-207.54596451098152 116.07674168977596 355.5524879734559 0 2 0
-207.14902821133975 116.14755287827377 355.86014476306195 0 2 0
-206.75138616055554 116.21847803687207 356.1683538852578 0 2 0
-206.35303695973985 116.28951746189598 356.4771164034401 0 2 0
-205.95397920572805 116.36067145111723 356.78643338401076 0 2 0
-205.55421149103006 116.43194030376229 357.0963058964229 0 2 0
-205.15373240377454 116.50332432051653 357.40673501322067 0 2 0
-204.75254052765692 116.57482380353197 357.71772181008515 0 2 0
-204.35063444188526 116.64643905643189 358.0292673658756 0 2 0
-203.94801272112576 116.71817038431784 358.3413727626735 0 2 0
-203.5446739354503 116.79001809377515 358.6540390858255 0 2 0
-203.1406166502798 116.86198249287916 358.9672674239879 0 2 0
-202.7358394263325 116.93406389120156 359.28105886917086 0 2 0
-202.33034081956717 117.00626259981594 359.59541451678047 0 2 0
-201.92411938112954 117.07857893130426 359.91033546566393 0 2 0
-201.51717365729687 117.15101319976293 360.22582281815454 0 2 0
-201.1095021894224 117.22356572080844 360.54187768011514 0 2 0
-200.7011035138814 117.29623681158442 360.8585011609829 0 2 0
-200.29197616201387 117.36902679076667 361.1756943738139 0 2 0
-199.8821186600704 117.44193597857029 361.49345843532865 0 2 0
-199.47152952915545 117.51496469675477 361.8117944659566 0 2 0
-199.06020728517123 117.58811326863122 362.1307035898807 0 2 0
-174.0008879177794 161.22501823246503 491.57602878004053 13 45 75
-173.45296456436546 161.4203840779486 492.2787557183718 15 45 75
-97.89390732939455 122.22108941291035 378.30070815593143 252 115 126
-97.36172155371369 122.29084448457749 378.5998861599605 253 116 127
-91.65437805246462 121.1380706640551 373.0152851156381 249 103 126
-91.12308460071927 121.20433250136594 373.2982626970893 255 115 138
-90.59102941078116 121.270695928706 373.5816435833814 255 114 136
-82.69608486445846 121.50637178026648 375.87700792531905 208 81 86
-81.18244384072504 121.07071569460969 372.01060965692284 208 81 86
-66.7854621369214 121.3680988241241 372.04545624687455 80 28 35
-73.42293835730207 141.6815795729228 432.5012428403891 18 0 0
-58.46508889343894 122.33652725645199 376.1083598021477 5 40 41
-57.98463375787068 122.47320036213405 376.8649921508051 14 49 50
-44.625599571676005 117.60030345996245 361.8308064964425 0 117 124
-21.346795837894142 115.79071030031014 359.48008770346746 0 87 90
-20.785078295454177 115.8402641658814 359.7013205999249 0 84 87
-20.222688355412142 115.88988902868637 359.92281469963757 0 75 78
9.52578698514731 107.12052453904803 329.84021311819885 60 96 80
9.58591315419477 101.81188475036518 317.16866633335303 77 115 98
47.676366477045065 100.30130004967221 310.14107383082336 117 185 154
47.75134517872941 99.61660576940457 307.3320050526856 120 182 146
50.64142426239205 101.51549910853531 312.98394436501894 113 171 130
51.16150737616479 101.53825149060255 313.1001959141202 107 165 124
51.68200145438438 101.56103008088941 313.2165373008306 103 159 118
65.4322907172777 109.36727386023492 340.64469389949767 0 15 3
97.28459691087704 111.11124802602436 338.51381987711903 100 148 112
101.06238273678753 109.48871820545028 334.8416893041798 93 141 105
101.64454871203358 109.52142795831809 334.98410185157275 92 140 104
-205.93122325199477 116.61460504400956 356.69265907583446 0 2 0
-205.5315836559769 116.68608082497576 357.0023298313305 0 2 0
-205.13123297191908 116.75767209079997 357.31255680504455 0 2 0
-204.73016978299273 116.82937914452641 357.6233410727066 0 2 0
-204.3283926678853 116.90120229067577 357.9346837132204 0 2 0
-203.92590020074644 116.97314183525118 358.24658580870795 0 2 0
-203.52269095113326 117.04519808574389 358.559048444551 0 2 0
-109.86976687260422 125.91703023546319 386.12763187306695 255 170 162
-108.18238573802593 124.78537848190682 384.4036286601468 255 174 160
-105.15494222243076 125.05792308081438 382.68623020782957 255 171 161
-101.9833025403635 123.40466526324632 379.87172863773145 246 119 124
-91.65796791870473 121.40173841965787 372.9166606309053 242 96 117
-91.1268174891471 121.46818819519801 373.19948668549097 255 112 133
-83.24326818977165 121.70576796232446 375.4924321058189 223 87 93
-82.70234465171578 121.77223838760546 375.7770821665913 216 84 91
-66.79316296635582 121.63056666184171 371.94857586288236 98 38 46
-56.89665625251255 119.28577272002863 365.8579136523332 24 23 27
-44.40865286004766 115.54501576898713 355.1618677124221 8 120 125
-43.867193243666186 115.59488457845134 355.382785260174 0 119 126
-21.36439663123504 116.04716589735663 359.3931633086442 1 91 94
-20.802800991097428 116.09687460100614 359.6142968534868 0 86 89
-20.240533022387385 116.14665451536389 359.83569150632434 0 77 79
18.47460524830092 114.15869690336415 348.989006249929 0 9 1
19.04239390137923 114.20208852502493 349.1760309153722 0 8 0
29.619236225144274 110.3402738452118 335.58821812372884 58 99 103
32.20753013766331 104.8571441762562 318.5999333038258 101 158 124
35.12990647520625 99.3408337865394 304.60030899460924 118 180 142
35.94399486497556 100.04412233940975 307.52137728563315 122 185 144
47.652925313390085 100.52656236322211 310.0811964893511 118 184 153
95.48497120141765 111.87431376450378 344.1350471903655 96 134 104
96.3905268789803 109.46715452237052 333.6351900374096 100 148 112
102.19246781984874 109.79412691319945 335.0542321704141 91 142 105
125.63584940829314 125.74277142230618 385.52442553980023 0 6 0
143.18105426187694 141.16113328117228 430.71814564392565 0 4 0
-220.09998050041187 110.85635859805724 335.9185517263502 0 2 0
-219.73104509934484 110.91574148975991 336.18320170363853 0 2 0
-219.36148980474923 110.97521003293795 336.44830219511357 0 2 0
-218.9913135073482 111.034764419547 336.7138539909491 0 2 0
-218.62051509637502 111.09440484258616 336.97985788205585 0 2 0
-218.24909345953134 111.15413149610222 337.2463146601131 0 2 0
-217.8770474829457 111.21394457519422 337.51322511759656 0 2 0
-217.50437605113223 111.27384427601771 337.78059004781034 0 2 0
-217.13107804694934 111.33383079578978 338.04841024491884 0 2 0
-216.7571523515567 111.39390433279259 338.3166865039758 0 2 0
-216.38259784437423 111.45406508637896 338.5854196209569 0 2 0
-216.00741340303892 111.5143132569761 338.854610392791 0 2 0
-215.6315979033625 111.5746490460902 339.1242596173907 0 2 0
-215.25515021928842 111.6350726563113 339.3943680936855 0 2 0
-214.87806922284955 111.69558429131713 339.6649366216531 0 2 0
-214.50035378412343 111.75618415587772 339.9359660023503 0 2 0
-214.1220027711906 111.81687245586056 340.20745703794773 0 2 0
-213.74301505008947 111.877649398234 340.4794105317601 0 2 0
-213.3633894847731 111.9385151910721 340.7518272882796 0 2 0
-212.9831249370649 111.99947004355919 341.02470811320836 0 2 0
-212.60222026661492 112.06051416599443 341.2980538134919 0 2 0
-212.22067433085428 112.12164776979564 341.5718651973517 0 2 0
-212.97997212397317 115.59763200110497 351.12210029767436 0 2 0
-212.59301767051412 115.66728054628511 351.4217447960162 0 2 0
-212.20537721790834 115.73703967304911 351.7219262573506 0 2 0
-211.8170494204806 115.80690965970955 352.022645707627 0 2 0
-211.42803292900723 115.87689078595136 352.3239041752145 0 2 0
-211.03832639066727 115.9469833328382 352.6257026909415 0 2 0
-210.64792844899168 116.01718758281827 352.92804228813753 0 2 0
-210.25683774381244 116.08750381973006 353.23092400267194 0 2 0
-209.86505291121296 116.15793232880895 353.53434887299704 0 2 0
-209.47257258347577 116.22847339669248 353.838317940186 0 2 0
-209.07939538903224 116.29912731142701 354.1428322479771 0 2 0
-208.68551995241106 116.36989436247303 354.44789284281217 0 2 0
-208.29094489418594 116.44077484071185 354.75350077387986 0 2 0
-207.89566883092513 116.51176903845104 355.05965709315643 0 2 0
-122.31661517204603 129.10162835182516 393.9766972486471 235 121 117
-122.64196216294177 130.81038996161564 397.2583381113793 223 109 105
-119.52308988319975 128.84531258974332 393.1874010696872 255 172 162
-105.238538905839 124.75600805775902 382.7032591099903 255 175 162
-100.60666774069905 126.38036301402185 382.0915065357915 249 113 121
-100.0720609827761 126.45806277522028 382.40189481135434 251 111 123
-99.53663068859079 126.53588793423924 382.7127589574954 251 111 123
-94.96313411560867 122.55390890215452 374.10689078247077 255 113 126
-93.77819907146964 121.39985128277222 371.69124592675666 255 112 128
-93.25021991359586 121.46608352348605 371.972317726187 240 95 111
-91.66174729933518 121.66538719053179 372.817933496889 236 86 110
-82.44756911021197 124.1829038187986 377.77689918831715 220 84 90
-81.90294591027268 124.25370159855393 378.06678232101325 210 83 88
-46.29797836557542 117.95070490371158 360.9479077123316 11 100 108
-45.749543535944 118.0050535475808 361.18217982614976 12 109 117
-44.42141061806479 115.79811727443943 355.0761922587376 15 112 120
-43.880073525977075 115.8481387381146 355.29700793434216 10 119 125
-42.06815974780942 115.87086055821953 354.6044490635912 5 122 127
6.370158224738543 129.9279649547201 395.30264551569536 0 5 0
11.44972257427024 106.85260345906131 322.94592226920895 53 88 78
11.97100446489131 106.88333037496125 323.0869573988793 63 99 93
14.314110217621254 97.90549556146111 297.0602642028363 0 8 8
29.547023882774788 105.43755856802127 324.1651426181216 56 102 106
30.078043646695743 105.46614814060571 324.3041358517221 68 114 118
32.18613865946044 105.08628877720015 318.53491275130494 107 163 132
34.67602973058947 101.27134866115054 309.30359487135314 116 178 140
35.92247697396824 100.26746707271315 307.46240369473117 121 184 143
36.427253373691336 100.28825497456812 307.5727609495533 122 185 144
49.0482478508664 100.15926393645346 302.77016071605175 111 169 128
49.549645787886135 100.17932555592192 302.8710331087754 109 167 126
50.051400757058644 100.1994093903676 302.97197541122785 108 164 123
94.85346928958148 112.0840417648182 343.8994706953648 53 85 62
95.45061254767697 112.12083009098743 344.0586894641788 80 115 88
126.28599239974798 126.07338676547312 385.65589781855726 0 6 0
-304.17522444005107 103.97905922227234 313.91729402323415 0 1 0
-303.71702392519956 104.09404633729841 314.4491776748132 0 1 0
-139.07716964982515 136.87252721362924 413.56130374716963 221 133 123
-122.62720576838885 130.51054469463105 396.9788490559367 222 113 107
-119.51889340935182 129.12002866827024 393.0732768689538 255 175 162
-111.2103535890142 126.51433693298976 386.22084292190596 234 115 113
-97.07700075755197 122.54298004408783 372.8615965423245 252 113 122
-95.4945677372161 122.74895149466991 373.7200397404453 253 110 123
-94.96555846456754 122.81781997002867 374.0070138746356 254 111 124
-93.78160300617026 121.66273127796488 371.5930174102418 255 113 128
-91.66571584864181 121.92901737988066 372.7191037658767 228 78 100
-82.99543973634424 124.37759671029592 377.3859592562177 236 94 102
-82.45175311716605 124.44847414919128 377.67526864681025 230 88 96
-81.9072761928048 124.5194623219516 377.9649957002115 217 85 90
-57.16931040967454 116.56622106182513 356.1866655615045 113 59 62
-56.60096256139016 117.18595898051734 356.4631663614723 110 59 61
-46.85790048332824 118.15265082067023 360.6246764332093 0 59 65
-46.31027132132847 118.20708199472185 360.85855137961073 0 68 74
-45.76196394989075 118.26159100289601 361.09271256413996 0 79 85
-44.43427400671639 116.05123491558699 354.9904655148605 6 86 92
-42.705943738127395 116.18257525354063 354.93393954454456 10 118 124
-42.0810944765772 116.12345183108948 354.51900885293355 10 118 124
-41.53906575000305 116.17349955445586 354.7377987933595 5 121 129
32.217588404938446 107.12919772869402 324.1758402525159 106 157 146
32.16482288330819 105.31547854081165 318.4699001796787 111 167 140
35.688140342215796 101.19493846747172 309.8929136930847 119 181 143
36.197078172560765 101.21683269697802 310.0071901353984 118 181 140
36.51343092026239 101.91300416272196 307.7475236273499 121 184 143
49.02604192526824 100.37821222558114 302.7124976772966 113 171 130
49.527357094691745 100.39835102124744 302.81333394191694 111 169 128
50.02902922658628 100.41851209104047 302.91424008725954 113 169 128
50.5310589105765 100.43869542418557 303.0152162402629 104 160 119
104.50307327492578 137.4663920162932 414.86592237261254 0 3 0
95.4164835196826 112.36738431979599 343.98238653669 53 86 60
96.0140965168454 112.40432905344105 344.1416961034802 77 110 84
143.86746839655913 141.8448693095456 430.7878829975573 0 3 0
-191.5733031211991 166.98159297749842 501.8081707686819 5 45 74
-187.13647803034235 164.5206390122373 496.38916299858107 1 41 70
-186.6083376832801 164.72831614347763 497.123876591359 1 41 70
-139.39374443636416 136.96711779888187 414.2953749073741 227 136 127
-122.96773904761149 130.62731869058265 395.94258559583676 234 129 122
-122.43961088482723 130.71826442429574 396.3026066191066 220 115 108
-97.60485894568755 122.73747627917066 372.47706250701015 250 108 118
-97.0790492803895 122.80611183543245 372.7622324416865 254 112 122
-95.49704322378562 123.0126510773878 373.62021149011343 253 108 122
-82.99965344275465 124.64295969274119 377.28438891019795 241 94 104
-82.45611206806844 124.7140273926542 377.5735428696707 232 85 95
-81.91178053435918 124.78520612093551 377.86311429705046 223 87 93
-69.35566809879694 122.22079361233246 369.450304396322 155 63 63
-57.680129520551525 117.33311809620626 355.9192194260023 132 59 64
-57.14587728558945 117.3861926127953 356.1473903515287 132 59 64
-48.75865667941862 117.9043081221837 354.04675209405843 31 43 47
-48.217049024565775 115.95402761730091 353.3675860371362 9 42 46
-42.09412983477392 116.37606064451298 354.4335195345616 11 100 108
-41.55222152278911 116.42625977729561 354.65220949572614 5 110 115
35.666547472897314 101.4200796990356 309.8328578170353 119 181 143
36.175408163783146 101.44206130306632 309.94709479037994 119 181 143
36.684661409633 101.4640691606152 310.0614176204073 123 185 147
36.88931824263949 100.75624356853146 307.56512139103074 123 186 145
49.505185998647875 100.61742407117053 302.75564805019803 108 168 126
50.00677649937638 100.63766233425468 302.8565183029373 113 169 128
50.50872448113076 100.6579229187414 302.95745853430395 109 165 124
51.01103053123557 100.67820581313657 303.0584688709251 104 157 117
-187.0989184214769 164.84735790298694 496.1851546971683 1 41 70
-186.5709586266019 165.05543390203704 496.9192311348614 1 41 70
-139.00955109896879 136.84605108931638 413.04769323502967 229 143 132
-138.48199047746948 136.95541328566708 413.4663484084181 211 125 114
-134.5495075992911 134.79566054431803 405.7544529333739 213 126 113
-127.98304834762297 133.13437065553575 399.7190322459954 241 136 129
-128.83949458576745 136.01245060338638 406.6444400888486 255 162 153
-128.30636628754263 136.11690133241248 407.03786897089054 255 165 156
-82.46064565032395 124.9795639713724 377.47172188076627 238 95 101
-75.83411744419784 121.7168905654882 366.2174037794221 208 83 90
-75.60119755652224 121.72379291397984 367.77289712133614 205 80 87
-70.99035210808105 122.28901486740934 368.5653363707027 178 69 73
-70.44852643136764 122.35305487924069 368.8279622612586 173 66 69
-58.84691111391651 117.4391660140264 352.83664198860436 157 66 73
-58.89087668440431 117.60167240769309 356.1320776553429 157 68 74
39.11158727428907 116.61907494127719 354.5541048078065 109 168 133
57.05142787234518 110.30521780439405 332.8634459977615 102 150 112
-210.85442059007852 168.9124317724086 502.96799663037115 1 38 66
-209.3566449459964 168.13341650759853 503.1380618351106 0 35 63
-208.72022141834654 170.1775292518104 505.79113071058447 0 34 64
-198.60847766764863 169.41038011716773 501.1841040277581 2 42 71
-134.53959845566322 135.07646079448497 405.6297943500146 208 121 108
-99.44308647602485 126.0744782413759 379.41350889681667 249 110 119
-89.20621461733231 124.24807244324771 368.1054105652011 255 136 157
-76.37411025708899 121.91214527489859 365.8638717366161 224 88 94
-76.14407319998571 121.92022719690425 367.4150232399213 216 84 89
-49.218608065559735 116.7163297577151 348.9190363423951 125 69 73
-48.688493764791964 116.76631584509772 349.1289870386099 112 72 75
-47.954540645360886 116.7455690953092 348.0354603258187 110 70 73
116.71957287970845 127.11978623295082 378.63226327764085 94 145 108
117.3973156315377 127.17896858623119 378.85160617168725 92 143 106
118.07588401148557 127.2382260393414 379.0712153457251 92 143 106
118.7552794272157 127.29755862862817 379.2910912819619 99 142 108
-212.44046259153276 168.1757609394996 497.15961269681844 3 32 60
-211.95989669337516 168.40044553737616 497.92603893017315 6 35 63
-204.36847675861168 164.3509292747437 483.9112678153602 2 37 66
-208.66972521602068 170.5065343926198 505.57640223637395 0 34 64
-198.5616624932345 169.73687993738665 500.9758161088384 0 40 69
0.5095659562771516 101.22035107132591 300.55821070702103 0 4 1
11.307887810976709 112.97901890597558 335.1643631787671 0 4 14
59.11183397778032 102.08130390943363 304.8619117630034 8 24 13
117.35449664351513 127.44457828197184 378.75488156155285 95 146 109
118.03288804836548 127.50398390615094 378.9743831192043 97 148 111
118.71210600963892 127.56346479398633 379.194151231819 104 147 113
-212.3890396043815 168.50004755405223 496.95249080209305 1 30 58
-198.51512539883902 170.06315145238543 500.767207353692 0 39 68
-126.33569319431945 136.15933486882068 400.77929181033016 255 140 139
-110.56592996303118 130.3666592169204 388.299430394522 255 139 136
-89.86712634080568 127.12572117454725 377.89277659282254 255 115 131
-86.49756477724297 126.40400200893527 374.0498454308892 251 111 127
-69.17035841852086 120.20054486876865 358.8440823534227 228 90 94
37.34576934396596 102.53481665077636 307.2507048068147 120 180 140
119.34909279210159 127.88910621673335 379.31723128594473 97 140 106
120.02979122499333 127.94888616980396 379.53742629827553 104 140 108
120.71131993074549 128.0087416155594 379.7578890977295 96 132 100
122.07687373839794 128.12867911576302 380.19961997276886 31 57 33
122.76090162415099 128.18876123376188 380.4208890045506 0 17 1
137.36471326532205 136.0829152078737 401.45867582054103 0 3 0
-126.32514687432634 136.43549047704047 400.65848036517093 251 120 122
-114.23159125236116 130.3794995536212 385.8596603092684 255 178 160
-88.7440045464864 126.03773294179747 373.12894294441395 254 111 126
-86.49925577106491 126.6659962220781 373.9492538165061 254 111 126
37.74800617060594 104.51841095652861 310.3170872661828 121 181 141
53.4859268338846 103.87861882741163 306.13640943056197 100 148 112
53.9952293776684 103.90187439891457 306.2419402521082 92 140 104
-316.9701929839614 110.57749626836166 322.99430760689216 0 1 0
-213.24293159141789 168.69815057606772 495.0154405414822 0 4 27
-212.76569970405995 168.92269119520418 495.775187102026 3 14 37
-196.84431676788282 170.9794355444082 500.51435932238854 0 38 67
-129.47263958195927 136.09946712072585 398.29898893107907 231 101 105
-126.84349074923023 136.60909901236823 400.1627583791488 235 100 103
-127.1702363646787 138.96829951681048 403.5070977803668 240 105 108
-105.92759162319706 129.11011724209482 380.6612831355791 251 121 127
-97.47899253343608 129.64038309339517 377.01645386633936 242 106 112
-96.94731486209312 129.72050215346732 377.313299581586 242 106 112
-89.9995261466478 127.59350580884335 371.267852958337 255 112 128
-88.40411221698879 127.81722391969754 372.1057466658816 253 108 122
-61.13157549345526 119.29599695782939 352.4878942291983 241 95 102
-60.60391923752513 119.35054879604456 352.71053153622717 242 99 105
-60.07563271016682 119.40517471951925 352.93343182329596 243 100 106
-56.43490660069891 118.52325830655077 348.28353834707747 232 98 103
-22.860815024882125 111.84193262934959 331.06576580567105 0 102 128
37.72733728998541 104.74260031947543 310.25564822649653 121 181 141
40.185733741656904 106.26100763868142 309.264658022743 130 193 148
52.95495285820547 104.07606684456363 305.97112311981374 99 150 113
53.463796939024604 104.09937686625685 306.07654015216553 100 147 114
53.97301608960795 104.12271174303768 306.18203297472155 93 140 107
54.48261091103053 104.14607146325301 306.2876017217755 93 135 104
74.77282338260834 121.62875076775146 355.90841426861414 0 4 0
75.38339182129167 121.67856933506071 356.0943552405521 0 3 0
135.14870338868852 138.20019836490945 404.53637753893895 0 6 0
-253.39069107470007 90.87827766750418 266.1704533084945 0 1 0
-210.24143877797772 175.77129344326588 511.3468279458182 0 37 67
-197.31024917134016 171.07845810945014 499.5460045907409 0 36 65
-187.71533821736645 171.16973195358025 499.94221310864316 4 41 71
-187.18567326062512 171.39343833573983 500.69218808081723 5 42 72
-129.9844656329903 136.27250659974166 397.80874495903373 221 91 95
-129.4616060434106 136.37411000206515 398.17927503330117 229 99 103
-126.8312676258548 136.09045074325007 397.9800772567036 236 102 107
-126.09196094343893 136.79035084481185 397.8480643417931 232 96 102
-125.5648086731028 136.89229060609048 398.2161537450817 238 102 108
-97.47568845471125 129.9025095775311 376.91296474122606 244 112 117
-96.94415675734322 129.98281717716563 377.209644192272 242 110 115
-90.52843678556972 127.77792243439146 370.89003190463853 252 98 110
-88.40329461957424 128.0767054530502 372.00582993027825 253 106 118
-85.42927565435555 127.33707167945285 374.314385198455 254 111 124
-60.66339711866292 119.93462590008069 350.1114557782633 248 102 109
-43.58678049327572 119.58069632435932 348.6725445374229 87 50 57
52.401495188066136 103.94131196394909 305.77312337151506 104 155 118
52.93303041355445 104.29679495595401 305.91130664134 101 152 115
54.74971576750363 104.0788607880831 305.06817106844306 89 134 102
103.66017328358892 124.47348970418301 360.6639513439147 0 7 0
-140.41141659542748 140.79702627005705 409.3587842605888 215 138 133
-139.88623469694215 141.21544540906302 411.64338706966254 237 155 145
-130.73224873141191 139.7961650310149 402.34232348049164 228 101 104
-125.76821914195813 136.56721038804378 398.5984598816754 241 107 112
-98.00317459371527 130.08423790630474 376.51329158426904 246 135 130
-97.47258002600911 130.16460870022556 376.809365519986 250 121 122
-96.94119355578879 130.24510501031202 377.10587910030256 241 112 113
-90.5272377976085 128.0366685753744 370.7906206718497 251 95 108
-88.9349372860863 128.26112439799417 371.62642492356736 254 103 114
-88.40265957851696 128.3361687437642 371.90581446494207 254 103 114
-60.66981493093247 120.18203899756153 350.02604414533965 248 101 108
-56.974861562261914 118.96430694831679 347.90430400379176 246 99 106
-49.628028302356796 118.7630402383606 347.38589036865613 208 87 93
-49.100130785745606 118.81461015481962 347.59323923198593 207 86 92
-48.62738758587571 119.8906055574727 348.55075016804557 197 85 94
-48.17842549506597 118.9751514072911 348.8752584517588 194 82 91
-47.647635678818155 119.0271540926763 349.08517365360933 185 84 94
-46.96576001278049 119.82389921300053 348.64628907857724 179 78 88
-46.434442592412644 119.87705714709647 348.8552618291069 169 80 90
-45.90251951268083 119.93028553002317 349.06446957369354 166 77 87
-45.31606798783513 118.85779964530735 348.4399105468489 143 72 81
-44.784180462269056 118.90933971146121 348.64782024149986 132 61 70
-44.12862941809928 119.7742505401125 348.38115548227603 112 62 70
-43.59600061832015 119.82706959521175 348.58849575069763 103 53 61
52.80561177377933 104.36206004075106 305.22238659040113 105 155 121
54.72776756488454 104.29903539431679 305.0087222462799 90 135 103
56.75975458378821 105.91293059177787 304.9649955783472 70 105 78
57.26831838352182 105.93776251276003 305.068318308895 67 99 76
114.87540720749033 138.27353419088257 399.7281905912511 0 7 0
101.45769648714631 117.53084097258157 337.77583441897514 104 147 113
-194.12150578904763 171.7666624162614 497.5477804567031 1 41 70
-128.34277085656143 138.55711214225028 400.7108138227673 227 100 105
-114.52071774943336 133.87547577516463 386.93596960241393 255 166 158
-113.9934443660338 133.967039400967 387.2679843762434 255 161 156
-98.00011707897633 130.34612142475603 376.4097476453867 254 147 141
-97.46966682105325 130.42668081415462 376.70565632449757 254 130 132
-96.93842483379304 130.50736600699867 377.00200442535214 242 118 120
-60.67636858708328 120.4294632001937 349.9405677997097 249 103 110
-56.45873803004828 119.26366732188882 348.0315490138644 248 102 109
-49.165222466013105 120.0834602240299 348.25740339609337 212 90 93
-48.6357363166387 120.13690823078224 348.4664813080949 206 90 96
-47.50513128379098 120.01712865802654 348.3534118603276 193 85 93
-46.974536262513645 120.07035752079625 348.5620537107588 191 83 91
-46.44333691268886 120.12365682759659 348.77092998990213 181 84 95
-44.66974270764458 119.96761337008799 348.09013879343274 145 63 71
-44.13783421499798 120.02050287971902 348.29715249737313 130 69 74
-43.60532316025653 120.0734623132016 348.5043974560852 119 58 63
-43.07220826538322 120.12649185463084 348.71187414841756 86 49 58
36.65889145786818 117.25166322019517 341.9043063223006 51 107 119
53.18493198520054 104.44984390406067 304.63855066516925 102 153 116
102.60205337230143 117.85045530561891 337.99512428525946 102 148 113
-129.64960933318994 140.56667587693678 402.86370437576153 232 114 114
-129.1211246790439 140.67700863141587 403.2483007388042 225 101 103
-114.51356715417796 134.14326081374566 386.82444671065707 255 143 142
-97.56227435371801 132.28493155713974 377.2830430514517 255 137 135
-97.03024845946659 132.3688128552739 377.58100160777786 243 124 122
-73.11810422951478 125.39043522992104 361.40411343955805 255 111 120
-72.67832423592888 124.96493547048054 361.9191904630884 253 109 118
-72.14595304866485 125.03029608973885 362.168147861109 252 108 117
-67.36763573908786 125.81423363537256 364.6992572326533 252 105 115
-62.737683808247326 125.30666764064335 358.89933703530465 251 105 112
-60.68305786533132 120.67689892392741 349.85502670222616 252 106 113
-48.11422499849188 120.43688872438572 348.5913750658208 205 84 90
-46.27070760444475 120.05507429674115 347.3868062507846 185 82 93
-45.7407156318077 120.10789495218982 347.5930344618309 180 77 88
-45.21012494831324 120.16078515904007 347.79949242536964 163 74 82
-44.67893429288112 120.21374510120495 348.0061806131616 153 64 72
-44.14714239902943 120.26677496278863 348.2130994991806 140 72 78
-43.61474799487503 120.31987492808581 348.4202495596171 131 63 69
53.16347341237839 104.66988588208346 304.57924037187865 102 152 118
102.56878457741075 118.08932604233352 337.9186874181731 106 149 115
-137.37143867049642 140.78493418233577 404.2398436328281 244 141 138
-130.16335137652712 140.73190281642428 402.3564734195696 247 137 136
-129.63599131833516 140.84226423195904 402.7401224349338 238 128 127
-129.10766502223805 140.95283005084173 403.1244733029535 232 114 116
-114.50663215800826 134.41100076562756 386.7127913817455 246 113 115
-113.97965873863258 134.50298098456364 387.0444132562376 241 110 112
-97.55730306406261 132.54599316704662 377.17861689663357 255 142 138
-92.94638222524968 132.88615717466024 378.24591776127346 227 72 82
-86.07882831751246 130.51473417568926 374.64754347091207 254 103 114
-85.72925286612102 130.68986386598132 375.71050945086586 255 104 115
-84.97507394226704 130.11346990003054 374.9647918293131 250 102 112
-82.26627657641099 128.49063510616722 370.8732551820787 255 109 121
-74.32367269787744 125.21007389133116 361.3486657551123 254 110 119
-73.79318314575379 125.27567928311227 361.59717010472286 253 109 118
-67.52733968210188 126.40198280628049 362.6349173022095 253 106 116
-66.12178127269738 125.27986126759544 358.3083132406508 252 105 115
-65.57771621160728 124.40907053955151 358.2102106926576 253 106 116
-58.017202967231505 121.53194361154446 347.74350436469973 251 104 114
-46.808936468431384 120.24791453065149 347.09717549541944 204 85 92
-46.27965727947371 120.30080561172643 347.30308032284603 193 85 95
-45.74978068008147 120.35376623833791 347.5092143564892 189 81 91
-33.770202925637165 121.50260359121013 345.8602293286054 0 68 82
105.85775779274802 122.3898047736256 346.81399580686235 102 142 113
-137.35688273310802 141.06173082201275 404.1143702938879 229 116 119
-130.14980732501675 141.00718907571752 402.2329779464649 248 145 140
-129.62260480601586 141.1177832760239 402.61638228324665 244 141 136
-129.09443636922205 141.22858228658615 403.0004880078604 239 127 125
-101.32128445481862 137.7394717904428 389.33810338970744 255 164 154
-95.33407692792365 131.5385138158059 377.5799283778181 249 102 109
-92.94268456279529 133.14782804460356 378.14090621846094 224 69 79
-88.93365828511874 129.29808197859674 371.2259787151913 253 100 109
-85.54063756727999 130.85409428573703 374.83057720515086 255 103 112
-69.63202838642775 126.47691459809376 361.39019065364363 252 105 115
-66.1145622567233 124.597946588819 357.8820644783413 253 106 116
-65.46911900051144 124.78522473432281 357.6054672234489 254 107 117
-64.93726051403783 124.84833852981255 357.8416779663892 254 107 117
-58.02265516353956 121.77685549998897 347.65872744797116 252 105 115
-47.34644813081321 120.44056439970018 346.80790900364514 209 88 94
114.7006040742639 139.37773857205053 399.28632296588125 0 5 0
104.60770714346228 122.53964234601109 346.4076306735425 47 78 62
105.21502958919915 122.58641221956435 346.5699256363407 74 113 89
105.82295500634704 122.63323136326467 346.7323808982338 93 132 108
106.43148420928964 122.68009975865014 346.89499670070234 97 142 110
-130.13649470065457 141.28240617166162 402.1093242528349 249 149 145
-129.6094492291295 141.3932332850152 402.4924842563274 246 146 142
-111.1234730583204 134.2215474183076 381.603309394238 255 142 139
-110.31126892284722 134.4787927577779 381.03165964887677 255 155 152
-109.96225536152369 134.2150641846194 381.84114932616365 255 149 146
-109.43625117327933 134.30444294204156 382.15779227393426 255 146 143
-105.66683226614606 135.67294652098442 384.3298461151316 242 110 117
-103.64826916962889 136.8967059599958 388.36687057202414 255 148 143
-101.33655526663294 137.44002743273086 386.95657463291224 255 162 154
-101.31408044325255 138.00665455764732 389.22518311423613 255 163 155
-95.95077535252578 133.32175738497486 377.8631347601704 242 104 108
-93.95953801991699 134.91929421431706 382.19604400143066 221 68 77
-93.41872891083077 135.00758278558223 382.5045147382008 223 70 79
-88.2310564681076 129.7464893299007 368.4967397595177 255 107 115
-89.17241421622273 133.2091317329437 375.2145666851098 254 104 112
-88.63577967736379 133.2922825445807 375.50325753830396 251 101 109
-83.77570695169696 132.48626141109483 372.78937167171944 252 102 110
-82.35583410305439 135.4836710987563 385.4693037631759 253 107 114
-65.47391764245108 125.03642049760025 357.5145954449355 253 106 116
-64.94218466988629 125.0996906570206 357.7506900798329 253 107 114
-58.02823745840506 122.02178069495683 347.57388879545505 251 104 114
59.196444549584236 107.13246653979186 305.17924405181924 59 88 68
83.58248709117264 126.89039458069358 361.9542634100672 6 11 16
-130.12341293540933 141.55755437472766 401.98551267772666 249 149 143
-128.9413563638434 141.94952538004875 402.41725602900766 249 146 141
-122.12917318070701 139.20224942821002 395.11281603711865 255 163 155
-121.60081723444466 139.3056460595086 395.4717179907535 253 159 151
-120.1675239826772 138.9289444798139 392.989477855832 247 153 145
-119.63931831196487 139.03100368717483 393.3414698383584 251 139 137
-118.83739992965332 138.37101789097554 392.701806837397 226 114 112
-112.46812833320305 135.74156454702677 380.1469479024521 223 93 97
-111.64019972748936 134.39593361833832 381.1787710528192 255 151 149
-111.11648983481973 134.4855150375525 381.49480657997753 255 169 163
-110.30367598564573 134.7420029829658 380.92359936587604 255 172 166
-109.89124382002552 135.20654494315087 381.67538808004036 255 166 160
-109.36527378858453 135.29745281099656 381.99169290126366 255 161 155
-105.72544442118918 135.19998289020063 384.2782461845104 247 115 122
-100.89390187367019 134.94477388579904 380.3893748900318 253 139 133
-100.36123672280198 135.0335281742062 380.69729804992335 255 146 140
-93.95571143322918 135.18318233199614 382.088049336295 220 70 78
-93.41504933735774 135.27166419401286 382.3963452806063 219 69 77
-88.22971736854342 130.00306894974688 368.39787290951574 243 95 105
-87.70071670633688 130.07894289007737 368.66976588759513 243 95 105
-88.63222640100281 133.55173024446978 375.3998173123701 241 94 101
-81.78229663462614 132.7799416386987 374.44179414871707 254 107 114
-58.03394962911341 122.26671959833236 347.48898836999484 252 105 112
-41.58287462445484 122.78109708189773 349.93960991780835 101 44 53
57.13902065331924 107.25023032095785 304.7055673076609 79 121 92
57.6474338972977 107.27554445651063 304.8087345372008 76 118 89
58.15621657930495 107.30088410223902 304.9119749175569 76 110 86
58.665369255564315 107.32624924112993 305.0152885730052 70 104 80
59.174892480718434 107.35163985562383 305.1186756276206 64 96 75
83.55095236251945 127.14440011413018 361.8651859416994 8 15 23
86.69283363083089 127.42501537861634 362.84570973761805 14 30 51
-142.3719377382921 147.02514941434154 413.0807351181482 193 114 121
-139.54870404559142 148.5861163549074 416.70885486195255 239 115 119
-139.0179388146574 148.7167555346227 417.1404647251525 253 129 133
-138.7244203066513 150.25661918437527 418.47318001114724 244 120 124
-137.401678267409 150.04238318022195 418.5410141932078 228 110 112
-120.15699567399989 139.19873975654224 392.8725601496765 244 156 146
-113.45278894021536 137.26495808488338 387.3684004386731 255 165 160
-109.88354847700404 135.4699407957141 381.5667334755605 255 175 167
-109.35772421102685 135.5610459280716 381.88285447541443 255 171 163
-100.88808926155637 135.20730812213847 380.28203048657554 241 124 119
-100.35556953353898 135.2962547988156 380.589777898617 244 127 122
-99.92091643791431 134.91070539823616 381.14144886385094 254 133 129
-93.41155738845481 135.53571756628838 382.2880677116739 217 69 79
-88.22855834456271 130.25963338216764 368.29890936648655 238 96 106
-87.69969341955796 130.33568211463475 368.570657147375 236 94 104
-87.30819286862094 133.32032778103957 374.7575027797383 245 101 110
-80.50803505255051 132.60910876461801 371.4069622492071 249 103 110
-73.21098022097817 127.82865912215682 359.0222612628278 252 106 113
-58.03979145342545 122.51167260767329 347.4040261356796 255 109 116
57.6262671316848 107.4945401890379 304.748294497086 78 120 91
58.134967128446135 107.51995586381423 304.8514976496276 77 114 89
86.03112350178041 127.62332947463344 362.55978327973145 41 61 85
86.66078862817317 127.67972610659452 362.7562413820186 29 49 75
87.29117186734887 127.7361932518753 362.95292162717936 9 29 55
-207.94160055472517 178.92064638962378 501.5335622212361 4 36 66
-204.96864644692928 180.42357954517595 506.2529035896046 0 37 65
-192.7075531261918 176.53070807884922 493.91139101521355 4 41 69
-147.91432711746506 150.86742692110022 423.0941335251581 132 87 106
-143.45672172181273 149.33806578312286 414.4529481403207 204 118 127
-137.0112799140767 146.2128668604824 409.061498775481 255 138 141
-136.30300176415258 145.47959530655675 408.8033379286876 255 137 140
-135.77626136191603 145.60085954849632 409.2099266314626 248 128 131
-126.32242519068976 142.76869993952488 400.34765212611813 209 106 101
-118.28399516072103 140.32104816971997 393.0686400398633 219 101 101
-111.60879803694064 136.28825001605844 383.1550953947095 255 172 163
-110.40091225960458 135.64214313547305 381.1425133697917 255 174 165
-109.87606186780462 135.73329785535256 381.457954510972 255 175 162
-109.35038273282294 135.82460042420075 381.7738920440655 255 178 165
-101.41403069286316 135.38081339777474 379.86747011429367 242 128 124
-100.88247424532877 135.46981049642474 380.17457140044894 238 121 118
-100.35009922841984 135.55894973974242 380.4821434507793 234 117 114
-90.92207268644994 135.81608005863757 377.3871322978276 215 73 81
-90.3842153400248 135.90377035110834 377.6823684578829 218 82 90
-88.08867201554668 134.15438561995293 375.48126759357615 228 92 100
-87.55089603783975 134.23833792710613 375.770318322232 235 96 105
-86.76845282647639 133.66240305980918 374.9409210225774 235 96 105
-82.32082749613038 133.21738390549402 373.95418592096854 245 102 108
-79.96777338004955 132.9460253260048 371.5812716769256 251 105 112
-66.94547767284858 127.20898905598166 359.1447362078385 250 103 108
-58.319654722045684 123.64056921659896 349.05977928269556 254 107 114
58.113851720872596 107.73907885108547 304.79103620725175 78 116 88
110.93248251525618 134.69076171317627 379.77410141239346 0 5 0
110.2300098715641 122.87356369802673 346.75509372254146 102 148 113
108.08414746840033 121.89355590443833 338.0141024500058 101 147 112
108.67646704528674 121.93736030482141 338.1614711774958 107 153 118
108.94411445727243 116.04553529888886 321.2251098688474 0 12 1
-143.43428442393432 149.6171180936431 414.3193644232812 200 109 120
-131.4567523657187 144.39623048548302 402.2005829760019 224 114 113
-127.11810518978007 143.64660930229692 398.89792299693886 225 130 122
-126.30900966216117 143.04185358153484 400.22485700758943 204 104 98
-118.27299543837225 140.59021344468695 392.95143487720986 215 103 101
-110.49766263835654 136.76706253897726 379.5590478756299 255 170 157
-110.39348958369128 135.90526439564002 381.03379310259805 255 170 157
-109.8687834969447 135.99661641797525 381.34905139336064 255 173 160
-103.3203121912153 136.27305247169903 380.1261584165725 255 152 148
-102.79010822091114 136.36376670925858 380.435095737602 255 151 147
-102.25908306605783 136.45462623892337 380.74450948922555 255 149 143
-101.40846899803421 135.64309177490057 379.76007124138715 250 141 135
-100.87705636503289 135.732281324391 380.06699779635846 243 129 125
-100.34482535000963 135.82161331403145 380.3743948689271 234 120 116
-90.37908702539268 136.1636012373124 377.576880091667 203 70 80
-89.19038330846297 136.06135357508526 377.67713855059776 203 75 83
-87.479852587115 135.71998496434048 378.0790668474198 220 92 102
-82.85954929451894 133.39523843764297 373.5697668545629 236 101 111
-82.31995357868409 133.47651157915814 373.851577447211 237 103 110
-79.96654983650858 133.20325290724446 371.4802108225257 241 105 111
-79.42719834845592 133.28339716783827 371.75557939818293 246 104 112
-14.692331467463147 135.55158810752175 380.8129757542335 0 20 27
-10.476372412777463 136.10307607196108 382.6923753688601 0 17 23
79.75669741304877 123.1811483082003 342.7988375830031 4 29 61
75.3527241584853 114.39584495338298 321.884904062493 38 63 95
75.90001387341229 114.43006580654193 322.01186958507515 50 75 109
84.22723863936902 126.72900262422671 349.7412640900575 40 65 99
84.83152943295647 126.78171922351062 349.9142146115397 34 58 88
85.436450748582 126.8344965805323 350.08734381792505 13 37 67
108.64294868449089 122.17469972264485 338.0835431047206 105 150 118
109.23567541459865 122.2186450616619 338.2309809720442 107 147 118
-127.10279168641989 143.9179734388717 398.77608274459124 224 126 121
-118.26221332125365 140.85932540502554 392.8340905367881 211 100 95
-122.08216611966742 146.15855097005178 407.70933107893484 214 103 98
-110.48796837900821 137.02798907464245 379.45123316846684 255 166 153
-103.31358558439103 136.53500182479655 380.0183054651404 255 170 164
-102.78352557342691 136.6259085275202 380.3270658618027 255 168 162
-102.25264457245216 136.71696081762394 380.6363024348921 255 165 156
-82.85870717622899 133.65417184664997 373.46721716634704 216 93 101
-79.96549291593769 133.46046788657597 371.37906008156614 230 98 105
-28.58493176540001 113.68324770540549 313.2133894545205 0 60 73
66.79869243307951 120.04083585583973 330.32893037764944 55 82 62
67.35824328172387 120.08299780886985 330.4715241722857 46 71 52
68.47887859403845 120.16745822941617 330.7570964629272 14 34 19
79.72872973396834 123.42200919807118 342.7187557404988 0 27 60
84.80179560380667 127.02572393286486 349.8296995566905 43 68 100
85.40657333984265 127.07861627013236 350.0027483706327 32 57 89
86.01198230785012 127.13156948050805 350.1759760561936 13 32 61
89.51053304473751 113.38148167327473 311.29719077327115 0 4 0
109.20226994240966 122.45612235635345 338.15304339306374 107 145 115
109.79540499827499 122.50020856002547 338.3005507385829 105 143 113
-127.08770496122074 144.18927223420198 398.65409037043054 222 119 116
-110.47848289393268 137.28887688876952 379.3432948646805 255 162 147
-105.41855522477583 136.4339709196683 378.68073857987304 240 116 120
-87.5613192254811 136.84587111615235 378.35151522451247 169 60 66
-79.96460225459414 133.71767061248633 371.27781952328843 213 92 100
-36.37813591465769 113.3287652871355 310.9975282922296 124 63 66
-35.89447402740592 113.36451344143799 311.13103849718823 110 49 52
-35.410422211952806 113.40029951763091 311.2646536829399 89 39 45
-28.592356636130845 113.90534032495063 313.1463918865611 0 36 50
43.20733614436949 118.24655829618816 324.4675467392587 104 162 123
69.01541098825818 120.44243067697376 330.825340863811 7 29 13
83.24116702371495 123.94956387030092 343.6091023361864 43 72 109
109.7621137217593 122.7378240279746 338.2226039206591 105 145 116
110.35565826007188 122.78205101754092 338.3701810798403 96 129 103
110.94975101557132 122.82632021976988 338.51789415055475 70 103 77
111.54439259913916 122.87063159273858 338.6657433100633 32 57 38
-144.0927508071893 151.23695909323203 416.0124740798356 194 96 107
-126.3215026795087 146.9197705148471 400.5395306738155 216 98 100
-110.94995233674757 138.0654799221586 380.86986799222797 255 162 147
-110.42584846993398 138.16010594572253 381.1853754692271 255 164 149
-45.606065716921165 123.45199149002451 342.12010918557013 212 89 97
-45.08270669495005 123.50685744981512 342.31598528941123 210 87 95
-44.55877743750996 123.56179281941004 342.51207161859196 200 84 92
-44.10943714072415 124.60211304239604 343.573478341999 199 83 91
-43.58311508517036 124.6588060849251 343.771789439297 190 82 92
-43.05621413860467 124.71557121173312 343.97031538017427 184 76 86
-33.476872794894476 113.76503168157024 311.7336827742743 53 42 48
-28.599850871694247 114.1274718505891 313.07936231859094 0 21 36
44.41433673510934 110.81455819728527 304.36568008937246 118 174 131
111.42873603833317 131.84777607926097 359.3258175509587 24 65 89
112.06550829455648 131.90638822756927 359.5104311265772 33 74 98
141.0810305583308 165.34399451647496 450.24684787143536 43 85 100
110.32248247259005 123.01980494756378 338.29222528872907 104 137 111
110.91643763412921 123.06417263947968 338.43987259412734 82 115 89
111.51094126305098 123.10858254249504 338.5876558791308 47 72 53
112.10599396497257 123.15303461361376 338.7355753198887 3 28 9
113.91451563664631 121.49705247976947 334.4236223913518 0 11 0
-206.7890090948074 177.18023509987486 481.8741141326871 0 3 11
-144.07081144240937 151.51670265778677 415.8765803710814 191 94 107
-126.83246817570009 147.071413205768 400.03992565324427 214 92 95
-126.3037048286978 147.19041723331608 400.41622815999534 217 95 98
-61.94933079674484 129.44400920386377 354.0346064760872 239 105 110
-62.286360764742874 132.10976622432466 359.4447452606432 243 109 114
-52.5483819138487 123.80820517807432 340.8337679806096 254 112 122
-43.58920399651301 124.89982554020271 343.6881451574768 191 81 90
-43.06241655301867 124.95672226781804 343.88657991819883 184 74 83
-31.537841987572087 114.1311545229263 312.2039374429468 17 28 39
44.39634814312591 111.03147706797442 304.3038214588477 116 172 129
44.89978946762912 111.06017320952499 304.4088133155304 115 171 128
70.47186054270983 116.86872532853377 318.1727316673743 0 3 0
112.0292714055516 132.15553078260442 359.4204188096011 30 72 98
112.66656496911475 132.21432718804178 359.6051406097753 32 75 96
-126.28613261251361 147.46099669919417 400.29277346206067 220 90 96
-96.74786284561817 139.95088832683052 383.1204032480426 238 94 103
-61.95085952899877 129.69018320248065 353.94405107015564 222 95 100
-62.286663741758176 132.35830877875156 359.35077989691274 233 106 111
43.571118352224744 112.79211655265392 305.09489000538093 107 160 120
43.87547068304875 111.219706009732 304.13709291772994 112 165 125
44.378461240543764 111.24844813564582 304.241971656957 111 164 122
44.8818176547771 111.27721942433601 304.3469244796992 110 163 121
45.385540528542876 111.30601987739614 304.45195152040384 113 166 124
49.58491942574681 111.9304045769771 302.95813867690316 112 168 125
50.087896644958015 111.95963829737275 303.06024055357585 111 167 124
50.59123373372651 111.98890057945981 303.16241342119184 110 166 123
51.09493125524616 112.01819141785121 303.26465740435174 109 165 122
69.91069604698345 117.0572912556684 317.98207479637654 0 3 0
116.12483112179129 124.75040327611143 342.60911452685116 1 15 4
132.61116525045134 138.6737321425364 378.53228544892266 0 7 0
-196.814336913322 185.39742274451604 502.2763080820201 2 39 67
-191.29843849725992 181.73657604359863 494.2464137831417 3 40 68
-7.843908560156853 150.71231694836507 408.5357068452711 0 8 12
44.360675637116 111.46547184093961 304.1801304789124 104 157 117
50.06968047745285 112.1747470596277 302.99827739435983 110 166 123
50.57292719142632 112.20408146419109 303.10041106047066 109 165 122
51.07653420160725 112.23344446935673 303.2026158003288 106 162 119
51.580502068737346 112.26283606896295 303.3048917382069 108 164 121
74.36148708518142 129.17665181900716 348.3459802934388 0 13 0
69.88784509492118 117.28195830359637 317.91339970737425 0 3 0
70.42578432003711 117.31817953671565 318.03525591163634 0 4 0
-212.45163134279957 185.67448587210274 502.45053178370074 12 38 65
-129.2019923198455 149.1500566632943 403.1789051628507 230 91 100
-128.72600792596367 148.8387719869254 403.6507761911821 225 86 95
-120.67331490792394 145.78751203094205 394.4967931266135 227 93 100
-119.08252288625185 146.1272883376678 395.5712920957949 223 111 109
-118.55040946535233 146.24094787080205 395.9307047863896 228 116 114
-104.4731171701536 139.8796226187412 379.64183139966457 255 129 135
-103.94446196885741 139.9751963270302 379.95094992292616 255 130 136
-103.5555503251414 142.17899554917648 381.09810522933975 255 130 135
-103.02420710405408 142.27896738468255 381.4104267952891 255 128 133
-102.49203250777131 142.37910010205906 381.7232350179337 253 123 129
-81.26059116909593 135.8465100612795 366.4534637453963 118 41 43
-80.72828017814236 135.9286379351865 366.71830123771383 114 40 43
-80.19523815918915 136.01088539859344 366.9834996918484 113 39 42
-31.55934286186959 114.79623192986979 312.0035251123677 25 30 39
50.554736938232985 112.41931382033926 303.0384202467349 108 164 121
51.05825460411925 112.44874895686982 303.1405860080256 106 162 119
51.562132988905134 112.47821273095259 303.24282292552994 108 164 121
-256.43291342565243 114.09456218740385 303.7557300676311 0 1 0
-256.12741350775406 114.15712882818211 303.9631078671965 0 1 0
-255.5149802081807 114.28251880783257 304.37885335370663 0 1 0
-255.20804457207848 114.34534240577607 304.5872226634782 0 1 0
-191.63421003084378 182.10680141494788 490.9638333877693 3 40 68
-142.76178002721346 152.17585069896487 410.1445701430257 139 84 109
-141.31332815787573 152.78863627671342 411.74624869035813 207 91 99
-136.46182310504526 151.7024375096724 407.3250229458241 242 115 118
-135.9366401150658 151.8335842436338 407.7287691671819 253 123 127
-135.41045109727676 151.96498310711058 408.1332882994122 251 121 125
-130.2270178473121 150.38233999910207 404.3421769996626 241 99 109
-124.57907818748987 148.55906661694127 400.84156982068305 224 90 97
-103.5438973568454 142.43831292899358 380.98833297278657 253 119 126
-102.48066862017126 142.63879287447668 381.6130979074994 246 110 118
-81.78800234050831 136.01660669922032 366.0896945134259 118 44 47
-81.25655455609002 136.09878034758648 366.3540304010428 117 43 46
-80.72437748012233 136.1810734825886 366.6187263200186 115 42 45
-80.19146952702664 136.26348643527004 366.88378302438355 113 40 43
-79.65782910359144 136.34601953764334 367.14920127204897 112 39 44
-79.12345460895189 136.42867312269124 367.41498182481945 110 37 42
-77.51591057393298 136.6773601182768 368.21450499042425 106 36 40
-69.66951940325845 137.0473688629884 367.6710306590894 57 9 15
-62.05547299557105 132.07380984846745 354.5980442005319 103 6 17
-31.566660445815597 115.01800405094707 311.93665292520154 34 35 48
-31.079605510385466 115.05469230405777 312.07089866269956 21 22 35
51.040092034369245 112.66410530730028 303.0785678187056 106 162 119
51.54388210032283 112.69364121969174 303.18076598000306 108 164 121
-256.08530759666786 114.37102605055374 303.89799792489293 0 2 0
-190.71106116607797 183.84685321088185 492.73344971215454 4 41 69
-145.06348068677224 155.618444217449 416.7919674691939 132 79 103
-141.29096072935076 153.06479117163093 411.6128198793072 207 90 101
-140.2428935169024 153.33684994481476 412.4527992593877 226 95 104
-135.91525522987055 152.10725508375305 407.59875394594826 237 102 105
-82.31458658041 136.18648118431517 365.7264776755453 116 42 43
-81.7839992974108 136.26870068010825 365.99031344314614 113 40 43
-81.25268444501322 136.3510395594362 366.2545083197475 112 39 42
-80.72064044615985 136.43349815295892 366.51906305476496 110 40 42
-80.18786571618942 136.51607679230477 366.7839784014788 110 40 42
-79.65435866281685 136.59877581007223 367.0492551170462 107 37 39
-61.65795523548789 128.8134314387546 342.95648528221824 31 0 3
-61.191069157637095 130.75330461074137 349.63075439034156 63 0 0
-37.164170193927085 117.15274668472573 313.088253199358 144 58 65
72.40163269980755 117.05260795756833 310.990075737363 0 3 31
83.09085654134313 127.26648397772483 338.2052538241842 38 73 117
116.33810022040088 131.2498642457499 347.9355450960366 17 41 27
-255.7375875289695 114.64778388392146 304.0402198272918 0 2 1
-255.43127330410445 114.71080697360708 304.2480181733457 0 2 1
-209.15106657683552 186.67554145803655 494.7924211195157 6 32 59
-174.40955122172136 184.84757899683368 494.1114320418566 38 32 63
-145.03850574255856 155.8965603659393 416.6545383638926 117 66 92
-141.3003208193048 156.59428404912725 415.755016102401 222 89 99
-81.78016319039195 136.52078369906047 365.89084334757786 110 40 40
-81.2489804398344 136.60328800791964 366.1548975977814 110 40 40
-74.99770046522578 149.63086976751143 399.05027743928986 37 5 10
-62.238322842469316 130.86056651903084 349.1064424062586 36 0 0
-61.191138677257904 130.99568142315195 349.54182332778385 51 0 0
-39.1106362399635 117.21452842764683 312.4697488926549 183 73 84
-38.62579952747933 117.25428272653787 312.60712388908695 173 75 84
83.06426809439964 127.50188780991468 338.1253792197911 33 70 116
83.64617841095985 127.55186108856893 338.2785300054106 35 72 118
-209.9932594410513 186.1418162866722 489.31304520927665 0 2 6
-209.57228543572492 186.7253305832645 493.8308426878266 4 30 57
-209.0895934416743 186.9884347655539 494.58691249841803 5 31 58
-141.2749044318815 156.87099936651003 415.61868729585063 224 91 101
-130.3350171617323 152.83819625692274 406.6250729125224 242 95 107
-120.84013826805773 150.29639978275438 397.2312790341688 217 86 95
-113.88470075042865 145.66402970947377 386.6276076263624 237 128 120
-60.625488241131166 129.4167998693317 343.19412500219227 28 0 3
51.999446894427436 113.89360362329882 303.0109113614142 110 163 121
52.503565340379396 113.92398545229103 303.1129958390073 108 161 119
53.00804492743992 113.95439640832268 303.21515144626864 108 161 119
56.576505692595426 115.41923729828777 309.6021132400036 107 160 118
96.64515703470173 135.72288456539414 358.1707890660196 0 4 2
-210.77154200091698 188.2356404599807 494.7852549715596 8 20 38
-209.51095709911505 187.03761912846608 493.6256752703708 4 28 56
-209.028390318802 187.30109029730488 494.3810787988297 4 28 56
-174.89884694115634 187.82715939253728 495.58655748803824 36 37 68
-142.15321959562954 156.65322992124538 414.1852929326548 204 90 102
-141.7759982772847 157.00328677292293 415.0518184448536 204 90 102
-129.78390017745087 153.24219397357035 406.89312297512714 240 93 105
-120.8219734846949 150.56344138212046 397.10909122016 213 85 93
-113.87040327356682 145.9261197452628 386.51291111571356 239 125 119
-72.88952266787322 144.9005524210483 384.3883180968111 50 14 16
-60.108931714861384 129.71901489921467 343.31289624976415 36 0 0
-58.03074945734186 132.52296098744955 350.7970030996413 253 112 117
-57.794714398071754 134.3807119533076 353.0370119485281 250 109 114
-58.23460490006006 135.39451596269552 358.9614129824935 247 104 110
-57.60360011680526 136.03319162859992 358.80733940006695 250 107 113
-56.704711170803286 133.73068229147026 356.40432433504964 253 110 116
-52.2934500134711 130.68763579603618 346.4053787500577 251 114 136
-51.767666163271194 130.752869087501 346.61339941129165 250 119 148
51.883954378626456 141.3822501902314 376.4443483617773 34 76 122
52.48575434755349 114.13913311478458 303.050598470535 110 163 121
52.99014669931736 114.16961553440478 303.1527155518002 108 161 119
53.49490059009162 114.20012711003127 303.2549038419536 108 161 119
91.09132558493788 160.4874742071206 426.9637603448649 25 47 31
-236.65483243394283 128.9226491900484 336.3647158649152 0 2 0
-236.30950221302277 129.01475606478925 336.64364694878753 0 2 0
-235.96354950498974 129.10701291465688 336.9230897849941 0 2 0
-235.61697296332258 129.19942007112434 337.2030454765857 0 2 0
-235.2697712399589 129.29197786693953 337.4835151273768 0 2 0
-234.92194298526067 129.38468663613398 337.76449984197245 0 2 0
-234.57348684797964 129.4775467140316 338.04600072579694 0 2 0
-234.22440147522374 129.57055843725735 338.3280188851221 0 2 0
-210.70845405448037 188.54768362679417 494.5795108118603 7 19 35
-210.22764610811865 188.8157000776849 495.3400979570423 4 29 54
-187.02465381416502 186.15684602258082 491.36249628539895 1 38 66
-187.04118368552932 188.85828682477475 493.7359494299354 2 39 67
-186.5157477644933 189.1174317661222 494.46738890963496 1 38 66
-180.57104836964245 186.5256844927554 487.12112691081677 1 38 66
-176.23126883291513 185.1031863205743 488.0302425478415 7 44 74
-175.39900366984781 187.8884727123914 494.6600853049353 15 43 74
-174.85196620147315 188.14106419015633 495.3824530554294 33 36 68
-142.27596592821862 157.13528498807275 414.4862188793921 207 95 106
-141.75090038873282 157.27957350088712 414.9154279256145 204 92 103
-87.19157462882218 142.63040463235623 376.52659703411837 121 45 44
-60.10895498140429 129.95744854534775 343.2271768886553 28 0 0
-57.7935051750238 134.62364762485248 352.94543947383715 250 109 114
-56.98138535315259 132.27024396395495 351.0238255537548 247 104 110
-57.603094954594184 136.27991123125847 358.7124788994829 250 107 113
-52.04216582592918 133.513544216814 352.24764057496577 247 118 153
-51.625488749570245 133.0244941817869 353.0345768833165 255 139 173
-36.68264216760447 147.57312774108647 387.63926301087747 0 4 17
30.644576747471604 137.43066960075123 360.3847078795117 27 74 128
51.86052691883745 141.6410019059729 376.34313189914326 32 75 126
52.49697129539303 141.71877671461255 376.5780193319775 33 77 121
50.18025166424596 125.38302019039679 329.25455531110214 76 123 92
48.21693915054742 119.07328486864171 313.1075660812415 74 121 90
52.4680621864689 114.35433394287567 302.9882126497773 111 164 122
52.97236845135273 114.38488778818308 303.0902914667297 110 163 123
53.4770361055331 114.41547082627996 303.192441449798 108 161 121
53.982065692278674 114.44608304733171 303.29466272057175 111 164 124
55.96951069338084 115.07233630073026 303.3898080910111 107 160 120
82.40233263337804 123.63226455256108 324.8148334694227 32 67 109
89.67143173890845 124.1914749403126 326.5273979187374 0 4 2
92.51886284143558 127.56932457031112 334.90959314107374 0 3 1
90.79699520977398 124.27812327471543 326.7925578443452 0 4 2
-272.54460877175495 111.95888582078543 292.2875924427701 0 1 0
-210.16494937025797 189.12786922338464 495.13335526725587 5 30 53
-200.07867368450752 188.82502281557743 490.3145666521157 1 38 66
-199.5801315776674 189.08755111622196 491.04774633495003 0 37 65
-174.3608971602187 188.1002092225277 489.63528669158825 12 42 72
-173.81611213584682 188.3507046060443 490.33861397528653 13 43 73
-174.80534731552353 188.45476748932742 495.1780761864583 28 36 66
-120.9832981430637 151.9258358247275 397.5930928132597 211 83 91
-120.4509636112419 152.0498315287087 397.96008907377194 211 83 91
-59.397877858310615 132.07099567646833 345.6544321342937 75 0 0
-55.362723367416216 130.44587346356496 344.4814254189298 250 109 114
-52.04349959017787 133.7569887306108 352.156835832873 235 113 158
-13.245120323056605 132.5362343718044 344.93515013964816 0 20 43
-9.652671294338994 134.42596731279704 353.53408616783804 0 13 25
30.62752971945757 137.6782701697171 360.2912984630988 25 75 125
31.22309751959033 137.74851436178687 360.4996023204954 25 75 125
52.95470974948273 114.60021357042841 303.0278789870851 111 164 124
53.45929231191522 114.63086803229673 303.1299909241875 111 164 124
53.96423665552257 114.66155171268576 303.23217410618724 112 165 125
54.46954332082279 114.6922646009488 303.3344286542921 112 165 125
82.37787879441244 123.8596918799548 324.74154088380124 35 73 114
82.9340431106462 123.90254759368604 324.8725498510819 34 68 104
83.49068466821237 123.94544459891885 325.0036699060433 18 52 88
90.17722866116641 127.60897122346132 334.2491469778868 0 4 3
-235.17859994508066 129.7566160535162 337.3115546617856 0 2 0
-234.83094671636866 129.8496749442123 337.59217667414146 0 2 0
-234.48266624448294 129.94288564221173 337.87331396602633 0 2 0
-234.1337571756429 130.03624848529512 338.1549676439158 0 2 0
-233.78421815438733 130.12976381255902 338.43713881516027 0 2 0
-233.43404782354034 130.22343196442435 338.71982858801056 0 2 0
-164.64642145207733 141.30892652355482 365.57369884870894 0 2 0
-164.1911737651809 141.41397010281446 365.883697620665 0 2 0
-163.73516514581877 141.51918263416664 366.1942179457981 0 2 0
-163.27839404542868 141.6245645611457 366.50526083434755 0 2 0
-162.8208589085964 141.730116329239 366.81682730103 0 2 0
-162.36255817300244 141.83583838589468 367.12891836507225 0 2 0
-161.90349026937446 141.94173118052873 367.4415350502519 0 2 0
-161.44365362143324 142.0477951645326 367.75467838493233 0 2 0
-206.01591114121632 191.60956941465707 500.6451116176074 0 35 63
-205.52188427234645 191.88547915688636 501.4236725520389 0 37 65
-205.02634041830183 192.1622313700509 502.2046294157341 1 38 66
-178.57932529342503 185.86747367213894 481.69829801308117 6 41 70
-180.04753151821436 190.20761313753962 496.3822679212668 4 41 71
-174.31244720935203 188.40992988014776 489.43716776411674 12 42 72
-173.76782382970683 188.66076978593307 490.1399065281142 12 42 72
-126.05249402791446 154.0969292265632 403.39305074505876 220 83 94
-125.51963423865773 154.22757678344885 403.7794508429497 214 81 91
-116.95574167337779 150.60245939698441 390.6679111678499 217 92 99
-104.78317025740802 141.68510051804694 371.89374906376753 252 106 113
-104.65153420793345 145.84214757546044 380.31723940604934 253 106 113
-103.10001191793357 145.8286211667486 381.3419024746675 247 100 107
-102.56808096562443 145.93320101006606 381.65544210749397 245 95 103
-102.03531305750094 146.0379497711888 381.96947305112286 243 93 101
-101.50170623409255 146.14286793317874 382.28399641527074 236 89 96
-86.22864499627462 131.40446252397734 343.60029882106153 187 64 72
-85.72780669529435 131.47358004825537 343.81646878462345 184 65 72
-85.22637402772646 131.54278457362864 344.0328934006011 181 62 69
-35.499910544248166 148.2971464037829 388.0034610964102 0 4 19
-13.252229968815943 132.77412344135723 344.84902927574836 0 20 43
-12.706343046984209 132.83781973643374 345.0401980419892 0 20 37
-6.507828824221549 129.26450116675906 337.89208071751267 0 17 26
30.015820394837174 137.8556278573013 359.9899388444267 23 71 122
30.610552539455227 137.92591080956757 360.197902317121 25 73 124
31.205982822181348 137.99628712145 360.4061061084263 25 73 124
53.56843123939519 117.31971967859052 306.33856502835147 111 164 124
82.90965986128384 124.13010939638933 324.79923588497405 41 72 109
83.4661841162008 124.1730929361305 324.9303001617434 29 60 97
84.02318595420921 124.2161177849885 325.06147560926564 10 35 67
91.88494127498102 127.98743970133417 334.6072005332504 0 5 2
-270.20301490817405 112.84454991794584 293.69174477453265 0 2 1
-269.91949396241574 112.90422240763414 293.8834693781312 0 1 0
-210.15930655558438 187.4260115262959 487.5762329470337 0 3 5
-186.46889228571993 193.23117779840462 502.7826942434787 3 40 68
-174.2642584179437 188.71945511018987 489.23877999422655 8 43 74
-173.71979651346132 188.97063940229657 489.94093065141436 8 43 74
-135.79866880979912 158.21093913880213 409.25251126671213 241 94 104
-102.55611872302632 146.19191996432355 381.543858533239 241 91 99
-102.02349214391249 146.29685650764804 381.8577064174313 241 91 99
-101.49002687243635 146.40196273189983 382.1720464408634 233 86 96
-99.73818843359861 147.18798835612915 384.90480119957954 213 82 91
-87.72122565389768 131.43513256758897 342.866393154789 201 76 83
-87.22228085586873 131.50412706660418 343.0816934457247 197 72 79
-86.7227449610746 131.57320802742316 343.29724701113275 189 66 74
-86.22261690704147 131.64237568291625 343.51305427691034 181 58 66
-85.72189562562492 131.71163026655162 343.7291156714714 178 62 70
-60.434793677269866 132.41348887689637 345.0616407899617 26 0 0
-13.259373056485828 133.01204499405102 344.76288394619553 0 19 45
51.69136187937143 129.3486391291428 339.4808214434165 97 147 115
53.550945265806035 117.53592114299512 306.2738315362929 113 166 126
82.8854647843874 124.3577195109114 324.7259562796875 40 74 112
83.44187294515389 124.40078950521361 324.8569651139095 33 67 105
83.99875840011612 124.44390084521197 324.9880850335047 22 47 79
84.5561217734061 124.48705350956638 325.1193162059409 1 26 58
-280.50977090930616 116.95633780371446 301.3569566785366 0 1 0
-280.2410015749181 117.02807817001239 301.5749231680599 0 1 0
-279.9718006888413 117.09992795764913 301.79324276628967 0 1 0
-163.6753270420518 142.01608855477645 365.9870493536541 0 2 0
-163.21880584305822 142.12183808639944 366.29770383562095 0 2 0
-162.76152107049793 142.22775799191663 366.60888125230696 0 2 0
-162.30347116250567 142.3338487202325 366.9205826218303 0 2 0
-161.8446545502828 142.44011072222455 367.23280896683815 0 2 0
-161.38506965804658 142.54654445075113 367.5455613145459 0 2 0
-160.92471490297874 142.65315036065743 367.8588406967706 0 2 0
-160.4635886951749 142.75992890878447 368.1726481499709 0 2 0
-174.21633003229718 189.0287851297902 489.04012447232645 6 41 70
-145.00292003421646 162.18821000562048 418.52586732558945 127 57 77
-117.19941310808821 151.84972779104922 393.4368273453951 225 98 103
-113.46512603032899 150.79463224153508 387.3768362166144 239 103 109
-88.21325935943406 131.6035884013807 342.5644510091659 194 66 74
-87.7150206442215 131.67263329406546 342.77939051793857 189 66 74
-87.21619194779281 131.74176457569774 342.99458278896265 187 64 72
-86.71677221390962 131.81098247895943 343.2100282451883 184 65 72
-86.21676038068432 131.88028723713148 343.42572731207366 180 61 68
-40.24360785146238 148.02731940530944 385.4364962761093 39 28 47
49.43760889000772 131.99925146764411 342.5164024308818 47 89 115
50.01197596431659 132.05641693360403 342.6854571111607 60 105 105
56.40412775843654 115.96385245905022 303.24027834215366 114 167 127
85.4978099238599 127.92080631416594 332.85876829917123 38 69 108
83.97452078318886 124.67173246435335 324.9147292015488 27 52 84
84.53176868624449 124.71497157419005 325.0459050952441 3 28 60
85.08949483627093 124.75825202123994 325.17719232286623 0 7 28
-144.97340853315544 162.46416657759633 418.3861782614361 120 51 76
-117.33504164431308 152.04386580367895 391.7755159342127 207 84 92
-117.18170577145953 152.11380984256465 393.3162720941264 226 95 104
-113.446587912042 151.05438573268907 387.26071518511293 241 102 111
-103.81209610511179 148.23640021013475 381.7094092403217 255 105 113
-100.60894034692643 148.88988877250847 383.60826852402437 215 80 90
-100.07211401324156 148.99942444466853 383.9264965723439 205 70 80
-99.53443459489075 149.10913887359047 384.2452281030239 197 72 79
-98.99590006043672 149.21903257104745 384.5644642742101 194 69 76
41.804426996777494 134.13648769989555 347.7230241674432 28 73 125
53.11792994313666 149.98393121546215 384.92625512053854 28 73 125
53.771049078401795 150.07466653322402 385.1795866992112 31 74 113
52.945755488513136 143.87177123268586 370.86176241026374 36 78 97
51.38817899163693 134.35760358703754 348.3672504531955 80 128 122
52.28809911890007 135.2862544195498 350.63938152663934 99 147 125
55.24695885221877 135.60013496839306 351.559356917746 82 135 97
76.43926828248897 124.58578602804823 324.04420826838265 2 27 59
86.04570560120375 128.20152927463593 332.92531473463725 32 57 89
86.61924509471278 128.24991352370606 333.06945287524434 3 28 60
85.06521767210201 124.98630536424207 325.10376097259535 0 7 28
-279.8707063625473 117.52015261116672 301.6619450483126 0 2 1
-279.60115692110276 117.59240410282439 301.8803799044321 0 1 0
-279.0607559382974 117.73723807214515 302.31831458187224 0 1 0
-162.70315936157752 142.72510942870085 366.4003038413699 0 2 0
-162.24535956425217 142.83156933182815 366.71161583122654 0 2 0
-161.78679351258535 142.93820104684684 367.02345216074696 0 2 0
-161.32745963121533 143.0450050280762 367.3358138560583 0 2 0
-160.8673563377674 143.15198173182844 367.6487019478727 0 2 0
-160.40648204280134 143.25913161641574 367.96211747152165 0 2 0
-159.944835149762 143.3664551421579 368.2760614669949 0 2 0
-159.48241405492726 143.47395277138935 368.5905349789772 0 2 0
-134.90285678305497 159.2443468624847 408.4312619017011 247 97 105
-134.37492793280583 159.3878232397094 408.8385284872409 252 102 110
-117.31666883205018 152.30659831418774 391.65594842360997 193 72 80
-104.32869394330427 148.3854008255298 381.2826555579935 254 101 110
-103.79792395056243 148.4938848013202 381.59720624586004 254 101 110
-74.08779575613063 154.21395309397712 394.14985882084784 17 0 0
-11.362283952526289 129.69074058387935 335.9967168797549 0 16 31
53.095605041354716 150.2440285385707 384.81774888685226 24 70 117
53.74855087782976 150.33491657627465 385.0709461771892 32 73 106
48.82598458635221 132.41701249303472 342.18102181876594 44 87 97
51.67821565625688 135.4660333287403 350.3683893130186 91 137 128
52.26793748030848 135.52869651868752 350.5517121627621 103 154 126
50.19989024967744 121.78333474126751 312.921602030963 83 136 98
51.90756629640243 118.73869223837441 305.2364406159764 105 158 120
82.20535651469923 126.95333427504717 323.9297363515766 35 72 118
82.76010534881938 126.9988086885144 324.0597178715627 35 66 107
122.85087457754435 138.8506399370851 353.70335542401426 0 6 20
-136.45459555554933 159.08559388604328 407.08272803277725 223 92 101
-134.8773449206142 159.51504587267652 408.2990254409578 247 96 107
-117.29850631114375 152.5692755877229 391.536245889751 188 67 77
-103.78394637510948 148.75133150086756 381.48488704110906 251 101 109
-74.07945665197583 154.47752073004636 394.03053097997656 14 0 0
-59.63438392910977 133.91606826505642 343.55855566334316 19 0 0
-17.3454435183229 146.9549581033969 373.29004473622956 1 44 122
-16.75797361175412 147.04545304172888 373.5434467128522 0 34 112
-15.580685324254526 147.22683932964182 374.0512497258607 0 15 71
52.42150936651439 150.41325564553944 384.4565563073884 26 71 112
53.073404924763516 150.5041638710597 384.70928320489446 32 77 118
53.72617906226947 150.59520467968454 384.96234689241226 45 88 111
51.658301136593835 135.70840488886438 350.2808289782254 97 144 130
52.24789552449808 135.7711858810373 350.4640684991996 106 157 129
50.18317641862283 122.00284958460702 312.8530056399334 84 140 101
50.704685011978356 122.04233147871959 312.9711415231322 88 144 105
51.89109132025567 118.95365865703535 305.1715921304921 107 160 122
70.48732600608705 134.93828870032263 343.0069140584276 87 133 98
71.07302324128835 134.99733753504754 343.17207055783456 82 124 93
71.65931113721963 135.05645263080245 343.3373914125283 78 120 89
72.24619069754971 135.11563403303043 343.5028769238049 74 109 82
72.8336629251008 135.17488178653315 343.6685273929049 62 97 70
82.18196529412928 127.17851532150378 323.85546554894586 33 70 116
82.73659124885042 127.22407298242227 323.9853900097047 36 67 108
83.2916893679596 127.26967376419272 324.1154237641809 38 69 110
84.3649952467958 126.37120703844735 324.32702675319723 10 35 69
-279.5822418543615 118.89443048901127 300.8984266598934 0 2 1
-136.42886595542979 159.35552844139957 406.9511339124531 221 90 99
-137.21659933629016 162.96047672624093 411.4841420701687 228 89 98
-136.6883290155291 163.11257674913878 411.90213053028964 233 94 103
-102.17365328150919 149.33636513896138 382.3179701394449 229 82 89
-101.63979735537363 149.4459277739849 382.6341374575429 216 77 86
-17.350483699393088 147.20728237408912 373.18602564892234 0 45 124
-16.763159345918528 147.29792933245037 373.43929464847247 0 36 115
-16.17505307797581 147.3887085106542 373.6928961855547 0 26 83
-15.586163029624817 147.4796202359823 373.94683104899667 0 18 75
51.209812554697045 122.30157785338288 313.02069050577734 87 140 102
51.366879487821386 119.13377680281491 305.0010394316542 107 160 122
51.8867535818071 119.52535764048953 302.0883843136003 112 168 127
70.46486234772351 135.17435823988907 342.92242878520665 89 135 100
71.05042274004208 135.23351066577146 343.0875082051964 83 125 94
71.63657344992743 135.29272942122762 343.25275184988686 82 124 93
72.22331547904803 135.35201455141393 343.4181600200374 76 111 84
72.81064982822073 135.41136610084413 343.58373301635066 65 100 73
82.15875980720116 127.40374468840466 323.78122823307467 33 70 116
82.71326408153868 127.44938551966749 323.9110959686774 39 69 113
83.26824021517538 127.4950695038549 324.0410729092223 40 70 114
83.82368881832728 127.54079662166214 324.1711592186868 35 63 96
84.34138256508162 126.59777920994682 324.2532261744106 15 43 76
84.89765780048302 126.64244780972237 324.3834765127349 0 19 41
-137.18703327730498 163.23103299963608 411.3496822353053 232 93 102
-31.94491392969494 142.912396443594 361.87436328314834 14 88 233
-17.941966024222577 147.36895901489012 372.8291730451409 0 51 156
-17.355565705713104 147.45962607860432 373.0819781006917 0 43 124
-16.76838561383219 147.55042522631402 373.33511469217177 0 37 118
-16.180423891049468 147.64135678502223 373.5885836043721 0 28 87
-15.59167867333429 147.73242108228098 373.84238562507073 0 20 79
47.79208688731934 142.30781062145545 358.796209899532 39 84 113
48.39508821646391 142.38114723182338 358.9971469148288 42 87 116
52.04001188043281 123.07788661683396 311.836353082472 101 154 116
83.24497854850848 127.72051378431549 323.9667559284265 41 71 115
83.80030605332496 127.76632405718814 324.09678566819855 34 62 97
84.3179586841957 126.82440070238388 324.17945958788624 20 48 83
84.87411785023875 126.86915359143886 324.30965477591445 5 23 46
-277.84981678878125 119.76380381474328 302.0705631941367 0 2 1
-276.95453098497813 120.0742844596796 301.63868336675034 0 1 0
-141.38549705167227 165.80058191422472 419.69334148287584 224 91 101
-130.8171482121585 163.06103729499506 412.15823545431397 192 67 74
-107.59779663455 154.85551231960034 388.69407104118443 253 100 109
-72.90898709978018 155.5034564763863 394.33169129579215 5 3 0
-41.705575998428735 144.39744507998518 365.6907632372934 44 13 30
-40.98923216093111 145.1480230192848 364.8189592738447 46 15 32
-34.69308710642316 142.20135979976598 360.029864165351 0 0 55
-15.597232216721771 147.9852422238848 373.73791333017783 0 22 83
47.17153157852613 142.47887974745967 358.50157028704507 50 92 120
47.77369460893002 142.5522456288874 358.7021811964673 50 94 110
48.37655015510969 142.6257054103068 358.90301942340614 51 95 111
51.698615671652064 122.78098512820257 313.00155028147765 90 143 105
52.54403590961776 123.33622675309674 311.8838781930883 108 161 121
53.0648257866001 123.37650543845405 312.0002002080284 106 159 119
56.340485650243785 122.82932393065794 307.8398504657933 123 179 136
56.855398161321766 122.86825911265653 307.94916021143024 126 182 139
111.46677799873521 138.6993845712295 350.26942738602247 34 68 104
112.08605324231114 138.76108654159927 350.4388169783163 27 66 102
112.7059546249045 138.82285195960213 350.6083774919379 27 66 102
114.4029045826996 141.53462865300375 354.0173410946781 25 65 105
115.03114599299435 141.60037018732248 354.1928335576841 26 66 106
115.66003702426315 141.6661804821409 354.3685072242022 22 67 108
116.28957851402839 141.73205953076726 354.544362359692 22 67 108
-142.49352771641676 165.33438185422585 416.93998234889875 191 90 100
-137.3633343120298 163.2467372581719 411.69969021078145 229 89 101
-135.99995525123327 162.7251644030756 409.6390004524986 230 90 102
-135.47224594075487 162.87504928080835 410.05117941517574 233 89 100
-111.69765953356398 151.901364170083 383.1653176538892 243 99 108
-111.17168988504955 152.01703479917987 383.48954760280253 244 100 109
-110.64486501570882 152.1328963808914 383.8143033226992 248 101 108
-105.88660972346915 152.434528117135 384.58337599364745 253 99 111
-75.93905757508642 157.31469714143395 396.89072764851454 21 0 0
-74.87288846782798 157.95086158002857 398.05683040736 13 2 0
-53.07162711609218 138.00385085182916 347.66903379898406 142 47 79
-51.65990733438272 138.09339429946456 345.86039724122986 164 70 98
-51.13412206509893 138.16724737854176 346.0680687215635 165 71 99
-43.5267741646973 152.4233699966558 381.8831769620361 41 17 36
-44.14065843498494 156.8829695940584 392.8287029529552 40 16 35
-33.068001408168165 143.23902611963817 361.2119086117311 16 81 218
16.274039654120532 144.17142040809304 362.42748945272785 32 72 112
47.15339316249937 142.7232356729641 358.4076653532781 59 101 116
52.52769631988766 123.55445655220751 311.81513634087236 106 159 119
53.04838735239537 123.5948117957033 311.9314113070649 104 157 117
56.324005449471805 123.04398371603868 307.7724316295955 122 180 137
56.83881524559214 123.0829898850004 307.88169625433295 126 182 139
57.35401171725571 123.1220321634397 307.99104093145365 121 177 134
73.9805827642671 153.31239263135825 384.03760526238153 118 174 131
74.64559964898973 153.40441219906023 384.282959611385 112 168 127
80.98336898954776 127.98807648927553 323.2996414811153 36 74 117
112.05434879245858 139.00171030509514 350.3507735223111 29 68 102
112.67409027230683 139.06357822485444 350.52025173777196 28 67 101
113.29445820739232 139.12550961397164 350.6899009642412 27 67 107
114.99794115790267 141.8416465677895 354.1018117316932 27 67 107
115.6266587791186 141.90756056449493 354.2773962607119 23 68 109
165.318121081877 165.98888038755632 417.7217284780291 0 3 0
-140.91857161707972 165.6420329444965 416.26130422512165 210 87 95
-115.6859195667291 156.87500042267078 392.5452832672474 236 102 109
-111.81503112631745 154.40101895073585 385.79297987655104 242 98 107
-106.81823696971084 152.649244109566 383.4518536546231 252 99 108
-106.2873554436386 152.7651344417636 383.77407734368825 252 99 108
-105.87056161685868 152.692432634224 384.4680782809993 254 99 109
-105.33767718068609 152.80846606913113 384.7923550638716 254 99 109
-102.86876044210669 152.0047398391594 382.56826807469866 235 88 98
-102.33524464960219 152.1184121700069 382.88594185123037 227 80 90
-101.8008786444013 152.23226977234256 383.2041198748877 213 77 85
-101.26566041510489 152.34631317303948 383.52280329565826 203 67 75
-91.13867406530488 140.45017341178735 353.82318160364264 168 55 60
-90.62896995690248 140.53465831129677 354.0652832913402 157 53 55
-74.28644812150596 158.3397922234934 398.2752110814606 9 0 0
-51.95508711737262 137.88701419717978 344.09669823245906 181 77 95
-51.43189251705421 137.96000958710795 344.3008667982589 175 73 92
-50.9081061105692 138.03309613251096 344.50526301929267 171 69 88
-33.62822069519153 143.4021114112186 360.8814013332549 27 72 190
-33.06993837358064 143.4850274081077 361.1143195681351 16 85 229
45.933679556421545 142.82069351634186 357.9136337464293 66 108 123
46.5341766713987 142.89411782207276 358.11359650859777 66 110 113
52.393754418802644 127.37712032240395 316.88093535409416 94 147 107
52.92362226558144 127.42256391105374 317.0054111393088 103 156 116
53.45392633051958 127.46805245293096 317.1299870657553 104 157 117
53.032067521157224 123.81317124423856 311.8626358653404 100 153 113
53.553069337785 123.853642145466 311.9789530762142 106 162 121
56.82236000699293 123.29777277057396 307.81424682405145 122 180 137
57.33745470324432 123.33688603119893 307.92354660217796 118 176 133
112.64247829671001 139.30434818722975 350.432188969205 29 68 102
113.26268713660261 139.36638199920236 350.6017561702942 28 69 104
113.88352273999787 139.42847929962718 350.7714944704944 27 68 103
111.93700780424545 125.2902441175092 315.00605898701883 0 6 5
-137.87698958451293 166.95175309320985 413.3697106863921 227 88 97
-115.6650232396166 157.1360296916882 392.42408637013887 225 92 102
-111.79536180646437 154.65839585421907 385.67652005123585 246 102 111
-111.26671066924928 154.7794259161 386.00756483884595 250 103 110
-106.80156587907483 152.9062220546786 383.3370939680834 253 100 109
-105.73922516816626 153.13856740700297 383.98167576892155 254 99 109
-52.70325555202221 138.41826031730233 345.267208512965 208 88 102
-51.95182254200136 138.12225481903096 344.00807906665125 207 87 101
-51.42874538593802 138.19537534729545 344.2121476156523 201 87 99
-49.0201856080051 138.9376728636304 346.7211263026241 200 81 90
-48.49161494484731 139.01225082946362 346.9297697725561 197 78 87
-41.31680690374256 141.9645999264421 356.98998311055936 37 8 24
-41.26164458410415 145.29728546738014 361.89284441632117 26 10 35
-41.4586532672687 147.2642141096557 368.6438041007961 25 9 34
-38.260061764329926 153.882069175591 384.2385317806564 0 0 41
-33.6301054611518 143.6479883739968 360.783885961561 18 74 195
-33.071950134837024 143.73104721574995 361.01668766962405 3 77 224
-32.513096700628616 143.81422047324105 361.24977641430513 7 81 228
-31.684383891389963 143.81009472416062 358.7643966776177 0 80 241
17.433212498457035 144.8237098341852 362.669626818237 26 68 112
47.13926788302374 150.77698524624256 376.75406205107976 71 114 126
47.77422942890101 150.86577137616675 376.9924582008679 81 123 124
45.91603796971975 143.064892521194 357.81997180542135 82 124 125
50.4136964504015 137.82955230168977 341.38058288154525 106 159 119
50.98693892213076 137.89229673583023 341.5479345460474 106 162 121
52.37774980599501 127.59680783738948 316.80874475913834 99 152 112
52.90750812106896 127.64233081966786 316.9331673282956 103 156 116
53.437702422707666 127.68789879866664 317.057689964666 103 156 116
53.01586586441427 124.03158413073105 311.7938736745263 101 154 114
53.536770978172584 124.072131578118 311.91014436767523 104 160 119
54.05808497422257 124.1127181920279 312.02650415059094 111 167 126
56.806031995074335 123.51260810762682 307.74681171474504 121 179 136
57.32102606345383 123.55179231341793 307.8560668741394 119 177 134
57.836406944914216 123.59101268576116 307.9654021012959 119 177 134
75.92559718828205 154.10630121058418 384.55659958854324 106 162 123
76.59288820207875 154.1989991489163 384.80265531887176 106 162 123
77.26106213540731 154.2918273713806 385.04903372705735 110 163 125
78.1967160002677 127.03497250924576 314.02981565873733 38 77 115
113.67750365061676 142.1922907253122 353.56969683922813 18 53 82
114.30458303953557 142.2582740342067 353.74474333763044 15 51 86
-267.0312673991121 119.55462397921671 294.8956224489934 0 1 0
-211.65569551860054 199.08332318143474 494.6848566822962 0 2 13
-210.69846986278137 199.66794475978975 496.2172323962906 0 19 37
-199.42576324647519 198.30681208413375 490.40161818742035 0 37 65
-136.74747991331995 165.24991491651593 409.89185891320506 227 88 97
-134.57718729852837 166.2691210476407 409.4461600862303 229 87 97
-134.04795743382635 166.42510879040358 409.85723438184135 234 92 102
-116.17543479248187 157.2686179075343 391.9523877843117 200 86 96
-115.6443329989882 157.39700294768886 392.3027567772172 227 96 105
-111.77589427817807 154.91572435519498 385.55993497829223 244 100 109
-110.67911039918553 155.6569852125949 384.04682595192656 248 101 108
-102.89634893939119 153.83430400077728 380.51494106066843 247 97 105
-67.2068484935657 147.57110334953688 366.7214074351308 4 4 0
-52.471039965178804 138.28435627103877 343.7156625253185 235 102 114
-51.42570897072452 138.43075679160606 344.12337330143544 223 100 108
-49.017964702997695 139.17473586794978 346.6310563607183 199 83 91
-48.48951162011193 139.2494421708177 346.83959774467894 187 74 81
-47.960450531511974 139.32424336839108 347.0483756284432 183 70 77
-41.26042165486043 145.5424579943668 361.79399296188603 19 7 31
-36.92354108386755 148.2518061457835 370.57766686227967 0 0 52
-35.85721938347687 146.42226247989532 365.8018281507426 4 38 134
-31.685573162699676 144.05387233142193 358.66780067419006 0 79 238
47.75514974477149 151.12046618495927 376.88752233391665 80 126 117
50.396759872243756 138.06306554323766 341.2954032419791 106 159 119
51.95938631547227 124.16892044466239 311.492942060513 99 155 114
52.46558162845181 124.61191105812425 311.45523767163274 103 156 116
58.290431119520115 122.4227292837134 305.21294632602314 121 177 136
61.10168176701645 122.0585936392795 304.55802768866454 107 160 122
61.61240402340247 122.09533327663989 304.6617567560296 98 151 113
62.12349633504435 122.1321056413261 304.76555921292015 97 148 111
62.6349592010604 122.16891071634683 304.86943517603686 92 143 106
78.17607592880543 127.25254134059162 313.9589181346116 31 70 104
118.06132051073932 135.19339101225512 333.66010431366624 0 20 35
-253.6506853503125 115.08103100443923 283.5550582269558 0 1 0
-253.34680322469717 115.13811869437535 283.7138313013968 0 2 1
-193.5106131832807 200.94416613725502 497.6348173193759 2 37 66
-177.59099815588218 200.2274352895625 496.0557707082243 13 41 72
-177.51174430387428 201.81084292326898 498.1579724302266 19 36 66
-139.04479800044294 168.36955170802676 416.73511716735476 225 89 97
-134.54588655217444 166.53671964842243 409.31240846185227 228 89 98
-111.75662794924249 155.1730046613613 385.44322499185495 242 98 107
-110.65784487605553 155.91224945418088 383.9312892646374 247 100 107
-102.87819580966605 154.08817570247456 380.40197527412107 248 98 106
-84.88057371823815 157.30242046856273 390.8092997258696 133 49 51
-60.0987564323427 139.5412885612547 346.1365826218783 10 5 3
-49.01584966583314 139.41181526832463 346.54093258567013 190 74 82
-48.48751316297597 139.48665010202018 346.74937225825323 178 67 73
-47.95856877937261 139.56157997279044 346.958048319847 175 64 70
-47.42901527723622 139.63660511833535 347.1669612348213 153 53 60
-43.47867593370884 151.93628804328063 375.94188855473425 27 9 30
-35.39102435378492 150.46177304062948 373.38868724164394 10 76 208
-31.68683406915081 144.29766970211432 358.5711633820094 1 78 238
-27.78030369973749 145.7567596277162 360.4393508771061 0 81 246
-26.34494372489895 147.5944343049756 364.6543951932725 0 80 245
54.01114750471812 124.95319558411839 311.73412811368263 110 166 125
54.53239698583977 124.9944189054547 311.8502355108579 113 171 130
58.274207094150235 122.63654275744179 305.1469290868947 121 179 138
61.59563843564124 122.30893629479154 304.5961020519381 99 152 114
62.1066357678629 122.34577653674891 304.6998635679125 99 150 113
62.61800343920387 122.38264951024456 304.8036985357626 97 148 111
63.1297419455283 122.41955519740107 304.9076070717174 94 140 103
73.19703053732935 138.60598929380063 342.7725453097937 87 123 91
86.684987309461 134.81120731761206 335.2388225054245 6 34 67
92.22278919258761 141.72159827437187 350.0349226595332 0 3 26
-272.8735995966795 118.48802200826692 290.7728780635205 0 1 0
-268.9291459404254 119.46609121100119 293.42397600621626 0 2 1
-268.6443129161222 119.53667533275032 293.6154366910796 0 2 1
-268.35906172834603 119.60735655002637 293.8071818099927 0 1 0
-267.7872999194319 119.74901089347071 294.1915289817796 0 1 0
-267.50078683304764 119.81998433141653 294.38413284526416 0 1 0
-265.77278049807325 120.24788254749662 295.5458366178124 0 1 0
-199.18062091950125 198.8375371652242 489.7149870008078 0 35 63
-198.79826330967816 199.19904831006897 490.7320669338391 0 35 65
-184.8791011602326 199.55389518848892 487.77699741110035 1 38 68
-134.5148109586682 166.80423199124468 409.1784941165347 230 91 100
-116.16650881054395 158.43572540098285 391.88865938508764 187 77 88
-110.13065917149714 156.3854838057233 384.22214392107685 249 102 109
-109.58786270506971 157.14561984080257 384.54651472933216 251 101 109
-109.05831245640152 157.26981726799596 384.8736927794246 250 100 108
-108.52789560085844 157.39422092998876 385.2014047051169 253 100 109
-104.77644090824276 156.65583517278387 382.89449785463034 254 99 109
-104.24421074357542 156.77763413750668 383.21461085338325 252 102 110
-49.54145462089619 139.5740427213878 346.242652476599 199 83 89
-49.01384022954201 139.64891133897737 346.4507549919992 191 75 81
-48.48561930978243 139.72387489803717 346.6590933260259 177 68 74
-47.95679063027612 139.7989336361535 346.86766794020076 173 64 70
-47.42735295444635 139.8740877912926 347.07647929824793 154 58 64
-44.62042573655674 151.98704795437922 375.292504163134 44 19 41
-32.96397937613415 151.8346563018801 373.2745445439103 0 78 235
-32.386932166531686 151.93296537784673 373.535310756619 1 79 236
-29.52256271210064 147.28978101913626 360.6719166962992 0 78 239
-26.3386958356305 147.01972847109357 364.21060306924596 0 78 241
-25.777834595781563 147.92964301501007 364.7924556684733 0 79 242
56.7629106895483 138.5472579374727 343.48919248808096 101 157 116
62.08991212015575 122.55950110720967 304.63418302421877 103 156 118
62.60118570511154 122.59644192749506 304.7379772599847 101 154 116
63.1128299077982 122.63341548136745 304.8418450094275 97 143 106
63.624845220783165 122.67042175005966 304.94578638829614 91 137 100
-278.04866595319953 117.38899602352238 287.20015545005487 0 1 0
-267.08867682424994 121.92336520935011 298.06439726483586 0 1 0
-253.25506891068787 115.53341948450243 283.5999266174299 0 2 0
-252.64635311737695 115.64822797570582 283.9177754404693 0 2 0
-199.11661024458581 199.1414668920383 489.512970566959 0 34 63
-198.73434280203043 199.50345869226132 490.5291215928748 0 34 65
-181.93416827144247 200.05300343335563 488.33160877911683 0 35 65
-181.1467735730496 201.3186671405811 490.51469630305013 5 40 71
-134.4839598303563 167.07165826492303 409.04441759289995 230 91 100
-109.56601874093441 157.40055534238778 384.43034693236535 252 102 110
-104.75575192074173 156.9097957012252 382.7795913871937 252 99 108
-32.38648237122313 152.18358187292444 373.4290290009377 2 76 230
-31.80879273837007 152.28218819876514 373.6900057025547 0 76 236
-26.377575060553113 147.7303576088793 364.7024630374856 0 77 239
-3.225104734737097 160.9289331211151 397.58260455218954 4 23 43
-2.4782724931591993 155.13330586790724 382.326715437835 3 22 42
56.74459570711057 138.78333000920227 343.4034698400988 103 156 116
59.08346600329762 125.47561471521931 306.6512550160394 122 180 139
-275.2613958288604 118.2688843676029 288.97663664782374 0 2 1
-272.4888554247979 118.9595118274591 290.8384678246027 0 2 1
-268.8245906515518 119.87159259889474 293.29945899491145 0 1 0
-268.53984573220106 119.94242917433125 293.49071969882965 0 1 0
-268.25468337527275 120.01336316856394 293.6822640906537 0 1 0
-267.9691023434727 120.08439473728274 293.8740930795251 0 1 0
-267.6831014020037 120.15552403642901 294.06620757245963 0 2 1
-267.3966793185473 120.2267512221989 294.2586084743618 0 1 0
-267.1098348632433 120.29807645104671 294.4512966880384 0 1 0
-266.53487392982805 120.44102166510321 294.83753865153477 0 1 0
-266.24675500411627 120.51264196454103 295.03109419660245 0 2 1
-265.95820881131834 120.58436093552147 295.22494064396574 0 1 0
-265.669234133581 120.65617873584019 295.4190788861453 0 2 1
-264.5090262978981 120.94444139622797 296.1985675830714 0 2 0
-181.8754525419463 200.35576716895332 488.1327943361941 1 38 66
-135.19743739544614 169.43578118692454 411.2496761782823 233 94 103
-133.86464250788882 170.9751519696754 415.38090937913177 210 77 87
-130.05700967588 171.63224598000642 418.2572576888145 126 41 46
-129.51370614866426 171.79977438668368 418.6911193734989 126 41 46
-128.9693086056117 171.96764162211673 419.1258537592229 124 42 48
-128.4238138558347 172.1358487774245 419.56146332645346 124 42 48
-127.87721869250892 172.30439694873877 419.9979505683213 125 43 49
-127.3295198927832 172.47328723722836 420.4353179906966 125 43 49
-109.54437303730073 157.65544343437304 384.3140571077092 250 100 108
-104.73525556747745 157.1637134986067 382.66456836066465 252 97 107
-98.0184455157369 155.90721208836823 382.88804108454883 139 49 51
-85.07766659535027 192.96799522951926 472.4275585499851 3 11 10
-44.26803126627593 152.69728298907123 372.4072910030892 9 20 72
-32.386105106993966 152.43421042244694 373.32270408605154 2 76 228
-31.808556142472884 152.53296984076795 373.58354196646144 1 78 231
-31.230221603171795 152.6318743617938 373.8447300571639 2 79 232
-27.5147611383146 147.8002500249968 364.125295761962 0 75 230
-26.947577782994284 147.88871666376124 364.3634853082198 0 75 230
-26.37967155347675 147.97730688092793 364.60197406494007 0 75 232
-25.811040802796462 148.066020980497 364.8407627047897 0 75 232
-24.640032480466573 150.31628679793425 365.4890945779243 0 77 232
-24.068861762399347 150.40864881641173 365.7291533993378 0 77 232
-23.496958827987708 150.50114008593874 365.9695154780419 0 77 232
-21.167605320991143 150.69788419879598 366.35511486043833 0 71 218
-20.5928694746012 150.79060504175217 366.59571366694405 0 66 201
-20.017395211469378 150.88345601452076 366.8366170472471 0 63 198
13.865178157835496 146.91649467948312 360.6123607067686 0 3 17
53.10653802663279 128.47849537015952 312.055796702484 111 164 124
53.62817309318597 128.5234089157519 312.17273138841654 108 164 123
55.61400808640186 127.43420907453911 309.2534544108664 123 181 140
89.71270062908891 142.17409655167046 349.0761684129943 0 6 32
90.3196499264342 142.2400965920701 349.24872746715545 0 6 24
90.92722709856162 142.30616906338477 349.4214636255168 0 6 24
135.75878613596754 162.19027440201782 392.57907420586696 0 8 19
136.47822852718068 162.2891697102153 392.82528818775785 0 8 19
137.1985986618789 162.3881915759686 393.07182003820844 0 8 17
137.91989806640782 162.48734009793245 393.31867032169544 0 7 16
138.64212826549843 162.58661537403142 393.5658396023366 0 8 12
139.36529078224183 162.68601750145925 393.8133284438797 0 6 10
140.0893871380672 162.78554657667934 394.0611374096938 0 5 8
140.81441885271826 162.88520269542448 394.30926706276017 0 5 8
-286.18475621333556 115.7286110952506 281.5485987804904 0 1 0
-285.9240409434313 115.7936432996436 281.7236299232573 0 1 0
-285.6629941775823 115.85876351157452 281.8988808856648 0 1 0
-285.40161446003447 115.92397187630031 282.07435275683457 0 1 0
-285.13990033968946 115.98926853917095 282.2500466221207 0 1 0
-284.87785037004767 116.05465364563098 282.4259635631507 0 1 0
-284.61546310915577 116.12012734122173 282.60210465787 0 1 0
-284.352737119551 116.18568977158284 282.7784709805829 0 1 0
-284.089670968211 116.25134108245437 282.9550636019931 0 1 0
-283.82626322650043 116.31708141967891 283.131883589245 0 1 0
-277.67038213931085 117.8540175812533 287.26390045001347 0 1 0
-277.3983582287299 117.92193860575152 287.4464887400751 0 1 0
-277.1259583048717 117.98995234198999 287.62933002085754 0 1 0
-276.8531810378371 118.05805893921477 287.81242527883364 0 1 0
-181.81699476398666 200.65832515614264 487.9337058093661 3 38 69
-135.35459952477495 170.23622143764734 411.7077371150375 229 90 99
-134.52956226154308 170.35777203787376 413.2451243047524 229 90 99
-133.99669244317906 170.5220130560045 413.6677913264509 215 84 93
-130.0262327325964 171.90377486648327 418.1164654088523 126 41 48
-129.4830802613937 172.07153274924985 418.5500322510981 128 43 50
-128.93883422409536 172.23962984717537 418.98447110386354 124 45 50
-128.39349143213474 172.40806725238986 419.4197844446732 124 45 50
-127.8470486810286 172.57684606203813 419.85597476369355 124 45 50
-127.29950275028887 172.74596737830433 420.2930445638063 127 48 53
-126.75085040333298 172.915432308436 420.7309963606825 127 41 48
-109.52292499141346 157.91028431831063 384.1976455965416 248 98 106
-45.88326424931699 152.77914664226213 370.9250312389041 24 20 62
-42.39696358051981 152.27833058848475 371.6092975583508 1 31 106
-31.639234900640307 151.3739262027876 371.33195092009476 0 71 221
-31.06409910361677 151.470144523845 371.58803751998715 0 72 222
-24.0692595939418 150.65415249103648 365.62738458253983 0 73 225
-21.742496380773474 150.8509825285962 366.0128769378863 0 70 216
-21.168636334651442 150.94371389006204 366.2530463900862 0 70 216
-20.594039844129973 151.03657522771158 366.4935195224189 0 66 198
-20.018705216605092 151.12956685688366 366.734297025984 0 64 196
-19.442630753532985 151.2226890934227 366.97537959455514 0 64 184
0.002879716167714468 159.61549186583966 386.43830753806634 16 38 62
41.33133100796301 154.05590570236862 373.22770316460776 99 142 136
51.390921819119725 125.29686666119379 304.9152590969153 110 163 123
52.47991546819462 127.52644331077828 308.36239289508103 111 164 124
53.61330717804905 128.7392038900862 312.1018117150535 109 165 124
57.126833456350404 127.91572393188396 309.36698693413825 124 182 141
57.64512598248187 127.95917619563006 309.4790235251616 125 183 142
89.08136046612499 142.346723781875 348.81514864194014 0 7 25
90.29433688390118 142.4788584698385 349.15992520427574 0 8 22
122.22606672564218 160.59268486752336 387.848275322008 0 5 5
109.41551860588588 142.4873199533468 343.67020808236356 0 5 9
124.33441305776401 160.8829834328901 388.56962934779995 0 7 14
129.99641942444376 161.66261373612858 390.50682956471724 0 9 18
131.42102184223756 161.8587761823612 390.9942427216317 0 8 17
134.99858880570534 162.3513875057162 392.21827308813295 0 8 17
135.71686774823652 162.4502886224779 392.46402610633436 0 9 15
136.43607210559588 162.54931625758093 392.7100960897347 0 9 15
137.1562034024937 162.64847050998475 392.95648360205087 0 8 12
137.87726316204882 162.74775147791865 393.20318920664926 0 8 12
138.59925290576416 162.84715925888167 393.4502134665354 0 8 11
139.32217415350493 162.9466939496424 393.6975569443462 0 7 10
140.0460284234729 163.04635564623854 393.94522020233916 0 8 8
140.77081723218475 163.1461444439781 394.1932038023844 0 7 7
-160.57553096247563 189.42107285386376 456.8358534775069 98 67 95
-139.7573147756965 171.7859806764846 414.8291686239769 220 89 100
-140.37168027561998 174.10385473675646 418.70263141436624 217 86 97
-139.0776993051014 171.5298163902598 416.75032773386664 220 85 95
-135.321223977995 170.50362476844634 411.5715123504336 227 88 97
-134.79098832607593 170.66759092214414 411.99005563371344 229 90 99
-130.53758714087212 172.00756539388126 417.5431080929618 130 39 46
-129.99567519550124 172.1752143931207 417.97551161057476 125 43 47
-129.45267329904038 172.34320190649194 418.40878399084215 126 44 48
-127.90842249726137 172.03713168316554 415.6550469185368 129 47 53
-127.36527407187069 172.20351373757705 416.0800744125421 130 48 54
-126.82104780113123 172.3702275677952 416.5059443433591 131 49 55
-126.27574058448214 172.53727423008036 416.93265907042985 130 48 54
-125.72934930597317 172.70465478549124 417.3602209651854 128 43 50
-104.69483842098052 157.67142172611082 382.4341738913013 252 99 108
-98.13890587491507 159.13242656690142 383.47951412427324 138 50 51
-97.59997320522284 159.2565516909324 383.7977914653131 138 50 51
-79.69468827972499 171.8218373257245 416.4424560913027 34 23 29
-53.031001700391386 151.90988332030312 366.69911953303665 200 81 88
-46.42232713811345 152.15622157524635 370.28961853735126 36 15 42
-45.98526941126783 153.3460787337227 371.67622607790196 16 37 86
-42.39413826945258 152.5277575355545 371.5034406718443 5 51 141
-24.522202262009973 150.28944926120454 363.5761537092197 0 74 219
-21.778794884585526 151.2715456618405 366.48785164353325 0 71 212
-21.16971626752271 151.18956399274626 366.15094573964933 0 70 211
-20.595257911544195 151.2825660059237 366.39129371577826 0 67 198
-20.02006169434139 151.37569847175294 366.63194586273596 0 63 194
-0.0030304458099828114 159.8718720761058 386.32428053679365 23 48 73
0.6173415987483599 159.98112698108199 386.6017649407698 0 14 36
22.126117478565206 148.56181559635124 363.4587876808147 13 56 95
30.98560843120599 148.0057426391857 357.57804677476236 0 45 86
31.57755710048147 148.0860725843039 357.7823631007735 0 43 84
40.511877809209324 152.6427395399369 371.3923829432687 97 139 140
41.31583636365742 154.30578633512528 373.12308470381817 102 144 130
51.88490559111598 125.54916327858048 304.95422428425445 114 167 127
52.98034028889222 127.78291158001313 308.40434979579766 113 169 128
54.03455756700395 127.73264936705937 308.7789693331267 115 173 132
56.10132859186749 127.9054802110339 309.22636965456513 126 184 143
57.11165192145766 128.12965480783703 309.29727500732275 126 184 143
57.62983715251258 128.1731768118561 309.409264100249 129 187 146
58.148417909881026 128.2167386185911 309.5213366414828 127 185 153
58.01032974369286 126.03370299894456 306.23352169657056 128 186 154
84.27924724079718 155.6262045171578 374.7671546079219 0 9 3
64.15561197826028 116.33413318535965 281.2848037697593 0 5 0
100.19992538513884 157.8186420395808 380.2141687681601 0 4 11
100.87370556206729 157.91148796404363 380.4446696615868 0 4 5
101.54833281787342 158.00445463048544 380.67545882000456 0 4 5
109.99133754137956 142.78409799238955 343.7417815003587 0 6 12
110.59712674084068 142.84772666331224 343.9005741632905 0 6 12
111.20349938894965 142.9114172069255 344.05951956451685 0 7 12
126.41226142125763 161.4327455206013 389.1806471455021 0 8 13
131.38081610035934 162.11803740410136 390.8801552450308 0 9 15
132.09425917002255 162.21643929105784 391.1241905743778 0 9 15
132.80861922354947 162.31496725162822 391.36853971299365 0 9 15
133.5238977900152 162.4136213879944 391.61320322509556 0 9 15
134.24009639702416 162.51240180160988 391.8581816745969 0 9 15
134.957216570685 162.6113085931991 392.1034756250971 0 8 14
135.67525983558673 162.71034186275705 392.3490856398733 0 9 13
136.39422771477498 162.80950170954898 392.59501228186997 0 9 13
137.11412172972695 162.90878823211034 392.8412561136908 0 7 10
137.83494340032786 163.00820152824616 393.0878176975871 0 7 10
138.55669424484776 163.10774169503088 393.3346975954509 0 8 8
139.27937577991793 163.20740882880926 393.5818963688043 0 9 9
140.0029895205074 163.30720302519552 393.82941457879105 0 8 8
140.72753697989995 163.40712437907337 394.07725278616635 0 9 9
141.45301966967216 163.5071729845971 394.3254115512896 0 6 5
-285.8166642598923 116.18342733856014 281.60943398826737 0 1 0
-285.55565837609095 116.24877932415201 281.78453333016176 0 1 0
-285.2943203441325 116.31421978636521 281.95985277232194 0 1 0
-285.0326487112851 116.37974887042215 282.13539340147224 0 1 0
-284.77064202944047 116.44536672164583 282.3111563005888 0 1 0
-284.2456177491223 116.57686930739949 282.6633532221445 0 1 0
-283.98259727706346 116.64275433309493 282.8397893921793 0 1 0
-283.719236008733 116.70872870829193 283.01645212745484 0 1 0
-283.45553251833826 116.77479257884433 283.19334249283696 0 1 0
-283.1914853843952 116.84094609071798 283.37046154969033 0 1 0
-282.9270931896797 116.9071893899928 283.54781035591685 0 1 0
-282.66235452117746 116.97352262286415 283.7253899659914 0 1 0
-160.52802342813328 189.70919311549855 456.664165108008 85 64 91
-139.72249341520453 172.05487263402173 414.69024386670054 217 86 97
-140.3349435765357 174.37404083198425 418.56115536137924 217 86 97
-139.0448057603797 171.8005216137318 416.60963690352077 219 84 94
-135.8171186047771 170.60707494713927 411.01768697464325 227 91 99
-135.2880722140175 170.77093841808505 411.43512388616574 227 91 99
-134.58967817084587 170.12936794372968 411.29869903542345 228 92 100
-130.50709867260818 172.27868634831347 417.4022867386563 134 43 50
-129.96533638498659 172.4465647466739 417.8343968510918 132 47 52
-128.41945145507708 172.140414279242 415.0920711808015 134 49 54
-127.8775271055386 172.30668927476657 415.51597264671136 132 50 56
-127.33452843378197 172.47329536322187 415.94071354371346 132 50 56
-126.79045235681916 172.64023359703418 416.3662962165252 132 50 56
-126.24529577637797 172.80750503340764 416.79272302176554 131 49 55
-125.69905557881741 172.97511073434697 417.21999632802 131 46 53
-108.88521394925395 159.05043648322018 386.23130788843963 249 99 107
-106.12910744776991 160.21345738334165 385.4289497558606 254 101 110
-105.42089592070322 158.68834842757093 385.00928255934593 252 99 108
-102.81208823418292 159.25677217390609 382.386620202178 237 92 106
-100.26555481757298 158.8906831808305 382.0964178992465 162 51 57
-98.65687556803736 159.26177484326425 383.0461547392949 143 46 50
-79.67939996908258 172.09303000479187 416.3049341701813 36 25 29
-53.024045294412566 152.1552502599326 366.59548835580574 193 85 93
-45.98070714021197 153.59479136133785 371.5699001199589 19 40 98
-42.391404739881345 152.7771922885515 371.397531286947 7 59 163
-21.77984757585224 151.5176525439462 366.38551419400983 0 68 205
-21.205413258511566 151.61108789164385 366.6267189510383 0 68 205
-20.59652357319553 151.5285776658775 366.2890361777237 0 66 196
-20.02146454516378 151.62185114927289 366.5295634859283 0 60 190
-9.922386420012725 142.86495136903758 343.37453290922423 0 10 62
-0.008942988037108541 160.12827412819973 386.2102428314314 18 42 70
0.6112675557497539 160.23768688986544 386.4875743884393 2 18 39
30.382219684670964 148.16666390462998 357.2783065206487 0 34 69
30.97334168641546 148.24701123986716 357.48228869903517 0 33 68
31.565148609564943 148.3274620210431 357.6865033285787 0 32 67
40.67614602946717 154.4635589655035 372.78570737015787 93 136 128
41.30043522459478 154.55570712905183 373.0184907698553 98 142 119
57.096596888591215 128.34363812263888 309.2275775052323 134 194 154
57.61467596510778 128.38722983424867 309.33951938621425 130 190 150
58.81971718027479 129.62462181058083 313.1328253058488 130 188 158
59.34557234385601 129.67022334785705 313.25060493193473 128 186 156
64.64415353663028 138.25639111779583 335.57977072806574 134 190 173
64.14104975259649 116.53169024234452 281.22823605211835 0 5 0
64.60999976907691 116.55842831576166 281.29890953285036 0 4 0
65.07920587782033 116.5851855066392 281.3696203704747 0 4 0
100.84319996743046 158.16505792932495 380.3365634887221 0 5 6
123.55559996863596 161.30176369834035 388.1038579382538 0 6 5
126.37394528185972 161.691126287988 389.06763836100595 0 8 13
129.20675365811613 162.08249355306077 390.03636218449645 0 8 13
135.63396128797152 162.9704344908853 392.2342522293403 0 7 10
136.35269423924856 163.06972643442498 392.4800361847785 0 7 10
137.0723525226865 163.16914511092656 392.7261369914992 0 6 9
137.79293765493213 163.26869061777282 392.9725552106383 0 7 10
139.2368945243273 163.46816250837495 393.4663461288979 0 8 8
140.68457694787438 163.66814287068533 393.9614134212646 0 8 6
141.40981901649303 163.76832396442958 394.20942710658403 0 7 5
142.13599699906342 163.86863245748003 394.457761563244 0 6 4
-211.05181670582456 140.99401122013745 335.40681092264543 0 2 0
-210.67387689794828 141.098872229842 335.6693808824417 0 2 0
-210.29530873680193 141.20389243032372 335.93239611030424 0 2 0
-209.91611105838484 141.30907215490504 336.195857408939 0 2 0
-209.53628269674576 141.41441173825325 336.45976558194656 0 2 0
-209.15582248394205 141.51991151638828 336.724121433848 0 2 0
-208.77472925000313 141.6255718266919 336.9889257701148 0 2 0
-208.39300182288983 141.7313930079153 337.2541793971963 0 2 0
-208.01063902845584 141.83737540018763 337.51988312254895 0 2 0
-207.62763969040893 141.94351934502498 337.78603775466456 0 2 0
-207.2440026302703 142.04982518533805 338.0526441030996 0 2 0
-206.8597266673363 142.15629326544075 338.31970297850376 0 2 0
-206.47481061863718 142.26292393105916 338.58721519264986 0 2 0
-206.08925329889811 142.36971752933923 338.8551815584629 0 2 0
-205.7030535204985 142.47667440885553 339.1236028900486 0 2 0
-205.31621009343178 142.58379491962017 339.392480002725 0 2 0
-204.92872182526483 142.69107941309048 339.6618137130505 0 2 0
-204.5405875210968 142.7985282421777 339.93160483885384 0 2 0
-204.15180598351924 142.9061417612565 340.20185419926634 0 2 0
-203.76237601257375 143.01392032617184 340.4725626147487 0 2 0
-203.37229640571198 143.1218642942489 340.7437309071245 0 2 0
-202.9815659577531 143.2299740243005 341.0153598996079 0 2 0
-202.5901834608431 143.33824987663672 341.287450416837 0 2 0
-202.1981477044125 143.4466922130726 341.560003284902 0 2 0
-201.80545747513474 143.55530139693718 341.833019331378 0 2 0
-201.41211155688393 143.66407779308184 342.10649938535494 0 2 0
-201.01810873069277 143.77302176788933 342.3804442774694 0 2 0
-200.62344777471 143.8821336892816 342.6548548399353 0 2 0
-200.22812746415778 143.99141392672902 342.9297319065754 0 2 0
-199.8321465712894 144.1008628512591 343.2050763128531 0 2 0
-202.72668960310295 206.89338344345882 498.344662397114 0 34 62
-160.4807599131826 189.99716061532015 456.4922543180371 73 59 86
-140.29843496014715 174.6441266309295 418.4195056736335 214 86 96
-137.97088423654014 173.82114820695253 417.51110542902313 227 91 99
-135.08762538055794 170.2345240224773 410.7458236153015 228 92 100
-134.55805144911352 170.3970269028838 411.16207722839107 227 91 99
-130.9860841819264 172.36258693301315 414.6656544434996 144 42 50
-109.36296060863864 160.52298677691687 385.78839967589977 252 105 112
-108.83195385027555 160.6523049519066 386.11938423023446 251 101 109
-108.99543868025835 160.76349006222762 388.84406374010746 250 100 108
-107.37878021383852 159.94878415384647 385.3598566326619 253 100 109
-106.63968681023901 160.33972425001426 384.984138357388 253 100 109
-106.10697288430613 160.4678605417825 385.3114274389676 253 100 109
-102.79059094611974 159.50937030771087 382.27122762185456 236 91 105
-100.77960211858729 159.01991517801648 381.66589766427677 192 64 72
-100.24521568760137 159.1433875138955 381.9812880126139 167 56 60
-99.70998015558202 159.26705998594588 382.2971774695276 162 51 55
-79.66426828576773 172.36417791797646 416.16731092888034 34 23 27
-21.780950256771433 151.7637800268404 366.2831438589968 0 64 200
-21.206651620535094 151.85735704394492 366.5242238979633 0 62 198
-20.631613410331436 151.95106554432024 366.7656098552706 0 62 192
-20.055833925722332 152.04490584709217 367.00730242733187 0 59 189
-17.720390608400564 151.94196477518864 367.36649692019137 0 50 167
-17.14432735424672 151.8848880186553 367.5957851032458 0 45 157
-10.32869252030455 139.23614155238766 337.5715475859725 0 20 71
-8.832657287764055 143.24541680305646 343.66305646362196 0 9 36
-4.910805612040552 159.6421967573456 382.21172315156787 0 15 30
-0.01485795676288002 160.38469833323606 386.09619426316294 3 35 65
27.47033008291779 148.03956120966586 356.7965625758949 0 23 53
36.31515230879559 149.38578833746868 359.2493201847358 0 22 39
40.660996128909595 154.7133849928664 372.6812587910801 93 137 124
41.28512722393341 154.80566841566946 372.9139210747741 95 139 114
39.28831814559054 141.95444273147226 339.98040875292435 82 127 97
39.85397140243775 142.0214761162824 340.1486194323446 78 125 94
85.53588810625277 156.30761000152222 375.0044802375426 0 7 0
81.28598751287903 147.50136345261748 353.87432084972744 0 4 0
81.89819306227103 147.57519192497912 354.0580187815639 0 4 0
109.32808019610613 143.18708742422763 343.4091783562687 0 4 4
126.33591733670343 161.94954818032693 388.95472762626883 0 7 13
128.45849034137447 162.24327914905035 389.6803908748596 0 8 11
135.59297099887723 163.23056686980257 392.11952530091537 0 6 10
136.3114705670981 163.3299907954236 392.3651672224037 0 7 11
137.03089466405123 163.4295415099251 392.61112565718554 0 8 9
137.75124480313715 163.52921911026738 392.85740116527575 0 8 9
138.47252249614004 163.62902369268065 393.1039943063285 0 6 7
139.19472925320605 163.72895535266545 393.3509056396289 0 6 7
139.91786658282027 163.82901418499233 393.59813572408365 0 6 5
140.64193599178304 163.92920028370193 393.8456851182111 0 6 5
-159.89587659298383 190.51575370571516 456.8985076228574 94 58 79
-137.9362764163994 174.091095835505 417.36986279005447 227 93 100
-109.3403094757238 160.77767692643633 385.6703143309141 251 105 112
-108.80944115026841 160.90717866544523 386.00109731712433 254 104 112
-106.61760572348818 160.59389999616985 384.8666961226585 251 101 109
-106.08503045634495 160.72221775861215 385.19378692676537 251 101 109
-102.83897200273096 160.76793169180516 384.72479697755506 226 81 95
-78.01191262539547 173.95514411929372 418.09780278975427 16 22 24
-77.41170412182507 174.1126435112856 418.4966671538985 9 21 27
-76.81038504779043 174.27044254176485 418.8962649587721 8 20 26
-18.303072467204142 151.94536159669295 367.00974332173644 0 47 173
-17.725391976330055 152.03873595864772 367.2511638710068 0 44 170
-17.146966132652242 152.13224193475088 367.49289133784083 0 45 165
-16.567793216039604 152.22587984203335 367.73492642508467 0 54 174
40.645937532535044 154.96325176111137 372.57683356355017 90 134 119
40.94193860975457 155.15441679984744 369.67860090391093 95 139 114
51.39618667174244 128.29335351383236 307.86334871822623 101 154 114
85.51017711915449 156.55833160753792 374.89934386983276 0 7 0
136.27055558993467 163.59029515067692 392.25040482200683 0 8 11
136.98974704004684 163.6899777875145 392.49622153578196 0 9 9
137.70986372578488 163.7897873644167 392.74235498430403 0 8 8
138.43090715568138 163.88972397719402 392.98880572610494 0 7 5
139.152878836631 163.98978772092644 393.23557431934614 0 7 5
140.59961297094182 164.1902969779318 393.7300672908969 0 6 4
-224.14265116850444 137.7628638018567 326.0811221026647 0 2 0
-223.78672889650267 137.8624971272441 326.32788802332664 0 2 0
-223.43021974799453 137.96227882301613 326.5750700004604 0 2 0
-223.07312260401872 138.06220918021725 326.82266882263815 0 2 0
-222.71543634492144 138.1622884909496 327.0706852784136 0 2 0
-222.35715985032598 138.2625170483807 327.3191201563447 0 2 0
-221.9982919991007 138.3628951467518 327.56797424501644 0 2 0
-221.63883166932754 138.4634230813853 327.81724833306254 0 2 0
-221.27877773827043 138.5641011486922 328.0669432091887 0 2 0
-220.91812908234317 138.6649296461807 328.317059662196 0 2 0
-220.55688457707666 138.76590887246357 328.5675984810023 0 2 0
-220.19504309708768 138.8670391272662 328.818560454667 0 2 0
-219.83260351604483 138.96832071143442 329.06994637241434 0 2 0
-219.46956470663625 139.06975392694235 329.32175702365464 0 2 0
-219.1059255405373 139.17133907690075 329.5739931980119 0 2 0
-218.7416848883758 139.2730764655643 329.8266556853441 0 2 0
-218.37684161970012 139.37496639834018 330.0797452757694 0 2 0
-218.01139460294374 139.4770091817954 330.3332627596888 0 2 0
-217.64534270539303 139.57920512366564 330.58720892781184 0 2 0
-217.2786847931524 139.68155453286278 330.84158457118036 0 2 0
-216.91141973111 139.78405771948266 331.09639048119334 0 2 0
-216.5435463829032 139.88671499481364 331.3516274496316 0 2 0
-216.17506361088402 139.98952667134463 331.60729626868334 0 2 0
-215.80597027608422 140.0924930627727 331.86339773096825 0 2 0
-215.43626523818017 140.19561448401174 332.1199326295646 0 2 0
-215.0659473554575 140.29889125120025 332.3769017580323 0 2 0
-214.6950154847758 140.40232368170956 332.63430591044073 0 2 0
-214.3234684815324 140.5059120941519 332.89214588139373 0 2 0
-213.95130519962717 140.60965680838902 333.15042246605566 0 2 0
-213.578524491426 140.71355814553934 333.40913646017674 0 2 0
-213.2051252077244 140.81761642798722 333.668288660121 0 2 0
-212.83110619771136 140.9218319793906 333.92787986289085 0 2 0
-212.45646630893242 141.0262051246894 334.18791086615516 0 2 0
-212.0812043872532 141.13073619011345 334.4483824682758 0 2 0
-211.70531927682154 141.2354255031915 334.7092954683337 0 2 0
-211.32880982003107 141.34027339275866 334.9706506661572 0 2 0
-210.95167485748323 141.44528018896483 335.2324488623482 0 2 0
-210.57391322794933 141.55044622328327 335.4946908583089 0 2 0
-210.19552376833423 141.65577182851914 335.7573774562726 0 2 0
-209.81650531363636 141.76125733881682 336.02050945932757 0 2 0
-209.43685669691033 141.86690308966925 336.284087671447 0 2 0
-209.0565767492295 141.97270941792615 336.54811289751694 0 2 0
-208.6756642996455 142.0786766618015 336.8125859433631 0 2 0
-208.29411817515108 142.18480516088312 337.0775076157813 0 2 0
-207.91193720064047 142.29109525614007 337.3428787225641 0 2 0
-207.52912019887003 142.39754728993174 337.6087000725302 0 2 0
-207.14566599041916 142.50416160601597 337.8749724755527 0 2 0
-206.76157339365162 142.61093854955715 338.1416967425892 0 2 0
-206.37684122467402 142.71787846713505 338.40887368570895 0 2 0
-205.99146829729818 142.8249817067536 338.67650411812417 0 2 0
-205.60545342299898 142.93224861784844 338.94458885421756 0 2 0
-205.21879541087577 143.03967955129625 339.21312870957297 0 2 0
-204.8314930676107 143.14727485942228 339.4821245010035 0 2 0
-204.44354519742987 143.25503489601024 339.7515770465844 0 2 0
-204.0549506020606 143.36296001630924 340.0214871656792 0 2 0
-203.6657080806921 143.47105057704368 340.2918556789724 0 2 0
-203.27581642993326 143.5793069364206 340.56268340849806 0 2 0
-202.88527444377266 143.687729454139 340.8339711776708 0 2 0
-202.4940809135357 143.79631849139813 341.1057198113171 0 2 0
-202.1022346278443 143.90507441090608 341.3779301357039 0 2 0
-201.7097343725749 144.01399757688853 341.65060297857167 0 2 0
-201.3165789308156 144.1230883550968 341.9237391691631 0 2 0
-200.9227670828256 144.23234711281697 342.1973395382554 0 2 0
-200.5282976059913 144.34177421887816 342.4714049181908 0 2 0
-200.13316927478576 144.45137004366157 342.74593614290853 0 2 0
-199.7373808607249 144.56113495910853 343.0209340479756 0 2 0
-199.34093113232512 144.67106933872952 343.2963994706182 0 2 0
-198.94381885506036 144.78117355761287 343.57233324975414 0 2 0
-198.54604279131945 144.89144799243306 343.848736226023 0 2 0
-198.1476017003624 145.00189302145967 344.1256092418206 0 2 0
-139.67258522648942 174.7637419150698 416.5007294231984 209 88 98
-138.23353475584318 174.26809168378546 416.2128337084611 224 91 101
-137.70243486526277 174.44116228225394 416.6475759658337 227 93 100
-106.87944907531376 161.90154725206148 383.61613621667635 253 100 109
-106.59571680172631 160.84802977894392 384.749135682246 251 98 107
-103.35271790660619 160.89408842942666 384.28368002844655 239 95 106
-102.81774958855867 161.02182331392538 384.607482642113 229 85 96
-102.28191333146891 161.14976907823777 384.9318086923325 212 84 92
-81.44093529004516 177.11333671691028 425.3615484908503 27 11 18
-54.55456015008235 148.76568598643976 353.52123548737046 84 29 37
-52.450621573150954 152.9907769430759 366.53858171230496 109 47 55
-51.89665788642503 153.09032731803393 366.7932728649372 108 46 54
-23.445402971924388 153.35833304620425 364.89250468685606 0 62 194
-21.676717226207597 151.72773643046943 364.3535309664459 0 60 194
-21.105227837722346 151.82032622827688 364.59052936119116 0 58 192
-11.99379894887461 142.33365561375686 339.2787256407011 4 62 173
-11.455173728778371 142.40532955526464 339.46027992719735 6 50 138
-10.915983498424227 142.4770891530901 339.6420207370692 0 34 122
-0.009337361815897076 146.3374337703047 348.5648562396646 0 7 34
29.166879718675897 148.7292521147689 356.5847328496406 0 13 33
29.756222281049652 148.8097551478434 356.7879512042188 0 13 33
40.00794192402317 155.12073301139102 372.24030039451503 81 126 107
40.63096988077402 155.21315959125488 372.4724314068731 89 134 115
64.51178298627515 161.604688616261 386.4170618480361 105 158 118
84.83065907959379 156.7184845879326 374.57071939382723 0 9 0
85.48466121291438 156.809098531985 374.7942672468891 0 6 0
100.08007175977359 158.83267211083313 379.7826938481143 0 6 6
129.09085615328922 162.85945852367746 389.6962709447904 0 5 9
134.79479478649574 163.65139155950905 391.64534408998685 0 5 9
136.94890854042472 163.95045429702998 392.38142405563445 0 7 8
137.6687933072613 164.05039573383445 392.62741609384784 0 6 7
138.38960400866046 164.1504642590477 392.8737250862014 0 6 5
139.1113421482598 164.25065996733167 393.12035158973094 0 6 5
139.8340092280366 164.35098295261903 393.3672961610946 0 6 5
-138.19877413166805 174.53707587710943 416.0721059749149 219 88 99
-137.66781816547942 174.71037356571244 416.5065505129044 229 95 102
-108.70472835297697 161.67075490313204 385.578444047985 251 101 109
-108.1733962724598 161.80126118528364 385.9088544533502 250 100 108
-103.86550943985303 161.02005313212334 383.8433603835651 250 100 108
-103.33154468666639 161.14775730628102 384.166446283548 240 96 107
-102.79671434186555 161.2756720183106 384.49005408491945 231 87 98
-102.26101633542739 161.40379786156015 384.81418498877855 213 85 93
-51.8904084119553 153.33600283313058 366.6891260068238 67 17 23
-52.29863646258458 161.10307308865364 382.7652040383987 49 24 36
-46.17311265539206 158.21969825001514 377.8938763785009 23 52 130
-40.43010528592095 151.3814886363457 359.40087523054075 0 64 197
-39.87798754608464 151.47464200167593 359.6345622869851 0 61 194
-33.23645862737844 155.38273699700346 369.3476175701058 0 59 191
-32.66513457606548 155.48377283412248 369.6005153363755 0 57 187
-32.09304935341993 155.5849536860291 369.85374551677165 0 59 189
-23.53533810066581 152.69261555041902 365.8521798980167 0 60 192
-21.67778656945134 151.97280005338325 364.2520458090818 0 58 194
-21.106428543873083 152.06552970640087 364.48892333559246 0 58 194
-12.533717224252207 142.49227123643374 339.010361964905 6 66 181
-11.995771833657464 142.56396848632306 339.1916444612487 2 62 177
-11.45726277098081 142.6357513108039 339.37311299380127 10 53 144
-10.918188889495308 142.7076198910608 339.5547679383736 0 39 130
-10.378549039022916 142.77957440825878 339.7366096721197 0 23 86
-1.1312262626922753 146.41648232037844 348.08129859360787 0 5 26
-0.5728226950131073 146.49460491098557 348.27694765787766 0 6 24
-0.013797447824562886 146.5728252975979 348.4728103928468 0 5 23
0.5458507931078319 146.6511436824771 348.668887251934 0 5 15
1.106123345570534 146.72956026786997 348.8651786899986 0 4 14
15.43065469698584 149.075735407983 356.70816638904097 0 8 22
30.33438775295774 149.13167984476925 356.8957856017522 0 13 29
42.5253448541381 162.15092880501183 383.990333140709 88 132 109
43.17086301719058 162.25646175726013 384.24712497777983 89 133 110
43.123670601695885 142.0281274683889 340.24721207469884 93 143 111
43.69175536110021 142.09444764692975 340.4151832573704 94 144 112
85.45933967918486 157.05991110325087 374.6892499649858 0 7 0
97.3174165690991 165.64435453320147 390.72288590080416 0 6 7
100.09541097253243 166.06985081588402 391.74059483748874 0 7 8
100.79224588859644 166.17659413322326 391.9958734060757 0 7 8
101.49001908570699 166.28348556273608 392.2514939487907 0 6 10
102.18873244299434 166.3905253102953 392.5074571868725 0 5 9
126.2235523534118 162.72506412509077 388.6165783210719 0 9 9
126.92951095627107 162.8232420154262 388.85774730102173 0 8 11
134.75495064996898 163.91151373041484 391.5310729522614 0 7 10
137.62803243547364 164.3110445670694 392.5125839233394 0 7 6
138.34861193763905 164.41124488707106 392.75875181383645 0 7 6
139.07011806530969 164.51157244099147 393.0052368757878 0 6 5
-223.32528022906257 138.40303052098926 326.41086595830933 0 2 0
-222.96834333960604 138.50325352836498 326.6581592614815 0 2 0
-222.61081789208035 138.6036258463118 326.9058695165563 0 2 0
-222.25270276488928 138.70414776870436 327.15399751272605 0 2 0
-221.89399683568504 138.80481959049405 327.4025440392062 0 2 0
-221.5346989813342 138.90564160771692 327.65150988525755 0 2 0
-221.17480807788874 139.0066141175016 327.90089584020876 0 2 0
-220.81432300055215 139.10773741807722 328.15070269347956 0 2 0
-220.4532426236484 139.2090118087809 328.40093123460224 0 2 0
-220.0915658205892 139.31043759006576 328.65158225324654 0 2 0
-219.72929146384172 139.41201506350953 328.9026565392414 0 2 0
-219.36641842489615 139.5137445318211 329.1541548825991 0 2 0
-219.00294557423183 139.61562629884972 329.40607807353916 0 2 0
-218.6388717812854 139.71766066959208 329.6584269025102 0 2 0
-218.27419591441608 139.81984795020082 329.91120216021625 0 2 0
-217.90891684087418 139.92218844799243 330.1644046376398 0 2 0
-217.54303342676488 140.0246824714548 330.418035126065 0 2 0
-217.1765445370164 140.12733033025592 330.672094417104 0 2 0
-216.8094490353444 140.2301323352514 330.92658330271956 0 2 0
-216.44174578421902 140.33308879849258 331.18150257525116 0 2 0
-216.0734336448285 140.43620003323488 331.4368530274386 0 2 0
-215.70451147704688 140.5394663539458 331.69263545244877 0 2 0
-215.33497813939678 140.64288807631274 331.9488506438995 0 2 0
-214.9648324890157 140.7464655172511 332.20549939588403 0 2 0
-214.5940733816202 140.85019899491328 332.4625825030001 0 2 0
-214.22269967146988 140.9540888286952 332.72010076037077 0 2 0
-213.8507102113326 141.05813533924638 332.9780549636742 0 2 0
-213.47810385244827 141.16233884847645 333.2364459091675 0 2 0
-213.10487944449233 141.26669967956434 333.495274393714 0 2 0
-212.7310358355399 141.37121815696634 333.7545412148091 0 2 0
-212.35657187202835 141.47589460642365 334.0142471706059 0 2 0
-211.98148639872218 141.58072935497165 334.2743930599437 0 2 0
-211.6057782586749 141.68572273094725 334.53497968237326 0 2 0
-211.2294462931921 141.79087506399762 334.79600783818364 0 2 0
-210.85248934179472 141.8961866850887 335.0574783284311 0 2 0
-210.47490624218082 142.00165792651265 335.3193919549641 0 2 0
-210.09669583018882 142.10728912189708 335.58174952045243 0 2 0
-209.71785693975846 142.21308060621246 335.8445518284128 0 2 0
-209.33838840289425 142.31903271578167 336.1077996832398 0 2 0
-208.95828904962596 142.4251457882868 336.3714938902294 0 2 0
-208.5775577079705 142.53142016277894 336.635635255611 0 2 0
-208.19619320389407 142.6378561796856 336.9002245865731 0 2 0
-207.81419436127263 142.7444541808195 337.1652626912927 0 2 0
-207.43156000185297 142.85121450938695 337.43075037896307 0 2 0
-207.04828894521427 142.958137509996 337.6966884598235 0 2 0
-206.6643800087276 143.06522352866526 337.9630777451861 0 2 0
-206.27983200751777 143.17247291283206 338.229919047467 0 2 0
-205.89464375442267 143.27988601136093 338.49721318021346 0 2 0
-205.50881405995378 143.38746317455204 338.76496095813445 0 2 0
-205.12234173225596 143.49520475414985 339.03316319712883 0 2 0
-204.73522557706767 143.60311110335127 339.30182071431557 0 2 0
-204.34746439768008 143.71118257681437 339.5709343280634 0 2 0
-203.95905699489674 143.8194195306669 339.8405048580197 0 2 0
-203.57000216699333 143.92782232251477 340.1105331251421 0 2 0
-203.18029870967584 144.0363913114506 340.3810199517265 0 2 0
-202.78994541604018 144.14512685806193 340.65196616143817 0 2 0
-202.3989410765306 144.25402932444018 340.92337257934264 0 2 0
-202.0072844788985 144.36309907418934 341.1952400319345 0 2 0
-201.61497440816143 144.47233647243402 341.467569347171 0 2 0
-201.22200964656 144.58174188582825 341.7403613544982 0 2 0
-200.8283889735173 144.69131568256427 342.0136168848865 0 2 0
-200.4341111655957 144.80105823238074 342.2873367708583 0 2 0
-200.03917499645618 144.91096990657195 342.5615218465208 0 2 0
-199.6435792368146 145.02105107799582 342.83617294759705 0 2 0
-199.2473226543997 145.13130212108297 343.111290911456 0 2 0
-198.85040401391012 145.24172341184484 343.38687657714576 0 2 0
-198.45282207697235 145.3523153278831 343.6629307854242 0 2 0
-198.0545756020969 145.4630782483977 343.93945437879114 0 2 0
-197.65566334463566 145.57401255419595 344.21644820151977 0 2 0
-197.25608405673833 145.68511862770086 344.4939130996889 0 2 0
-119.39548785382954 168.95901403992445 398.389109120191 145 57 60
-108.68224286305444 161.92508608810223 385.4599531028838 249 102 109
-108.15104787476491 162.05577569816703 385.7901627187812 249 102 109
-103.84438639939412 161.27349926784737 383.7262065076628 250 97 106
-103.31055869873134 161.40138323533603 384.0490982855245 242 98 107
-52.29045940441678 161.35611004784846 382.6506728771269 33 16 28
-46.167736059019205 158.47114216588744 377.7828429687385 24 52 137
-12.535603986673063 142.7225101469624 338.92334182244133 6 66 181
-11.997773405537684 142.79431632882228 339.1045390680597 3 63 178
-11.459379339312875 142.8662081839248 339.28592224055797 10 56 148
-10.920420642831495 142.9381858935161 339.46749171512107 0 43 135
-1.1354395672673356 146.65167787937983 347.9894275713043 0 3 20
-0.01842793516455048 145.51145972237165 345.35997218331926 0 3 19
43.155772493476114 162.5107318527497 384.1346458745519 83 124 102
43.10999029250553 142.2605243629748 340.1613426888942 73 119 91
43.677953195762385 142.32694653628488 340.32923720032363 74 120 92
126.89240837152762 163.08196272768006 388.74508819827895 0 8 9
127.59905153085838 163.18039714025278 388.9864299114263 0 7 8
134.7154088575516 164.17167716540354 391.4169053911606 0 6 7
136.14965179694818 164.37145168722046 391.90675131481066 0 6 5
137.58758000182942 164.57173420761342 392.39785790550644 0 6 5
138.30792982869679 164.67206620503728 392.6438853395305 0 7 6
139.02920546853383 164.77252548596104 392.8902296058296 0 6 5
-120.43187915779706 168.9170892930053 397.5213028655957 147 57 61
-119.8994679883505 169.06751917825076 397.8911241347986 150 60 64
-119.3660975008638 169.21822169595308 398.2616108287418 146 56 60
-32.2026228271553 156.5784866192625 370.957529803507 0 60 187
-11.46152338530235 143.0967004323061 339.1987075896599 10 56 148
-5.535335616387277 144.99030142371214 343.38205140823516 0 7 14
-3.887857545569674 145.21582960777204 343.94622062924884 0 4 12
-3.3375107661108285 145.2911895799392 344.13467556847473 0 5 13
-2.2350286773988204 145.44218652981786 344.5121857299121 0 5 13
-1.6828908908977354 145.51782388716398 344.70124178509104 0 4 15
43.14077917445335 162.76503992419762 384.02219627383965 54 98 75
85.40927690668866 157.56167447473035 374.47939182315554 0 7 0
93.3143284197374 158.66285204517655 377.1792194129766 0 7 6
100.73124376162811 166.69256244472365 391.76310371686816 0 7 8
-221.79064039449176 139.2463779760818 327.2365224751745 0 2 0
-221.43150549412542 139.3474941751082 327.48517961309295 0 2 0
-221.07177809303784 139.44876122935827 327.734256182394 0 2 0
-220.71145706517248 139.55017943778734 327.98375297315584 0 2 0
-220.35054128359525 139.6517491004624 328.2336707755659 0 2 0
-219.98902962046262 139.75347051857014 328.48401037994364 0 2 0
-219.6269209469892 139.85534399442457 328.7347725767644 0 2 0
-219.2642141334152 139.95736983147532 328.9859581566819 0 2 0
-218.90090804897372 140.05954833431514 329.23756791055234 0 2 0
-218.5370015618574 140.16187980868787 329.48960262945695 0 2 0
-218.17249353918632 140.26436456149725 329.74206310472715 0 2 0
-217.8073828469733 140.3670029008133 329.99495012796734 0 2 0
-217.4416683500911 140.4697951358819 330.2482644910788 0 2 0
-217.07534891223887 140.57274157713195 330.5020069862853 0 2 0
-139.24381982139678 178.0132562961859 415.1974656834349 195 90 99
-138.07119732616246 178.3020726025217 417.7415341635454 227 94 104
-123.14194725540864 167.07052261558965 391.78235631398684 152 52 57
-122.61847157088799 167.2160095468532 392.13847010058544 151 51 56
-122.09407407705027 167.3617535102037 392.49521049408594 150 54 58
-103.58772868342687 163.69868777476938 385.0962239278869 244 97 107
-103.0521187898893 163.83094997804284 385.42275187433734 231 84 94
-32.20001106654789 156.82587354566726 370.8509618393518 1 64 190
-31.62572115065788 156.92881069766148 371.1071515509975 0 54 164
-31.050658278043606 157.03189688001623 371.3636815031344 0 44 154
-30.474820643666504 157.13513246861856 371.62055247814766 0 28 115
-8.76437026970713 143.6890744863764 340.02033592204225 0 2 42
-8.272011190025987 144.84843160571123 342.3566995958715 0 6 22
-7.726502959359633 144.92317213012421 342.5434813416219 0 6 22
-4.990150788553638 145.29824134600435 343.4803465659096 0 5 11
-4.441109648433219 145.3735298384198 343.6683137583885 0 5 11
39.26897508651512 162.38590844011622 382.37668454184245 4 30 30
43.125882684183615 163.0193862732701 383.90977587550367 20 60 41
43.77175807641977 163.1255041541593 384.16649145545284 22 63 41
-130.49393488258727 128.5078298060514 300.3544731965215 0 3 0
-130.06886797754368 128.56534873264755 300.5002886372098 0 4 0
-138.03336375770547 178.5699898285787 417.5994119332273 227 94 104
-123.63429418739995 167.18070501162134 391.30358419389705 162 53 59
-123.11187418782345 167.32612584640012 391.6588474554323 151 49 55
-122.58853500353537 167.4718032483885 392.0147353843309 154 52 58
-122.06427433538441 167.61773795932052 392.3712494848512 152 55 59
-103.564942586155 163.95167691853266 384.97775790015277 245 98 108
-103.02947010303676 164.08411800256584 385.3040882054412 233 86 96
-32.19746958291459 157.07327377414876 370.7443512177028 5 61 182
-31.623315365573735 157.1763585573942 371.0004053691057 7 53 157
-30.47268707953517 157.38297609933247 371.51353452196577 0 28 107
-6.089621550826198 145.38060692146254 343.01560292690084 0 5 9
-5.5418791046602465 145.45582443311588 343.20308492222057 0 5 9
-4.993546228294511 145.53113365802943 343.39076498163564 0 5 9
-4.444621701896382 145.60653478624488 343.5786435141346 0 5 9
17.92694133180189 154.7403511228834 360.4463505923686 0 9 16
77.87799010439389 147.67266426009562 346.2768140916205 0 13 0
-142.69976995482497 180.1992657203173 419.3641055385657 91 15 35
-136.9299136437494 179.20104108119645 418.3362585373326 234 100 105
-123.60429324852345 167.43605210418093 391.18016373310417 168 55 60
-123.08200893454813 167.5816633268013 391.5352018712118 154 53 56
-122.55880575501303 167.7275313934747 391.89086424671734 153 52 55
-122.03468141237524 167.87365704657202 392.24715236215343 154 58 59
-121.50963359811323 168.0200410315821 392.6040677274822 155 59 60
-109.83689934453795 164.6672558991091 385.1119745715157 237 95 103
-108.8502770785199 165.01824870715913 386.03242409103217 244 98 105
-108.47160328981883 165.61944707205313 386.9230798069737 246 100 107
-104.82976168655223 166.0971995372875 385.08894237006456 254 101 110
-104.07680545173507 164.07222088251223 384.5335746124605 255 103 112
-103.5423425274077 164.2046215122017 384.85917770577726 247 100 110
-52.093661460189736 174.11405668066095 405.0240331757223 1 9 24
-47.58461558297302 167.44092048368404 389.46081525307807 21 32 111
-26.79743171420513 159.53912404855953 370.5235665546702 0 18 104
18.509461679144472 155.0709535712807 360.5616607596611 0 8 13
20.282394494506175 155.34275635603476 361.20803347917 0 8 17
48.641171234568986 151.6214677551328 352.3024858753373 0 38 16
51.06846309819593 133.28034363247332 311.8463620297765 22 63 39
54.07191379087224 130.718359089284 306.1451407916428 104 154 120
54.583559947991766 130.76285914112296 306.25335424067487 106 156 122
124.08888088106319 159.54613889896788 369.1006634696962 0 6 5
125.41858230458097 159.72158276862507 369.5067589540222 0 6 5
126.75129636679925 159.89742057724604 369.91377583545824 0 6 5
-142.65959754186204 180.46737768386132 419.2203193139758 83 13 31
-139.01956514625755 178.7433302148783 416.4397232690098 201 88 93
-138.48950662288138 178.92424425105807 416.8767465050925 201 88 93
-137.49743235926766 180.42921049444877 415.97205675155976 215 91 95
-136.96592187104721 180.61310340892945 416.4065948840786 220 96 100
-136.89280808455447 179.46921009881473 418.19319605270425 231 99 104
-123.57449994264316 167.69133341080834 391.0566067200332 173 62 68
-112.49483064247 167.60454611503985 387.8556267389637 165 62 73
-108.44667797714864 165.8728254973273 386.8028871163304 246 99 109
-107.91385136891745 166.01006609266724 387.1370890311949 250 100 108
-105.33725196838253 166.21204159365365 384.64343652509945 250 100 108
-104.80385146970531 166.3485615383223 384.97019309531163 254 101 110
-47.57530504172112 167.69569496279328 389.34112139689125 16 29 96
19.092440126821074 155.40195674892337 360.67700498695785 0 8 15
20.27481601904539 155.58352241122668 361.10795310386374 0 9 15
35.50288858363123 153.64308597765887 356.804279876116 4 26 27
39.8680223729508 163.25222351554459 382.29632171144794 7 38 24
54.059092181432355 130.92980768896484 306.0758282894766 90 131 105
54.57063799825826 130.9743735895999 306.1839971502111 89 133 106
78.43337562862652 148.21232709652352 346.2680995374155 0 7 0
124.71907563539853 159.8784161609702 369.2001698689352 0 7 3
125.38409453727583 159.96629324796743 369.40321936509486 0 7 5
122.36950899503431 153.49266083711913 358.8555453943261 0 8 6
127.3836702920992 160.23051567372215 370.01374988592175 0 8 6
-137.45715410564046 180.69468286463697 415.8311495634579 212 91 97
-137.03052103856777 180.564603390065 416.5774283865972 220 99 105
-135.94990900301852 178.7521940906651 415.2935629143192 235 105 111
-135.41723790207038 178.9315174864027 415.7251068216313 235 105 111
-111.48170173687443 168.53962216121968 390.86026866604664 229 97 104
-105.31139235498853 166.46318146889965 384.52477130700805 249 99 107
-103.89406082227596 166.863326200065 383.89615489517877 251 101 109
-103.36016537821452 167.00025840699038 384.22026635010803 244 102 110
-102.82540031556502 167.13741687024182 384.54490394814087 243 101 109
-102.28976354879707 167.2748022217586 384.8700689018044 228 98 104
-100.73998367540976 166.16225319779144 386.0371504146016 184 68 74
-83.3322423235659 173.04888842917313 398.29451738204074 116 48 54
-82.7619739100517 173.19704930509403 398.64421115595167 116 48 54
-82.19073717703505 173.34546828169647 398.99449508419684 115 47 53
-81.61852958134185 173.4941461112148 399.3453706753815 111 48 52
-81.0453485680799 173.64308354873674 399.6968394454044 111 48 52
-76.68635575017281 168.71585828373495 390.6086924758803 91 44 45
-33.35307420848491 157.15996689617876 363.95783679634906 4 47 154
54.046387030998886 131.14131050303692 306.00652659836425 57 98 74
54.557833606117015 131.1859422261445 306.11465114134114 56 97 73
55.06965966649627 131.23061361748978 306.2228538580713 58 99 75
93.00796229135031 155.93171815634528 359.42692587472305 0 5 5
118.73541647616248 159.33564550024724 367.2806778633801 0 6 3
123.35769618934765 159.94739326681972 368.69163924682556 0 6 5
-137.94724870997402 180.77610285703375 415.2570165300946 196 96 103
-137.5227389578702 180.64690097492544 416.0007290459452 206 95 99
-111.4548177047261 168.79438571653748 390.73700532712206 224 103 111
-103.86769462646386 167.1135140412316 383.77787981216557 251 104 114
-83.31097505292637 173.30654893206565 398.16731546002467 98 35 41
-82.74085795609311 173.45489284182054 398.5167927706092 95 34 39
-82.16977293841184 173.60349510160245 398.8668597947669 89 28 33
-81.59771745911883 173.75235646413233 399.21751803900673 84 25 30
-81.02468896574887 173.90147768498392 399.5687690171178 82 23 28
-43.38218784600411 159.68019489119985 369.536381157132 13 44 139
-33.348087592131876 157.40176551139226 363.8543804103087 0 29 121
-29.087196014481027 159.85026916559028 369.1935261935967 0 2 44
15.137205573498425 151.18959332484303 349.67453114439496 0 6 7
46.07548156496765 164.72418392611252 377.64875449389325 3 35 12
50.48424012744253 132.75576291814994 305.2194615369262 22 56 36
125.98130257634523 160.5440300561851 369.3994389811664 0 9 5
-126.00660616742907 127.96925300284035 292.190296840973 0 4 11
-125.58705364174214 128.02303410259685 292.319017570618 0 4 11
-139.77410288485441 180.77132028974623 412.6850650351748 105 40 56
-104.63505946049884 168.2469937284442 384.29895695488506 244 105 114
-104.10145549966306 168.38632376103877 384.62478708599554 246 107 116
-103.56697811545254 168.52588491286497 384.9511488399414 239 106 116
-83.85886793529606 173.41590138081315 397.6913413727821 74 22 29
-83.28986632675588 173.56417071304855 398.0400149364696 73 21 28
-82.71989971741102 173.7126978946163 398.38927627965063 71 16 24
-81.00418455904293 174.15983405313696 399.4406019942315 61 9 16
-47.17793869863685 164.31013197509859 376.12122021212997 0 11 27
-43.374945552463345 159.92504709312183 369.42911463813374 1 22 107
-42.81038529227987 160.03304307181912 369.68751525052664 0 21 106
-32.77994639612154 157.74477471386092 363.9922257314784 0 10 95
-29.656221481894985 159.98901833438663 368.83566130396486 0 4 49
39.113515548825006 163.82123783869318 374.89223510421147 4 30 15
39.741105534381745 163.92517302096348 375.13127843117644 4 30 15
40.36950872003757 164.029252849647 375.3706273198978 3 30 12
40.99872692223201 164.13347760488014 375.6102824709081 2 29 11
49.72060003726777 153.66337869126778 356.0363803772693 2 33 19
50.32070175728065 153.74660373008987 356.23342537237204 4 35 21
54.04159622599096 133.29119640786132 305.9038386954588 13 52 28
54.552917460755054 133.33795097869026 306.01191693111355 13 52 28
55.06461767867019 133.38474665927723 306.1200731976772 12 51 27
79.91045262444129 154.68111257854505 355.2487267216647 0 8 0
118.67184281521963 159.82317026203293 367.07622187822517 0 7 4
125.94743357713389 160.78897538653575 369.29603117909414 0 8 7
127.27999687109921 160.9658567469138 369.7026052108074 0 8 7
-143.8133004646654 183.2759044689058 418.5763889472754 23 0 16
-105.33821322570115 167.20539352613048 384.5368143202963 232 107 116
-104.60773421639509 168.49685566074567 384.1800624819077 231 106 115
-104.0742667403315 168.6363577119001 384.50569328204995 232 107 116
-100.53174179680437 167.98073617478977 382.85918691175726 191 94 100
-47.73798570048487 164.43906634615632 375.7341437326111 0 9 20
-47.16767137449044 164.5568745857205 376.0092887532414 1 12 23
-30.22427760543645 160.12765051740655 368.47835290620327 0 6 48
-29.08843413787232 162.06079416442722 369.1922086943651 0 3 36
-26.210061195770358 162.60673705647054 370.454988578602 0 6 46
-25.63207794491919 162.71639470344482 370.70854321856444 0 9 65
-25.053320969517586 162.8262096076406 370.96243252581905 0 9 65
-24.473788469261905 162.936182156776 371.21665726915415 0 15 80
-23.893478637347393 163.04631273934748 371.4712182204159 0 15 80
16.151001079022638 146.50519271837229 335.6880652622532 0 9 9
38.47541640862921 163.96426294491786 374.54497417255874 3 29 16
39.102028918168365 164.0681837664668 374.78358337179543 3 30 12
39.729452320813074 164.1722490615422 375.02249716642325 3 30 12
51.479231338309056 133.26752292369383 305.2945353358052 23 55 34
53.00835051353556 133.40748407655454 305.61770092175203 21 53 32
53.51881044324652 133.45422002285545 305.7255777764458 17 51 29
55.05245832243131 133.59467458158883 306.0496751077507 9 43 21
55.564432083601154 133.64157501164405 306.1578635658367 6 40 18
56.07678562786918 133.68851656396376 306.2661302434061 9 43 21
56.58951948261098 133.73549923781474 306.3744752676647 6 40 18
58.130008162299134 133.87669397169918 306.69998169061034 0 37 16
59.15891177227065 133.97102935987738 306.9173800319049 0 36 20
127.24599340315498 161.21105664227818 369.59905472858645 0 9 7
127.91319966973765 161.29975084234897 369.80257505099803 0 9 7
128.5811598078233 161.3885437395751 370.0063258958686 0 9 7
-139.16617178463798 181.48132042994206 412.8331015240084 78 18 28
-104.58059472562668 168.74667019892033 384.06105395800756 205 91 103
-101.0405749134994 168.09278314303478 382.4219803030516 184 83 93
-69.89176986653119 160.1071261093181 364.92943836305005 21 10 5
-47.727674696866266 164.68565872883292 375.6223094324537 0 11 22
-47.15750181347217 164.80361698130972 375.89730057524235 0 11 22
-46.01472531585058 165.04006425853956 376.44844185786985 0 10 36
-43.76828372478631 160.02676803764464 367.67712013910966 0 11 58
-42.12114597111794 162.6962498306858 368.881843714529 0 12 85
-34.21436210433672 161.32952146843317 366.83384251224777 0 11 83
-33.64716435984698 161.43715422027466 367.08265595318306 0 9 74
-32.77059190457905 158.2287201125557 363.7848464518283 0 8 73
-31.37086734503443 161.86920954223783 368.08115695790974 0 8 51
-30.791370209451028 160.26616538449204 368.12159811635775 0 5 48
-30.219965691048436 160.3719070553613 368.37188761686247 0 4 42
-29.65571507004753 162.1948621607481 368.83346278610657 0 3 41
-25.626976411858625 162.96015099068816 370.60039790518715 0 10 66
-25.048363038097712 163.07010448580996 370.85414881914687 1 14 70
-24.468974479302755 163.18021577086094 371.1082349248801 0 15 77
17.03528872590066 160.65824677504185 366.276092790866 0 7 8
37.83854121048271 164.10721174672113 374.19829633412184 4 28 16
39.09062833588864 164.31516929538998 374.6749537843566 4 29 12
40.694280492906124 144.81648489306883 329.19759910866685 2 29 7
41.24203685164151 144.88225393756056 329.34703471509687 2 29 7
44.38504419576334 148.36584430798158 337.137960601507 2 29 7
47.20848284491539 148.72548485239392 337.9535142089687 6 34 19
47.774855728301986 148.7976524809821 338.1171025199827 11 39 24
49.43475617789616 133.2907658417855 304.794839615236 22 51 33
51.977144247194516 133.5237354056497 305.33206583527294 21 53 30
52.996726332610294 133.6172110525893 305.5474962569905 17 51 27
55.55228609431235 133.85161994103643 306.08743108092546 8 42 20
-108.01086291418787 130.87561746088204 297.4877675958986 0 7 14
-118.89673558241418 172.61603692994117 390.21657015068405 68 7 10
-104.55364036211266 168.9964375014458 383.9419317682869 172 71 83
-102.08137583340363 168.06784755176938 381.66759957586737 164 66 77
-101.54845872642005 168.20467170673103 381.98556148323314 151 61 74
-31.93448011341476 162.00322010708274 367.7243627433163 0 6 56
-27.928101914126557 162.7651244877812 369.4810985512396 0 2 26
-27.352712476510646 162.87458891458616 369.7333794251926 0 3 27
-25.621930823419273 163.2039220610742 370.49221649550566 0 10 61
-25.043459882552884 163.31401435340655 370.74582953591164 2 16 67
36.579016365512295 164.14633548153284 373.6147535927706 6 26 21
37.82755229242871 164.35397682332768 374.089944484541 3 27 13
38.45302883040229 164.45801354261775 374.3279936043234 4 28 14
39.07931347973802 164.56219466711806 374.5663460955388 3 28 11
39.70640804118986 164.66652047650535 374.80500265185003 3 28 11
40.33431431908363 164.77099125042307 375.04396396854105 3 28 9
40.96303412130216 164.87560726847863 375.2832307425135 5 30 11
42.222921547923875 165.08527615522735 375.76268345795563 7 29 11
43.4860848546106 165.29552937273164 376.24336640549825 2 29 9
40.68452596299492 145.03862124823672 329.1146983542888 2 29 7
47.763213910089995 149.02465915787712 338.0295009925212 14 40 25
51.73517989795898 146.36905660851468 332.1281834964195 27 54 36
47.90330809536129 133.36062314294782 304.4036778763865 25 52 34
48.91670237975188 133.45356795835662 304.61778913892954 25 52 32
49.42395773977164 133.5001020138915 304.7249593525256 24 51 31
51.96583830092743 133.73338902740335 305.26196135723177 22 51 29
52.47533892454075 133.7801698126222 305.369592839211 23 55 32
52.985215632839655 133.82699173423268 305.4773016457071 17 49 26
55.540259027891075 134.06171845578496 306.0170099982999 6 38 17
56.56492750718453 134.15589714029994 306.23343905862504 5 37 16
58.94694327632138 134.7576010052817 308.3945526665996 7 38 22
59.13326315787595 134.39206373283105 306.7758848661651 7 38 22
127.84561201336521 161.79049227607757 369.5954952804541 0 9 7
128.51316446347903 161.87949596962696 369.79902289007714 0 9 7
-142.89666674268622 146.22697633176762 328.8433030157473 0 3 0
-102.58732592197289 168.17963071998489 381.23266586092507 119 38 53
-102.05539748785034 168.3164013759087 381.54992758390716 120 39 54
-101.52261439662304 168.45339487502537 381.8676973536603 112 36 49
-84.90935397835429 174.14803639096593 396.48813626117976 46 8 12
-50.99534829958432 165.49742993337614 372.93478176474747 0 5 5
-47.137454686221425 165.2971019074801 375.67315444156657 0 11 22
-46.56675258623162 165.41553798810276 375.9482248212576 0 11 29
-32.497131117740615 162.1371221812263 367.36812272129254 0 8 53
-30.78734857760392 162.46267619761107 368.1176545551979 0 3 43
-30.215909624549553 162.5715021604792 368.3681519125384 0 3 36
-29.070754154836113 162.78961830787867 368.87013116874596 0 1 28
-28.497034147639784 162.89890925700158 369.1216145523384 0 1 28
-27.922550287796142 163.00835596743624 369.3734281011135 0 2 26
-27.347300813936105 163.11795882342983 369.62557256499895 0 3 27
-26.77128395824263 163.22771821000813 369.87804869695293 0 5 44
-24.459507134899177 163.6683287898661 370.8912850708379 0 16 73
-11.401175325071042 147.8479919300785 337.12067745315113 0 6 34
-10.865252771562318 147.92418752958974 337.29903058538576 0 5 33
18.222419172526223 161.34206863258677 366.5240963367939 0 5 9
21.836123770075243 161.9422489356585 367.89980509991716 0 8 13
30.484968324339416 181.4929581102468 413.04444722474557 1 13 17
31.173400641146173 181.63733998484014 413.375538685995 0 13 17
38.44196116085954 164.70494869588765 374.2195350183017 6 27 14
39.06808402844016 164.8092601183871 374.4577600614854 3 28 11
39.695016321268184 164.9137163298537 374.69628890691956 3 28 11
41.580687783559725 165.22795649248255 375.4137052054908 7 29 13
42.210875827359104 165.33299465403124 375.65345621673333 9 31 15
42.84188233899734 165.43817900142696 375.89351451664896 1 28 8
43.473709137494765 165.54350981389638 376.13388080731414 2 29 9
44.73983088843989 165.7546119506625 376.6155401771098 2 29 9
44.363450424056936 148.81880256836018 336.96371400517233 0 27 5
47.75167603740256 149.2517148181494 337.94191630501433 14 41 23
47.892913453302654 133.56982307213644 304.3339386124334 22 51 33
48.39932550858959 133.6163383499073 304.4409118280674 22 51 31
48.90610910719996 133.66289473300588 304.5479612848292 22 51 31
49.413264789088565 133.70949222871752 304.6550871103764 22 51 29
49.9207930931324 133.75613084371352 304.76228943230404 22 51 29
50.42869455710727 133.8028105840492 304.8695683781406 22 51 29
50.93696971766494 133.84953145516187 304.9769240753419 22 51 29
51.9546432693732 133.9430966083672 305.1918662332723 20 49 27
52.46404272799612 133.9899408982289 305.29945294850813 20 52 29
54.50540417774386 134.17772954085072 305.7305736828093 10 42 19
55.52835046987555 134.2718707691242 305.94660014965183 6 38 17
55.97628901937031 134.01146873000894 305.7097311766949 7 39 18
57.51273611075721 134.15188864889075 306.03302977732557 6 38 17
59.6353371174295 134.65008151174814 306.81383693950045 14 43 25
60.15042916241748 134.69754295162744 306.92259584382236 15 44 26
65.76818031311052 132.90259263029603 300.96175055712024 0 11 0
129.81654230443365 162.3035518390611 370.103018267985 0 8 7
-33.0588261028688 162.27091537046297 367.0124340553359 0 9 58
-31.921503161847234 162.48776594681755 367.51087704252393 0 4 48
-29.06498602033103 163.0325872934577 368.76269370908017 0 2 26
-28.491404201634936 163.14201659517443 369.0140416493421 0 3 27
-25.612006753797925 163.6915093638879 370.27574539925064 1 17 65
-25.033817188811238 163.80187987119595 370.52908424242673 1 17 65
18.81672573357537 161.68461686997904 366.6481648582061 0 7 8
31.97563297913188 144.4360806023209 326.5795616354754 6 26 19
39.05693966168137 165.0563658810164 374.34919544083283 3 27 13
39.68371111366602 165.16095259155398 374.5875971776613 3 27 13
42.198922354036284 165.5807539383984 375.5442534154909 3 29 14
40.11839894669499 145.417088049099 328.79983415120404 0 27 7
41.76057075944555 145.61516351864935 329.24751820014217 0 24 2
44.91597347675505 149.11739954830318 337.0391721437858 6 33 11
47.26611196943934 136.87787375824155 309.82507526271826 20 49 31
49.40267695639262 133.9189366947184 304.58522273285234 20 49 27
49.910106420253626 133.96563874666677 304.69238086951424 21 50 28
51.43463443740716 134.10599173507939 305.01431515741103 24 51 29
51.94355876479695 134.1528583573498 305.12178030294353 23 50 28
52.45285813998652 134.1997661320998 305.2293225181827 22 51 29
52.96253309333852 134.2467150620389 305.33694192994767 15 44 22
53.47258415397316 134.2937051492478 305.44463866495977 12 41 19
54.49381670721574 134.3878088006476 305.6602646110948 10 42 19
56.540818238949846 134.57651001210365 306.0924499460927 5 37 14
57.56659556698026 134.67110754965205 306.30901135241487 6 38 17
59.108118915662274 134.81331244945474 306.6344422141284 11 43 22
60.38264796153287 132.5800199755027 300.6835984858546 23 50 30
65.75480735823271 133.10903395409423 300.89340169338385 0 10 0
-81.0360148524707 176.12526776179627 393.19775221413653 31 3 2
-33.052169337374025 162.51293251509315 366.9058958249979 0 9 55
-32.484018512800255 162.62141875641035 367.15482154455196 0 7 48
-30.203886977476973 163.05690128158196 368.1537772956903 0 2 31
-29.631963425596474 163.1661582040031 368.4043331065055 0 2 31
-29.05928014056709 163.27557040606928 368.65521713897573 0 2 26
-28.485835378205625 163.38513827074073 368.9064301345917 0 3 27
-27.911627387911544 163.49486218175454 369.1579728378594 0 1 30
-28.452481012375976 169.68079993512248 384.43724274641295 2 8 37
-26.184406447079766 163.82497404185756 369.91458668392414 6 19 59
-25.029077296692968 164.0458359170236 370.42065823811356 1 17 65
41.55719692209391 165.72325416362415 375.19557951818786 7 32 23
43.44924273422657 166.03959382804047 375.9149863386462 0 26 11
-92.68256785928392 173.28848027004895 386.1441855841123 41 8 9
-89.940190355496 174.01428603903324 387.77244016557637 38 5 6
-34.179370723784956 162.538173474758 366.3026996073514 0 16 61
-33.61285027291483 162.64649160021114 366.5508459014896 0 13 55
-31.339277304156326 163.08129549626202 367.54666729348554 0 4 37
-30.197972202072663 163.29962158681337 368.0465298623463 0 1 28
-29.62618397227304 163.40901699968202 368.2969516718703 0 1 28
-29.053636311268637 163.51856783377005 368.54770148017786 0 2 26
-28.48032747703374 163.62827447216657 368.79878002756874 0 3 27
15.561624108914588 180.3504299523377 404.4320967974619 0 3 1
33.03921338558062 145.00822310691652 326.71002416874205 0 22 10
55.13867297672202 137.78939674937388 306.4852871973863 8 38 13
56.16499723240504 137.8910659621169 306.70378714734306 8 38 13
58.73752221322333 138.14600967631114 307.251431161942 21 48 26
59.769228888528644 138.24829544848993 307.4710491123522 27 54 32
121.95290742806567 164.16044670607457 364.43105536228074 0 9 2
128.52598770531452 165.06984952766115 366.3943336748628 0 8 4
-94.29059725449915 173.10449216464062 385.05314617308767 41 5 5
-93.20190454065748 173.39299570037733 385.6993377724709 39 6 5
-92.65623413640517 173.5376048340573 386.02321579504735 39 8 8
-80.29198100072269 161.0892844485141 361.25816674212854 44 13 13
-76.60187318256581 175.72524956304474 393.22168482485125 20 6 2
45.207638485083514 144.2801271501863 319.9251987515961 17 42 25
53.080238457691095 137.79430373489436 305.9771899609289 11 41 16
55.640714011769425 138.04823044391708 306.52220960940963 8 38 11
56.15395403946346 138.09914789545905 306.63145103283904 8 38 11
76.66896419869397 158.1327739194155 350.81425522794433 0 13 0
118.6630183049191 163.9480080510901 363.35522078573774 0 9 2
119.31328907057609 164.0381092209049 363.54939504881895 0 9 2
121.92152286260347 164.3994972314398 364.328230214576 0 11 3
124.54124403841789 164.76246001530018 365.1105020669751 0 10 2
128.4924981365674 165.30986068642116 366.29039913823937 0 7 3
131.14120367234972 165.67676766397747 367.08135346483954 0 7 4
183.19477104217955 216.62792609059107 484.31113688161844 0 3 0
-92.6300685375359 173.786688945044 385.90214389647616 36 8 7
-92.08365087209074 173.93170507170885 386.2263475706094 36 8 7
-87.12569638704151 175.2477313952109 389.16790920455384 33 5 4
-77.15044474870734 175.8317504184308 392.76316536933683 22 6 1
117.98355993544786 164.09652411034747 363.0591606364408 0 9 2
118.63291554765769 164.18662294653663 363.2530138395535 0 9 2
119.2829836247267 164.2768200557366 363.4470799595539 0 9 2
120.58526104415645 164.4575092214236 363.83585226271424 0 9 2
121.89039991117895 164.6385918560158 364.22548016550644 1 10 3
126.48103034693814 165.27548293771616 365.595953283014 0 10 2
128.4592833144338 165.5499148801994 366.18654472902045 0 8 4
-97.48102645422138 172.73977500194303 382.888272654906 38 6 2
-95.86324286356574 173.1696346702199 383.84785810539495 39 6 5
-94.23760986618254 173.60161468753674 384.8120798474987 39 8 6
-87.10108942490206 175.49846571195212 389.0447482505178 31 5 3
-41.89246277362853 156.61468576485026 347.1364167634204 3 12 35
-43.35396185838702 163.87793380236977 364.11015906912627 0 9 32
20.27795387142751 151.10132838498134 332.6972441930787 0 9 9
20.82255922089467 151.1765055499719 332.8586659012389 0 10 10
21.36769736364509 151.25176577123395 333.02024185554114 0 9 9
74.8238973152619 158.3463641030774 350.08314236049546 0 23 0
79.05479209638062 158.9330914529905 351.3463189857171 0 6 0
114.7187804329582 163.88558753672243 361.9915830206374 0 6 0
115.36439093480502 163.97529134078837 362.1842703469459 0 7 1
116.01070836694444 164.06509324940487 362.37716870773266 0 8 1
119.25293361167621 164.51557558738605 363.3448375648652 0 11 3
119.90351307102101 164.60596684822914 363.53900904700635 0 10 2
120.55480625406906 164.69645644789063 363.73339386363693 0 10 2
121.20681412186256 164.7870444166782 363.9279923412197 0 11 3
126.44872023048576 165.51529283227686 365.4925109468149 0 10 2
127.10720310107676 165.60676735702035 365.6890469706184 0 11 3
128.42634225091442 165.7900123148601 366.0827700205907 0 8 0
129.0870003940538 165.88178279050177 366.27995768615204 0 7 3
129.74838548751615 165.97365195768853 366.477363203969 0 6 2
-100.66542303239636 172.1328503926435 380.864516333532 35 8 2
-100.13232739790773 172.27467538026806 381.18062139058776 35 8 2
-99.59837637427057 172.4167310295668 381.4972319151059 35 8 2
-95.83659721133472 173.41763264939385 383.72775560335043 37 7 2
-71.6541332421184 164.240399293266 361.76989563743797 19 8 3
-51.19241471418959 181.15188534743407 402.6861068246762 0 4 20
-13.270353926740807 161.92262512755383 358.27098337165114 0 7 18
-10.942477934998786 147.02461416828848 323.35346076393853 0 6 13
22.844011794370388 231.5864919401349 508.9047455061007 0 5 3
39.23282969736144 153.65146611494882 339.3646269486617 0 22 13
55.60863425464014 138.67260856037203 306.30541525043594 14 42 15
119.22313811251624 164.75437601521807 363.2426674649396 0 9 2
120.52460858904577 164.93544837646473 363.6310087524747 0 9 2
130.37719676578976 166.3060478883932 366.57095836508455 0 9 1
131.0398259742946 166.39821021174527 366.76868901143126 0 7 0
-30.532876239349612 159.08696896131693 351.3953428688367 0 5 26
-26.690080605020405 159.7698244387178 352.903314559029 0 4 28
-13.266853696950902 162.1588140944936 358.16916653587623 0 5 15
-12.699028749691598 162.26000011503135 358.3918649145078 0 5 15
22.741073050145562 230.76227421139936 506.5273460744163 0 5 3
17.016191451744934 151.09444401622778 331.5591394147748 0 5 5
26.838842880469574 152.45459576296233 334.46894893445176 0 9 12
38.66004995763791 153.7997575465589 339.1061831462882 0 21 12
44.63958359946902 145.0796920256383 319.47551856299816 19 44 27
45.17205482288436 145.1416442722855 319.60806061043274 19 44 27
46.93851887831743 138.01784789106554 304.3912940880308 14 41 19
53.281320037002224 139.2516952937583 304.3013324420275 6 36 9
74.7898282385012 158.8104687180766 349.8929628132884 0 23 0
115.30742657024672 164.45178892353465 361.9812778083639 0 8 5
117.24732303898011 164.72206327100113 362.5599715466569 0 10 2
117.89537095220655 164.81235110199245 362.75329212921866 0 10 2
123.10537650476985 165.53819319290488 364.3075118590796 0 10 0
125.72755989724388 165.90347683980536 365.0897588325549 0 10 0
130.34417075950304 166.54651924104124 366.4670101936965 0 8 0
131.006588706204 166.63877716484959 366.6646298110093 0 7 0
131.66973493769567 166.7311338242506 366.86246773313894 0 6 0
132.33361036639565 166.82358923554156 367.06052427482155 0 6 0
38.088185765498935 153.94799932517168 338.8480804957012 0 19 14
47.94291416158273 138.32609058770927 304.5352842495494 14 42 17
50.20664882364578 135.01177794234164 297.62234758441133 8 36 9
74.77303496638177 159.04259461095688 349.7979296547724 0 24 0
94.45015975594742 151.1240202338437 331.7856490941556 0 4 0
115.27931218565269 164.69010637226634 361.87988456120087 0 6 3
122.42133909537688 165.6864871138415 364.0099260426666 3 12 3
125.69625849195377 166.1433231102549 364.986657380161 1 10 1
126.35339920196101 166.2349859336743 365.1826489269341 1 10 1
130.97362742233756 166.87938749614568 366.5606510416926 0 9 1
131.6365629672967 166.97183963331503 366.75837818428437 0 8 1
132.3002269900254 167.06439051457644 366.9563236963206 0 7 0
-83.89399240301195 184.44532173968375 400.61082740127887 22 3 0
-77.35586139271564 187.34328650014888 410.5998229292386 3 3 0
-76.76460137411672 187.51736696062818 410.98126143038667 3 3 0
-15.523284146368367 162.2268872749888 357.07824726665757 0 4 19
-14.958482192694532 162.32778279040778 357.29965132091434 0 4 19
-14.392992070657003 162.42881148773628 357.521320649915 0 5 15
20.808754935784346 152.0640415297895 332.51090054257753 0 9 7
46.55154940349549 173.37329473107286 381.38660735308264 7 32 25
46.24766454806014 134.85298119492825 296.78135454762923 11 39 14
49.904398085713034 133.4545138226821 290.3235162173025 4 34 7
80.80384495635273 160.1181636065888 351.5066344993782 0 6 0
116.05970947768493 165.3875895534127 360.67573243528346 0 9 2
118.48619535344139 165.38037322709735 362.74305413945893 0 10 2
120.43554910402811 165.6526943061259 363.3242891542602 0 10 0
122.39131058585609 165.92590066132786 363.90743854016034 1 13 3
123.69872405077065 166.10853041770324 364.297272638359 0 11 1
124.35350535070148 166.1999930288505 364.4925110037675 0 11 1
126.32215875033629 166.47497208134928 365.0795152057064 0 11 1
128.29729593184365 166.75083842819964 365.66845975888566 0 10 0
128.95712014912223 166.84299114991504 365.8652072806763 0 10 2
129.61766847762735 166.9352425397998 366.06217166488864 0 9 1
130.94094112857283 167.12004139495718 366.45675228106234 0 8 0
131.6036672744442 167.2125888937436 366.6543691416488 0 9 1
132.26712117837147 167.30523512773095 366.85220412189443 0 9 1
132.93130374529858 167.3979801117583 367.05025753446614 0 7 0
-105.22948501658585 129.64953139209476 279.6985854984296 0 7 4
-85.00781062078364 184.36680480256933 399.7649252103573 22 3 0
49.741135550352595 148.71285666824062 325.9145929333274 21 49 24
48.93973182461586 138.84240770241016 304.60779342041303 8 36 9
122.3615393758082 166.16535936829757 363.8050242113753 3 12 3
123.01468925672162 166.2567203542618 363.9997276539232 3 12 3
130.90852883391142 167.3607390463322 366.35293310944087 0 8 0
132.23429193124375 167.54612326043457 366.7481651284853 0 9 1
35.6078049548001 186.1548721726676 403.3108648071173 0 7 7
35.58052723205229 151.17272466765598 330.66654880878923 0 9 0
50.25152653150761 196.04697355153345 422.9517518278126 7 27 20
48.356102842421926 137.03085897717568 295.14540197045505 8 36 9
57.31866186509302 140.4894900022502 304.86566167359337 19 49 24
74.43838983368273 160.01338927666885 348.1956941611798 0 20 0
-72.90118282172466 178.49697684997938 386.9074152378637 4 4 0
37.05250402602712 187.07848672283012 404.87757227209806 0 6 2
38.96662730474027 141.03459678588666 307.0630324470985 9 35 22
39.72434775482635 141.5253210887446 305.3643272284067 13 40 22
46.21249510480014 143.97299197248304 309.3875756199335 20 48 21
49.39906409628518 134.00590988379903 290.0407348240704 3 31 4
51.78743874485439 137.5603032082861 295.7342971034129 11 39 12
63.95687722880326 145.95997062708392 313.38329997672463 13 43 18
74.42247950625479 160.24399870260996 348.1010238627975 0 19 0
-97.81461240031621 172.83931139588685 369.9186414374818 22 6 0
-89.35613867894638 175.06226946218442 374.5783242417355 25 6 2
-89.6320258267149 176.94878481290868 380.9686014122822 24 5 1
-83.09755779452776 166.02867366581327 358.1274668127766 26 7 3
-86.67052581368074 175.76827013970103 376.0576873758379 21 5 0
-85.59053625107676 176.0522114643105 376.6525794644794 14 3 0
-83.4206257826855 176.62276185261868 377.84780215497284 14 3 0
-82.87606787837989 176.7659587033186 378.1477467615241 13 2 0
-82.33067396464261 176.90938045518237 378.4481489876897 14 3 0
-81.23737024954943 177.19690107872202 379.0503304305227 13 2 0
-80.14069883038587 177.48532857708707 379.6543547966091 13 2 0
24.15751289319939 188.90431942343196 406.91838705386584 0 6 5
34.91815307221578 186.52453602190783 402.74546098352806 0 7 10
35.592514089520485 186.66952118269327 403.05134485110193 0 7 7
36.267908945745894 186.8147390285274 403.3576925799981 0 7 7
36.944340260331536 186.96019010979262 403.66450536460684 0 6 4
48.91028448529083 134.16143345024778 289.8891087004769 3 29 3
49.39143912582745 134.2039287560768 289.9752658835669 4 30 4
52.74395377085902 139.90152686300354 301.1481915144075 8 36 9
53.733913007916144 140.53901980620392 303.9754424175236 10 38 11
54.242091848739996 140.59081202415697 304.0817141042554 11 41 14
59.72029541149256 143.89066324210256 309.6745682631655 18 51 25
70.82833055620397 159.97065718303148 346.949627677691 8 38 11
63.967181791171114 135.4937960889798 292.5844264353382 0 9 0
-100.28432936130038 174.31210328634862 374.7316920405323 19 5 0
-98.3053789573599 172.93992243014748 369.5187331757996 21 5 0
-97.78359410667306 173.0772042945138 369.8060928721034 22 6 0
-94.6363554197881 173.9053036183287 371.5393208934226 31 5 1
-88.25565921314646 175.58455358411075 375.05305261547517 23 4 0
-89.06137516383872 177.3396329061738 381.1601193814161 21 5 0
-88.51766069301115 177.48634812046183 381.47153136926767 21 5 0
-83.39314253747746 176.8646466584358 377.7305294248084 12 3 0
-75.07824615151618 188.25946165478504 405.3760646721556 5 5 0
36.936419398042496 187.21786287502326 403.53442172792273 0 7 5
48.90285607135887 134.35945901979022 289.82367838886057 2 28 2
64.68014485594496 139.2036828281213 298.0624797427817 0 11 0
65.18115094823796 139.25198557266307 298.1581469623264 0 9 0
-98.27440483808 173.17763166608168 369.4062573529143 20 4 0
-97.75274609888713 173.31505942692027 369.69344654900203 21 5 0
-100.13642010348029 179.12441364999782 381.0040669144019 24 3 0
-99.60303190357601 179.2770042494997 381.32136033152585 25 4 0
-94.07908709123889 174.2829407705206 371.71586455107837 27 6 1
-93.02233091969934 174.56138714442795 372.29761285514934 27 6 1
-92.49275408605762 174.70093126540888 372.5891440593271 28 7 2
-91.43119393820075 174.9806641985293 373.17352526102405 24 5 1
-88.76317094352642 175.68378381596693 374.6422155306068 21 5 0
-88.22713063249624 175.82506158266662 374.93728765185296 18 2 0
-89.0338737577965 177.58412286994692 381.04043221099306 19 5 0
-86.0747882970143 176.3923714757715 376.1220554950229 10 1 0
-85.53464801609076 176.53475158638778 376.4193722308801 9 2 0
-69.50339443232698 180.76291420438022 385.2423464352512 3 4 0
47.93449213225421 134.4724568874009 289.5862308036416 1 28 0
48.41486089029877 134.5149814930832 289.6722154179475 1 28 0
48.895528331984714 134.55753854586337 289.75825155800845 1 27 1
49.37649483309635 134.60012803348548 289.8443393057756 2 28 2
57.76808819146338 140.8183724094318 302.0296705588863 16 49 21
-129.37000382500128 189.5866862026599 404.9766055513713 18 7 0
-98.76435229229119 173.27793787387571 369.007093785826 17 3 0
-101.1670809397081 179.06254234627255 380.2514644996724 18 2 0
-100.63553892543605 179.21479341184406 380.56754674889794 20 4 0
-90.8701855739207 175.36058562993293 373.3513949350919 23 4 0
-88.198759668344 176.06553631718378 374.82143124820306 17 3 0
-87.66203413324043 176.20718250941312 375.1167745757713 13 4 0
-87.12449080292505 176.34904874266132 375.41256553029297 13 4 0
-86.04694323384187 176.63344367554436 376.00549425776165 10 3 0
-88.16952244362126 182.78638735789409 387.9799323281644 7 3 0
-87.61684991419084 182.94478002012752 388.30852650503635 7 3 0
-68.91402734552865 181.15801843252598 385.43147688111986 2 3 0
-64.35683046212806 182.36250342044548 387.93814228103884 0 4 0
39.336847787474866 150.01278374626963 318.1474752401303 10 34 20
40.92267032614811 150.21296019557107 318.5440741680421 9 34 15
54.6060785455124 142.7008351762677 303.40909558444986 8 39 9
59.04996756989008 135.65782363134394 291.5109011026726 0 25 0
60.66482914876359 139.22112159802137 297.16067407715497 0 24 0
101.69705321732916 155.61973936560966 329.2359532643899 0 7 0
102.84585346199573 155.76035902218663 329.5122791198071 0 8 1
103.99664474885329 155.90122178714364 329.78908411194095 0 8 1
108.04014965542628 156.39615217196484 330.76169214382406 0 8 0
108.61979770124823 156.46709867704473 330.9011194705981 0 9 1
109.19994827133073 156.53810561244643 331.04066806898726 0 11 1
111.52558494699113 156.82273687079083 331.60007808072777 0 10 0
117.37507325176564 157.5385248474142 333.00716236416184 0 9 0
117.96281514484595 157.61043317602474 333.14854715883956 0 9 0
-128.58869188017863 187.6798806815886 398.4582943650108 18 7 2
-98.7335935197654 173.51542520946785 368.89459259392646 14 3 0
-99.28049524368478 176.318405456163 375.4905281735592 20 4 0
-100.07003365132005 179.6101243697953 380.76410212469574 23 4 0
-96.64638968296171 174.06672632796506 370.04284989806735 24 5 0
-96.12262588847089 174.20507663745454 370.33099034894605 25 4 0
-88.17054572992944 176.3059779002491 374.7054837540571 13 2 0
-85.47937584489118 177.01716360681945 376.18580651119436 7 3 0
-87.58684025205208 183.19127333039648 388.18392671514783 7 3 0
-72.41166543102122 183.69728259401958 390.91805361941783 5 6 0
-68.89056922697394 181.40378441986326 385.30919978890313 3 4 0
-68.32418812140233 181.5536492053015 385.6206403173825 2 3 0
40.38812970278234 150.35813475159594 318.3309412210741 7 32 13
41.774886210303066 147.13961938905933 313.28595794358034 8 36 11
42.29544922114879 147.2013063966158 313.4095263948479 6 34 9
44.90461323317865 147.5106028632977 314.02883626022145 4 31 2
52.73261091614672 138.65701738960217 295.5790187126823 9 37 10
63.648281150993704 139.71195652969783 297.6625191400983 0 10 0
102.25008105910736 155.9074684419636 329.2881434030204 0 8 1
108.59684409437745 156.68526264781033 330.81442163063423 0 11 1
109.1768251811895 156.7563343659908 330.9538980428344 0 11 1
114.41931950029995 157.39869130186185 332.21466041975333 0 9 0
115.00434527178659 157.47036478652996 332.3553560307268 0 9 0
116.76246550139817 157.68574465455603 332.77817958534575 0 8 0
117.34952128597844 157.75765758941827 332.9193668031414 0 9 0
-103.21713103396779 178.93974044588424 378.75433219178075 13 2 0
-102.68925151243585 179.09131909093148 379.0680110166571 13 2 0
-98.7219814435544 176.7043623121179 375.6766638710435 22 3 0
-96.6162980317945 174.3047625274468 369.9295725509243 22 3 0
-96.09265927570965 174.4432599242568 370.2175425798976 23 4 0
-95.56823219509396 174.58196858887732 370.50594458084913 23 4 0
-95.04301504697604 174.7208890744625 370.7947794603083 22 6 0
-94.51700608038043 174.86002193616704 371.0840481292726 21 5 0
-91.34422502202322 175.69931034678032 372.8288213060804 16 2 0
-89.24408676218802 174.2448667272137 366.56460391262465 15 4 0
-90.93263666782842 178.66451506663637 376.00375932952454 14 3 0
-90.39695967757048 178.811478693095 376.3037337545998 15 4 0
-89.21297540039325 176.2631548132511 374.0007968923222 13 2 0
-88.14248822806294 176.54638644069482 374.5894455199687 10 3 0
-73.52556314038222 183.63277373277592 390.13882158456596 9 5 0
-72.95694787467892 183.7892535893061 390.4651216137697 9 5 0
-72.38740924485487 183.94599404279919 390.79194775983495 7 5 0
-68.30100037256582 181.79954632107794 385.49810018792965 3 4 0
20.87229738425628 146.18292874044974 309.6270924396108 0 6 7
40.382731071433284 150.5701488182769 318.2501241816664 5 30 9
52.724881436844775 138.8576166042198 295.5103152150485 7 36 6
63.13869590291543 139.86525975749845 297.4976226764927 0 11 0
63.638253576719876 139.9136503282881 297.5929373695929 0 10 0
64.13814706090014 139.96207779320193 297.688314677177 0 9 0
104.39770440642727 159.2698060205511 337.9016580189065 0 7 0
105.58339404107252 159.42224481143208 338.2065081567917 0 7 0
106.83768019942521 156.69042541152305 330.3102817196185 0 10 0
109.15392394456174 156.974608596114 330.86717464324255 0 11 1
113.8105325563986 157.54586843291935 331.9867841562513 0 10 0
114.39487866994864 157.61754635485084 332.1272840940714 0 10 0
114.97973068412003 157.68928422640252 332.2679064440518 0 10 0
-126.40436715053362 188.91812022900126 399.7227099473046 27 11 6
-103.71050284655377 179.03004649774587 378.322259255588 12 1 0
-103.18359644082953 179.18153667095044 378.6352454942788 10 1 0
-102.65584462828798 179.3332719599531 378.9487326809083 10 1 0
-99.19218418440306 173.85269039103667 368.38364407061454 11 2 0
-96.73839002474703 177.30106253334125 372.6190687609749 20 6 0
-96.21181657302631 177.44567368739757 372.913860820303 20 6 0
-95.01346393098369 174.9593308794541 370.68089530142726 17 6 0
-94.09520130318882 181.794920664537 384.0335839943422 13 2 0
-90.27956326032619 182.8923915670658 386.2998362257062 8 4 0
-89.7309080732448 183.0502142881708 386.62569374634387 8 4 0
-87.46898158400126 188.93341883281573 396.05824967749663 10 6 0
-86.90594876323384 189.10536157610147 396.4079766451162 10 6 0
-84.64413095272663 189.79614154514832 397.81286931773667 11 4 0
-67.71095338187452 182.19583760069068 385.68703617271854 2 3 0
-67.14307666939263 182.34649855368056 385.99907315230826 2 3 0
38.94213516342606 154.3092149258087 323.397070290902 6 28 12
46.34443949261698 138.4420664070367 294.2253241211045 0 19 0
50.259685799852235 138.82052198655688 294.97261373882174 4 25 3
52.71725979884415 139.05826895714193 295.4416180316555 7 35 8
58.64888046082355 139.63265849631725 296.5734231360292 9 37 10
86.96166880369908 137.7152284104362 292.1221954413437 0 5 0
104.50808150506414 156.62501245761223 329.66920865503624 0 9 1
113.78649458596387 157.76470380623616 331.89953007043795 0 10 0
114.37066855401517 157.83644603410397 332.0399572371831 0 10 0
114.95534787951735 157.90824818013232 332.18050667256955 0 10 0
117.29912719244909 158.19605499837323 332.7439298571954 0 9 0
-89.11950005061627 188.66784881033456 394.8831295104832 9 5 0
-87.43660168328357 189.18238264186226 395.9280826930645 10 6 0
-86.87371252021043 189.3544915129613 396.277588425483 10 6 0
-71.08261442414816 188.66123495233717 397.55353911519074 3 4 0
-68.25500723671583 182.29126914814552 385.2527928578856 3 4 0
-67.68816040585496 182.44184316402573 385.56415881643045 3 4 0
-67.12042409423559 182.5926602985015 385.87600950134356 2 3 0
-65.4118562928133 183.0465770604696 386.814481533081 0 3 0
-63.574643531996855 187.7120675342929 394.69298815423383 0 4 0
27.420341083459324 153.77251723542017 322.3272707335841 0 9 12
37.73601954542824 150.65996392295943 317.42982807579875 6 27 14
38.26235863221537 150.72670767041245 317.5613466013163 2 27 10
104.86782637450413 164.46270359394 343.06863317802436 0 8 1
101.04144524459163 156.4190800289487 328.75513118315797 0 8 1
103.91144824324998 156.77207952027422 329.4448427022925 0 7 0
112.75444208763456 165.55464843318384 345.17946242168006 0 11 1
113.36522692804617 165.63920939499585 345.3429393155469 0 10 0
113.97660397250208 165.72385107513495 345.5065752072071 0 10 0
114.58857387691644 165.80857346544184 345.67037031071163 0 10 0
115.20113729444299 165.8933765569823 345.8343248395251 0 10 0
111.43171346232559 157.69695811723193 331.25212433901277 0 10 0
113.1791869418428 157.9118375422917 331.67209207701256 0 11 1
113.7626854422086 157.98358403261523 331.8123248311553 0 11 1
114.34668833031773 158.05539045507552 331.9526795719522 0 10 0
114.93119603196827 158.12725676328907 332.0931564380086 0 10 0
120.74102252494555 166.66023408042838 347.31712466184473 0 10 0
-90.76072394088092 188.4039090579643 393.7145420870825 9 5 0
-89.64575974131637 188.74518574836696 394.4066091785478 9 5 0
-89.0868495918961 188.9162679045543 394.75352491271997 10 6 0
-88.52698413429329 189.0876470598781 395.1010307282771 9 5 0
-87.40437740199661 189.43129976304027 395.7978185131589 10 6 0
-77.12517240511737 192.5789301790947 402.1773892466551 13 4 0
-75.09142378926697 187.7478295215625 395.0290749040818 12 3 0
-30.854854858249045 173.34775298625524 361.2045033627761 0 3 15
19.354070357707368 146.62158884157992 309.0324909261393 0 7 6
37.53061238585763 162.73333252494183 338.8210126044552 0 12 3
38.93311543347265 154.73673659729477 323.2288352023361 7 29 11
112.72988073267585 165.77924362589295 345.08420622389104 0 10 0
113.34047590041573 165.86387764584617 345.2475937207228 0 10 0
113.73910430929585 158.20250922372222 331.7251681644703 0 10 0
120.71394678875573 166.88577684586414 347.2206915150395 0 9 0
116.0774630835602 158.49035017132016 332.28703124176997 0 8 0
116.66331554305506 158.5624597998138 332.42780265183086 0 8 0
117.24967393690113 158.63462908706296 332.56869659053336 0 8 0
-85.2221919295461 184.23069362939273 383.0651785426958 12 8 1
-80.55682188695026 191.76950363696452 399.89587374010966 17 8 1
-79.40712528219359 192.12202810808867 400.6091119089617 19 8 1
-78.83078070283449 192.29875798068966 400.96665368145403 18 7 0
-68.12221200158773 190.00470450880806 399.01725007271983 2 3 0
-34.72228377365381 177.97908560596633 371.6870257634269 0 4 15
-33.256850027715934 173.37809548121913 362.2608530333022 0 3 17
-32.695487570703115 173.49812497834307 362.5017995247542 0 3 17
-32.13339630578407 173.61831940782452 362.7430543519761 0 3 17
-31.57057462185335 173.73867916468424 362.984618181596 0 3 17
-31.007020901911474 173.85920464475305 363.2264916829928 0 4 17
-20.735997053017446 176.0574580120471 367.6339482020555 0 3 10
-20.158219559291968 176.18120850767352 367.8818363250614 0 3 10
23.19137137912427 153.6186988569747 321.0274811768877 0 6 7
34.14829880837339 148.63472270100254 312.5167167308111 0 9 1
36.78574139438371 154.65936068334557 322.5812678552003 4 25 12
51.37131919806092 165.43630732558418 343.85683378666124 0 15 0
62.37863971209084 146.38065726479695 305.5191835333188 0 16 0
98.71584859899203 156.57231804604626 328.03487719680226 0 6 0
101.00169840997984 156.854142201292 328.5839592294965 0 7 0
112.09573318369246 165.91925773240487 344.8258663196488 0 10 0
112.70554952404578 166.00388404641762 344.9890064198184 0 10 0
113.31595618024204 166.08859103195633 345.15230492892624 0 10 0
109.06452177210888 157.8481625913002 330.5207419626993 0 10 0
109.644171369803 157.91961689661161 330.6599831877007 0 10 0
113.13258976511872 158.34960487446577 331.4979705797743 0 10 0
113.71575037388791 158.42147948755888 331.63805979850935 0 10 0
116.63911133706982 158.78174957950014 332.34033415584435 0 8 0
117.22529802832503 158.8539826650456 332.48115563642614 0 9 0
-90.26674344679357 187.12485274503 388.83143444994397 10 3 0
-89.1627393568158 187.45646294244102 389.4978501951193 10 6 0
-85.7392372502828 184.3160275357273 382.6285712683445 12 8 1
-81.6720648446535 191.66872167578683 399.0524080970931 20 9 2
-80.52663269009199 192.0203428608365 399.7627465906174 20 9 2
-79.37722990225534 192.37320584073092 400.47553307193317 19 8 1
-78.80103291789479 192.5501052527586 400.832848263252 18 7 0
-75.32274427511905 193.61810991002426 402.98974770256825 10 6 0
-74.1552090878767 193.97665091657097 403.7137086957714 5 6 0
-36.595434891513435 172.89435772554296 360.71455773555857 0 5 13
-35.4809334653082 173.13286014306865 361.1928217031598 0 5 18
-34.922602765883006 173.25235575193727 361.43241059798163 0 5 18
-35.2810166814707 178.0866047652101 371.31092714071633 0 3 19
-33.24327175170185 173.61182487279515 362.15301275508267 0 3 19
-32.68204313781738 173.7319766530914 362.39382748888784 0 4 20
-32.40702955694208 178.7423063795837 372.62666486289675 0 3 19
-27.029423690163625 174.94263634734864 364.81903154787443 0 4 15
-20.725444753353788 176.2938993141305 367.5231550552371 0 3 12
23.19049065251867 153.83171517988967 320.94434208311407 0 6 5
36.78192655845175 154.87295438970568 322.49743423070464 3 25 9
107.3072538569572 157.85247183540397 330.01745687064243 0 9 0
-102.07060779002356 181.2008247777672 374.40893690460695 11 4 0
-92.30774331721072 184.61951447217282 381.6259989254219 10 3 0
-89.14057116331968 180.54645644302997 376.1979699905777 11 4 0
-86.80156122744404 184.24461074801798 381.8794694993023 14 7 1
-81.85366909329673 185.66376856743582 384.7169871135047 22 8 2
-81.64172986162099 191.91917935090038 398.9196393170869 20 9 2
-81.06965379060061 192.09500420696668 399.27427920227274 20 9 2
-80.496588135486 192.2711388056641 399.6295290285547 19 8 1
-79.92253027282676 192.4475840424397 399.9853903662217 19 8 1
-76.27173171791569 187.26526630859453 387.91782765088504 19 8 1
-75.70857821525598 187.42686977741533 388.2407373639515 19 8 1
-76.82230549785683 194.01170985929875 400.4942542691429 16 9 3
-34.908694206719204 173.48572856465674 361.3249224460592 0 4 20
-34.16418044801296 173.32955802851387 359.4661625757658 0 4 22
-28.720514980470295 174.81240449874286 363.979257496689 0 4 17
-25.87825577171845 175.42212330903612 365.19822338292505 0 4 17
-24.736129116536105 175.66719740177277 365.6880171537686 0 4 17
-24.163939884035955 175.78999032956736 365.93338984028867 0 4 17
-23.59099779832489 175.91295438625295 366.1790806636111 0 4 17
-23.017301164566874 176.03608997876555 366.4250903292501 0 3 16
-19.717472714483126 154.818118369803 322.12769109991734 0 3 16
-19.20843613284143 154.89680232049292 322.2821882256256 0 4 15
34.34058035065201 155.58277738676455 323.8480089780086 0 6 3
39.776003758207864 163.7491102523526 339.2209101281859 2 24 6
110.81134458558753 169.12512757464 353.0374535842428 0 9 2
104.40446055080452 157.71472423791613 329.23930885301064 0 9 0
104.97980674000361 157.78582442356313 329.37745153922924 0 8 0
112.04813020817683 166.36852894227272 344.6358110497691 0 11 1
109.60045484902825 158.35679781656668 330.48689951802373 0 11 1
110.18027750182517 158.4284403926372 330.6261209875886 0 10 0
-89.89413758089917 184.17022501572131 379.2229252919146 13 4 0
-89.6501078874928 187.78120786603083 388.91154658961636 13 4 0
-86.77036242637912 184.48643126504516 381.75772569789746 15 6 1
-86.01949450992183 187.96062802956897 386.57010726632205 16 7 2
-82.75244723850676 191.81853124838918 398.07976931480374 20 9 2
-80.46668765213721 192.52189157046666 399.4962214559735 21 7 1
-74.55135641131947 187.9960848642198 388.76209027421334 15 8 2
-75.63370941242978 194.6204620922631 401.0726902987125 11 9 1
-74.30082569857308 191.6626942347833 397.5550172066686 8 6 0
-38.78627287797874 172.88434506782187 359.5484630517555 0 6 14
-38.23250000777434 173.0031115062012 359.78597481425527 0 6 14
-37.67801504819038 173.12203925251325 360.02378776111686 0 6 17
-37.122816453521615 173.2411286936105 360.26190252803445 1 7 18
-35.45292331450684 173.59937106640913 360.97806414674983 0 4 20
-34.89485460582547 173.7191111715249 361.2173926051022 0 5 21
-32.093657593446984 174.3202741636678 362.4186235667131 0 6 23
-31.531236350137355 174.44100200895033 362.6597920952534 0 6 23
-30.968084083536226 174.5618958581308 362.90126961603875 0 6 23
-29.274224955901012 174.9255773989255 363.6275628296333 0 6 21
-28.708132378700366 175.04713923756594 363.87028303088505 0 4 19
-28.14130064013134 175.1688690710357 364.1133155938498 0 4 19
-25.29599673746758 175.7800522088617 365.3331878055072 0 5 18
-24.72469527472901 175.90279845121233 365.5781089600095 0 5 18
-24.15264301036205 176.0257155090689 365.8233473090457 0 4 17
-23.579838257913813 176.1488037885364 366.06890355405886 0 4 17
-23.00627932503668 176.2720636965028 366.3147783992576 0 3 19
-21.281060431883375 176.6428772719853 367.05432161957873 0 4 17
-20.704467735842634 176.76682777842888 367.3014779629817 0 4 17
-19.548992424032427 177.01525022674377 367.7967578589457 0 5 18
-18.970106346849477 177.13972299248863 368.0448828559586 0 5 18
-18.390452338028048 177.26437066982393 368.2933321865892 0 5 18
-17.810028652093493 177.38919367260985 368.54210658001074 0 4 17
-17.228833537662194 177.51419241547154 368.79120676817587 0 4 17
-16.64686523744102 177.6393673137995 369.04063348582156 0 4 17
-15.480602020901205 177.8902472422241 369.5404694624176 0 3 19
-12.551289079742652 178.52055900758205 370.79582563751785 0 5 16
-10.664325703246979 177.41442503884676 366.9465349564658 0 3 14
-7.823345388928979 179.53841422765933 372.82172593705087 0 3 8
45.45408862254321 164.85707388761037 340.8349073405702 0 16 0
45.3866626081896 156.47558618491428 324.59225729155094 0 15 0
105.36146423714325 165.66526092666504 342.7595855332743 0 7 0
102.4713535671852 153.5379147038481 315.2234215934202 0 10 0
-95.77250270971446 186.32942338075972 383.13997689955806 10 6 0
-93.3437273456129 185.12134316626273 380.82271661122473 11 4 0
-87.28445172377364 184.57149931890285 381.3234814239578 16 7 2
-86.73931547354528 184.72821363463427 381.6358915661729 16 7 2
-86.19331265795223 184.8851812716149 381.948795804732 16 7 2
-85.73406435066931 189.19739862622677 391.1266503127502 20 9 2
-77.21978404396216 188.0701906381516 386.31537538273426 21 7 1
-76.65958140291542 188.23245863274883 386.6349763866307 20 6 0
-74.52331122019136 188.24125811193719 388.6359851873083 15 8 2
-75.60339208662955 194.87074756803668 400.9384119580107 11 9 1
-24.141394905435746 176.26145481176846 365.713271748453 0 4 20
-23.568726401572988 176.3846675331768 365.9586938870039 0 4 20
-22.995304081191133 176.50805197528825 366.20443438582186 0 4 20
-22.421126248548116 176.63160854571646 366.4504939505727 0 4 20
-21.846191202015017 176.75533765285195 366.6968732896856 0 3 19
-21.270497234073407 176.87923970586195 366.94357311435607 0 3 19
-20.1168256744391 177.12756429004253 367.4379370789886 0 3 19
-18.96009779166686 177.37658558704746 367.93359158940456 0 4 20
-17.80029971347075 177.62630689797118 368.43054243488734 0 4 20
-17.219244990203844 177.75143109359587 368.67950580456755 0 4 20
124.91632815267624 168.61814631481982 347.89793149757634 0 6 0
-96.29301548382573 186.26965324997175 380.1948217466139 12 5 0
-96.89838610481291 188.50117792723745 387.69492889345423 14 7 1
-93.84761126679963 185.2028127030597 380.38745471005154 12 5 0
-86.7084197730761 184.9699579441027 381.51396749598047 19 8 3
40.51841175527862 156.24071319913557 323.14717664782887 0 15 0
41.59442635438244 156.38791258817727 323.42971636863894 0 15 0
97.53941141987212 165.02718665054118 340.4929734640374 0 6 0
98.1344121089616 165.11024329737708 340.65196085833804 0 6 0
-98.92010940526997 185.703609236617 378.50900237474053 15 6 0
-96.65800855609085 183.69345973328737 376.9813476089939 14 7 0
-95.18472449690165 186.83280770100765 380.7029076934259 14 7 0
-94.64766520936703 186.99517083295055 381.0183318831858 14 7 0
-82.03648710367617 189.85198229920147 388.47666554957124 23 9 3
-81.4779312783346 190.0191399419091 388.80472275878765 23 9 3
95.90005381390755 168.28216071161134 342.59567497935734 0 5 0
106.5035082620062 166.505681152938 342.7998599912704 0 9 2
119.29905014120762 168.29367707500631 346.21817610660577 0 12 0
121.76579498846266 168.63826832648647 346.87720396139457 0 10 0
-99.94220820080716 185.62145538809708 377.766657215899 18 7 0
-99.41296368216045 185.7816184380046 378.07738992021046 16 7 0
-79.36044005017224 188.15120263661058 384.66991338178735 23 7 2
-78.8042288464583 188.31286642921555 384.9869032621469 23 7 2
-98.84580316085575 186.18042241304414 378.2681343345466 19 8 0
-68.33415689638852 195.43093178812177 396.1717043440091 5 6 0
85.78494500467264 167.24589139746325 339.6587380320892 0 5 0
-100.39587673135493 185.93737919809956 377.2164973860871 22 9 0
-99.86772775317458 186.09758055380613 377.526355278178 21 8 0
-99.33873557806146 186.25803973572306 377.8367065709644 20 10 0
-98.80889823859347 186.4187574329822 378.14755236087103 21 11 0
-98.27821375842917 186.57973433733474 378.45889374960774 21 11 0
-97.74668015227154 186.74097114315964 378.7707318441954 20 10 0
-97.6144538231615 187.7531121939203 380.6342787512627 20 9 0
-94.5395345551732 187.71388912716105 380.6522539028198 19 8 0
-94.00200071876152 187.87696490816037 380.96760038598984 19 8 0
-101.80401544883752 182.7802534985856 369.0023224352754 25 9 2
-101.41228787541766 185.85529320850435 376.47852689365493 25 10 0
-100.88594372142194 186.01512895820966 376.7872120506802 24 9 0
-99.83073656375329 186.335570952817 377.40605609317794 24 9 0
-99.30186965592428 186.49617856832634 377.71621715246005 24 11 0
-98.77215791124235 186.65704484739132 378.02687236170493 24 11 0
-98.241599355447 186.81817048184814 378.3380228209551 24 11 0
-97.71019200533793 186.9795561661587 378.64966963555025 24 11 0
-97.17793386873966 187.14120259741844 378.96181391615187 24 11 0
-96.64482294446448 187.30311047536432 379.2744567787668 23 10 0
-95.57603468284802 187.62771338351192 379.9012427409343 22 9 0
21.15278057688007 145.3548053912072 292.9110364316436 0 8 5
58.478418773392576 149.88445169979556 300.6932213371266 0 9 0
58.98255678218141 149.9428602344624 300.7949409428225 0 9 0
82.2118147311619 171.13344245482602 343.12814003292044 0 4 0
-96.07491070963842 187.704266757997 379.4658652339432 24 11 0
-95.00466107013656 188.02969567447676 380.09326890238077 23 10 0
-91.26929665006992 186.09553317762482 374.7717732582825 23 9 1
-86.86127838631245 189.3072137365862 382.08217777982304 24 8 1
88.75166090922872 173.63735512886916 347.059430963183 0 4 0
89.35569389853708 173.73313840824915 347.23271006407293 0 4 0
90.5571742826655 172.65744906142066 345.3911040957703 0 5 0
95.38710182775102 173.41055928768554 346.7543713203106 0 5 0
102.4156947876805 170.36615878635783 343.9190350847032 0 7 1
-91.76674093761125 186.17515891662168 374.3546762309012 23 9 1
87.54294153200729 172.4115147240519 344.4472305132129 0 5 0
88.14134852870716 172.504905488537 344.6160986177725 0 5 0
89.33978930987112 173.95586921722355 347.1337153113889 0 5 0
90.54101081391248 172.87943232692177 345.29326473662525 0 4 0
103.00024495502673 170.678270988406 343.98753624500307 0 7 1
87.5278489539818 172.63318137736107 344.3498943335761 0 3 0
88.12607950938249 172.72664485135752 344.51867099686865 0 4 0
93.53734527943224 173.57215561681255 346.04529422788147 0 5 0
94.7465324987401 173.76110981558065 346.38642171822835 0 5 0
95.35204254810915 173.85573213660538 346.55724316631427 0 5 0
37.80071383752099 157.4633301114786 313.67086653191683 6 20 22
87.51293252892928 172.85489487921592 344.25259981434004 0 4 0
90.50923127149267 173.32353884371653 345.09771780376684 0 4 0
82.90142246356878 154.56048396588952 310.2463864759494 0 5 0
93.52064902276791 173.79459455216124 345.9470806355238 0 5 0
87.49819162009587 173.07665525854063 344.15534672252096 0 4 0
94.14193857647692 175.39659264147681 348.22655608361805 0 5 0
95.31774897339439 174.30109043442732 346.3603036640285 0 5 0
96.52987435027788 174.49091467291422 346.70208932304655 0 5 0
109.40634382935377 176.50752448872615 350.3328553280131 0 8 1
87.48362559270889 173.29846254050943 344.0581348273805 0 5 0
90.47817718748436 173.76783220796287 344.9023449743518 0 4 0
92.88467731085998 174.1450629530001 345.58076066451997 0 5 0
94.12531285691767 175.6201000618401 348.1269809178632 0 5 0
-40.95414347947767 181.8266896532845 357.5692745419379 0 6 14
-40.404905481022794 181.9566917673762 357.80487277050565 0 6 14
93.47168083018771 174.46219058075903 345.6527126899972 0 5 0
89.8515341028697 175.3896339941234 346.71346567810275 0 5 0
90.45554911316277 175.48613547924822 346.8864373355123 0 5 0
90.4478433087528 174.21231260707833 344.70714434756854 0 4 0
94.09262343216507 176.06725408707845 347.9279708032694 0 5 0
111.20366032089144 177.4730923541613 350.5554173715335 0 8 0
-39.81217246682648 182.53972296226348 357.8233071222125 0 7 15
111.18254296443584 177.69784029167832 350.4547101102428 0 9 0
-27.483030261339188 186.14020569333962 362.74856178534026 0 8 24
-29.23455021422315 159.15025491106528 307.18118547172065 0 10 24
4.5284303500762775 165.25861194813407 316.1474007754457 0 5 2
6.061611768517666 165.50997999530586 316.5658913637268 0 5 2
6.57356881577601 165.59393269571868 316.7056258253975 0 4 2
6.59173553437347 166.00335315942453 316.5335041678915 0 4 2
7.616536665697067 166.17175887285518 316.81306059798516 0 4 2
8.12961254712901 166.25608484439582 316.95301774376804 0 4 2
11.217570448437192 166.76377225421194 317.79527877172484 0 4 2
11.733821035953268 166.84867659232833 317.9360772595901 0 4 2
-52.174780979066455 188.16252856254147 355.40158287936373 4 5 1
16.1689511388845 160.08516012365178 304.5110452998509 0 4 2
-53.2205420654699 188.10690113170878 354.8190118712131 4 5 0
-53.19193577854386 188.32888153976918 354.7096074123732 5 6 0
-46.20675800345161 185.64630144997358 349.44330767159784 6 7 3
-45.67276019588073 185.77747385905295 349.66503860698356 6 7 3
-54.768785350010425 188.13487129194962 353.8937935346353 6 8 0
-54.23435564233813 188.27334717597014 354.1289458461954 5 7 0
-44.494610613374796 163.27716993624418 302.830184643832 6 7 1
-50.143874118860744 186.2423467114121 345.2319869623053 5 6 0
15.87578680108309 166.5746571700236 309.1526108498338 0 4 2
16.38808146738924 166.8539835917405 309.19449465439254 0 5 2
56.068352769699956 178.89487371123496 331.7949630814399 0 12 0
57.00288077383751 157.768023578558 290.53588463206404 0 11 0
44.28983151252226 175.60991462526079 323.974532395304 0 8 0
44.8310701141212 175.7019961628334 324.11919959325303 0 9 0
-47.42562137784654 187.5466079406377 345.99177312959205 4 4 6
-32.38786487297354 163.24215602863524 299.227449473204 1 11 16
60.22328433969001 169.05742747226316 309.48357598918955 1 13 3
60.74447987635671 169.13520949680296 309.60081212309785 2 14 4
-49.28175418453492 186.5960686051655 343.39384777406235 5 6 0
42.13467273796252 175.65410333797783 323.2154457418272 0 9 2
42.673678176311924 175.74594226570383 323.3594548627562 0 9 2
-48.91979675563932 189.1427996096316 344.04336333826103 6 8 0
38.378724569018416 175.21918578284627 322.12059960604745 0 9 2
-44.14907178063624 190.56619414484769 345.85598229650554 6 6 6
-43.08882076520097 190.83695635100813 346.2849034558411 6 6 8
49.37321797382164 168.02901401407178 306.79453852139966 0 12 0
49.88564167887466 168.1055847142675 306.9097604355316 0 12 0
62.82515887964793 170.04052441731312 309.8187060810304 0 15 4
63.34795436400801 170.11875123912446 309.93621546470797 0 15 4
97.94902639591281 185.6121079863045 337.9280822295763 0 7 0
29.516607966550673 172.52481314006985 311.8088905365319 0 8 1
43.50005219656203 180.60047857816014 326.2921140297211 0 9 0
49.8865263372737 168.30246478674655 306.8272220292907 0 11 1
54.51488962702201 168.99484186495835 307.86761777002977 0 15 1
68.5942350918444 171.10292577908166 311.0316749995853 0 12 0
97.93589044509717 185.82346245152308 337.8294154437017 0 7 0
-45.67417028669032 190.58901417120313 345.0030488792518 7 7 3
-43.55978764400636 191.12989162409693 345.8578915104811 6 6 6
17.385529050801946 180.88244917233735 328.07695969932047 0 5 2
30.577177565372452 178.46913733453147 322.6548969159205 0 8 1
40.78690905036759 180.31397595187715 325.45376095828453 0 9 1
49.887503759859634 168.49938798821515 306.74469216722974 0 11 1
60.21378283650476 170.04584688452445 309.06518782092326 2 17 3
30.584164227134007 178.67260421920489 322.5629475601527 0 9 0
30.558112902974738 173.09201311872792 311.89134267697017 0 9 0
53.48383507480144 169.23502364249998 307.4699860806481 0 15 1
-48.765077019289 190.2093559589416 343.5181659095355 9 7 0
-44.55857815140637 191.28714979475487 345.21785600489244 9 6 3
-44.029912624388444 191.42263202003338 345.4314547002608 7 6 6
-41.37698690324789 192.10259615051694 346.50327274043906 6 6 8
39.71303145980658 180.52700232729418 324.9704069838424 0 9 0
41.33761806428394 180.82121084031525 325.41546193936244 0 10 0
42.42318020676938 181.01783291154135 325.712837620352 0 10 0
63.86080173344759 170.98937632608502 309.71763983922574 2 17 3
64.38384861590222 171.06789650575968 309.835098185995 2 17 3
71.22044496516351 172.0944582125394 311.3702588567926 0 12 0
-45.056760174017825 191.3657608587819 344.89851668174947 7 6 6
-44.528854174844255 191.50116331495795 345.11174275756974 7 6 6
-44.06795657370992 192.89173305917657 345.17385545565077 6 6 6
-29.93819059853335 166.09909286640152 299.42782927765245 0 9 12
-28.58013218044119 164.20151754101752 295.0310994679404 0 9 14
39.7256223199121 177.14298672949448 316.9714332388624 0 9 0
40.252462770924076 177.23403234756645 317.1058548963119 0 9 0
42.364361986278574 177.5990558821847 317.64467328862094 0 8 0
42.8934745137652 177.69052242777397 317.7796617722173 0 8 0
71.7447883089309 172.37267591954657 311.4041124488806 0 12 0
110.98251919001224 188.9206122667487 340.92569910005165 0 8 0
123.5923335226068 186.19553443830088 334.9346758316726 0 5 0
-45.567752252642045 190.52625858734848 339.6304041761251 7 7 3
-45.61872602292124 192.6920430268557 344.428996795696 9 9 5
-43.44172726786303 191.9866667686925 345.432565738695 6 6 6
-42.91203055142795 192.12266811196844 345.6464352151039 6 6 8
-42.38169382418207 192.2588399108134 345.86055959251456 6 6 8
44.60729898816273 181.82222919869602 326.12138162131066 0 9 0
117.00762376878127 190.17219707801107 342.4352245786777 0 9 0
-46.0551717189826 190.60381935698612 339.3248552881038 7 7 3
-44.49587418146368 191.0005787940381 339.9315850682745 7 6 6
-6.596970059555307 206.2040122545565 368.2097055754868 0 9 13
40.26229360183347 177.63359114373574 316.9270638392296 0 9 0
-1.0182321956985378 171.70984595669182 306.5839815023642 0 7 5
-0.5254824752271361 171.79604606199905 306.71024988342225 0 7 5
30.833858025253505 177.29593505748082 314.73970536371536 0 7 0
35.00056824933493 178.0285945843665 315.80570504444046 0 10 0
35.523412501241175 178.12055705350534 315.9394554323435 0 10 0
51.738784377287715 183.52779823882665 327.88283317019085 0 12 0
-42.86910316791052 191.81889397140102 340.33208397091505 6 6 8
-40.25025583181555 192.48659781269384 341.35031641757377 4 7 8
-35.414806865005126 195.9724169990205 348.1854819867765 1 8 12
88.2912560350012 173.57032800292183 309.5531476993344 0 5 0
-34.937354945816196 194.04553418715662 343.29853759935764 0 7 11
40.78740927853989 179.44285700542812 317.1030307598174 0 10 0
-34.376833082232565 194.39265635667937 343.39907141896214 1 6 11
50.36352280054703 180.18452518151446 319.13739760045 0 12 1
93.37425149740626 191.7447932922489 338.9746257448787 0 6 0
45.02921299837111 180.58809146951094 318.0038567727807 0 11 1
46.233243078440175 178.1961165554179 312.5819928522864 0 11 1
99.29375630082816 193.03831415517018 340.4934440083034 0 8 0
99.28191100900449 193.24854622058731 340.3916120407913 0 6 0
35.564971669190506 179.31219295937927 315.4032955514312 0 11 1
102.85307267628546 194.11463588406116 341.26810155229845 0 7 0
103.45222084579588 194.22430085439066 341.43169916280027 0 7 0
97.51372488170811 189.42424450078983 330.6702459458778 0 8 0
47.27145148475568 184.65557013179998 319.5405004015572 0 12 1
38.28632264719852 183.7899488161975 316.8437212057978 0 11 1
44.56980318078821 186.3666128674191 315.2984302608047 0 11 0
43.949170736268194 189.10063818930598 318.1700852237702 0 12 1
47.83359378009329 182.22284832283873 306.6303189228603 0 14 3
54.03179478606616 191.10442819187435 319.32588430884005 2 17 3
58.677835685967985 198.0548368982257 330.99817979800883 1 18 4
58.70837479971167 192.00244832718911 319.80816654726397 0 15 4
53.267076283764936 184.16035274811145 304.015134888056 1 18 4
53.77560711177128 184.24966616197946 304.1279850168234 0 17 3
54.28452001045376 184.3390497033911 304.2409184964982 0 16 5
51.24307071975609 183.99037104363637 303.47791074961526 2 17 3
54.289933509102845 184.525776420326 304.15391753710946 1 16 2
51.249464114156936 184.17697584690865 303.39126682400877 1 16 2
54.31251041276011 185.27301914209218 303.806035941041 2 17 3
31.174481908648612 175.86371084842176 285.7576565413672 0 12 1
31.643242025261085 175.94005707490442 285.847043546114 0 12 1
54.31838386546553 185.45991281035273 303.71909610761156 2 17 3
92.23415852816085 186.18843546032906 305.8658390338888 0 5 0
50.27187857552339 184.93227130250787 302.7342128920267 1 14 1
61.988291392071865 186.99865565410985 305.3301533167145 3 16 1
58.40596434432243 186.55301963855177 304.4480490571122 2 17 1
61.99212624678853 187.1859921027547 305.24238087304286 4 17 2
26.287687321836835 206.3042419674603 333.66602666067377 0 9 0
36.84012533259171 209.01936863801717 336.84873720409814 0 12 1
75.57622552359997 184.71341359447982 293.4705072386004 0 12 0
63.288403819816445 182.87555513781385 291.0512000657431 4 17 2
